{
"type": "FeatureCollection",
"name": "Forest",
"crs": { "type": "name", "properties": { "name": "urn:ogc:def:crs:OGC:1.3:CRS84" } },
"features": [
{ "type": "Feature", "properties": { "id": 1, "Id": 0, "Luas": 28122.0207562 }, "geometry": { "type": "MultiPolygon", "coordinates": [ [ [ [ 112.790225991739987, -7.281448106429797 ], [ 112.790259260631089, -7.281100224808243 ], [ 112.790314456101271, -7.280397166347398 ], [ 112.790193159912903, -7.279896709149497 ], [ 112.7902333299823, -7.279877752149765 ], [ 112.790228659162196, -7.279865906783147 ], [ 112.790279211253647, -7.279843497798034 ], [ 112.790282286265594, -7.279850881694817 ], [ 112.790288254801851, -7.279807569499348 ], [ 112.790352835116622, -7.279804921841658 ], [ 112.790498567207479, -7.279729061637211 ], [ 112.790731832027461, -7.279738257189943 ], [ 112.790749817364528, -7.279755205299476 ], [ 112.790753851802606, -7.279805905003565 ], [ 112.790863094728081, -7.279901098972767 ], [ 112.790884476557608, -7.279879579003388 ], [ 112.791384864985531, -7.280357236150143 ], [ 112.79131606442877, -7.280407267174742 ], [ 112.791840412580186, -7.280975120684878 ], [ 112.791862140073349, -7.281040869298498 ], [ 112.792053064754285, -7.281240679340403 ], [ 112.79211311245534, -7.281303214123684 ], [ 112.792133318880644, -7.281372030808406 ], [ 112.792150543856778, -7.281462293823842 ], [ 112.792174309432852, -7.281655110457868 ], [ 112.790225991739987, -7.281448106429797 ] ] ] ] } },
{ "type": "Feature", "properties": { "id": 2, "Id": 0, "Luas": 12010.6545434 }, "geometry": { "type": "MultiPolygon", "coordinates": [ [ [ [ 112.790389730416379, -7.278784665235113 ], [ 112.790384216484782, -7.278813405617509 ], [ 112.790337183739666, -7.278832801698022 ], [ 112.790309389139381, -7.278831954709187 ], [ 112.790284258427832, -7.278809989514808 ], [ 112.790275619918717, -7.278795508631861 ], [ 112.790269024702994, -7.278764603598447 ], [ 112.790288825717994, -7.278632249743024 ], [ 112.790272588890062, -7.278414022504242 ], [ 112.790290358950188, -7.278404078415529 ], [ 112.790267914733178, -7.278201422944439 ], [ 112.79028520225242, -7.278191188642684 ], [ 112.790366150332162, -7.278183691822663 ], [ 112.790429328991365, -7.278183893535927 ], [ 112.790595969743805, -7.27818124790698 ], [ 112.790770605288444, -7.278190649157481 ], [ 112.790810537555359, -7.278209220460318 ], [ 112.790967930852688, -7.278282419320763 ], [ 112.791142023091894, -7.278382955554274 ], [ 112.791225267661687, -7.27843238156779 ], [ 112.791288310873739, -7.278527025977027 ], [ 112.79132497553293, -7.278582202700973 ], [ 112.791445203626765, -7.278764036086149 ], [ 112.791451828156752, -7.278774055041836 ], [ 112.791450359575251, -7.278782050674004 ], [ 112.791448525571155, -7.278795185451473 ], [ 112.791447489196727, -7.278807510869624 ], [ 112.791446179342643, -7.278823088733296 ], [ 112.791438505553856, -7.278914351760061 ], [ 112.791421260790855, -7.279119440768532 ], [ 112.79140893150803, -7.279266070866259 ], [ 112.791380360077426, -7.279268773732351 ], [ 112.791356940012463, -7.279274848285337 ], [ 112.791323448245493, -7.279314062689629 ], [ 112.79129770162848, -7.279346316372822 ], [ 112.791276974838809, -7.279464041517744 ], [ 112.791231317262316, -7.279638107913057 ], [ 112.791169371107202, -7.279724952388097 ], [ 112.791119864090703, -7.279682239319833 ], [ 112.791101895042047, -7.279694175965214 ], [ 112.791080252391296, -7.279687940496815 ], [ 112.79107078368483, -7.27967860591227 ], [ 112.790983863079205, -7.27961350590647 ], [ 112.790976575569346, -7.27958550872182 ], [ 112.790966111547121, -7.279576057679633 ], [ 112.790951127327318, -7.279574979065258 ], [ 112.790939753850097, -7.279581855454297 ], [ 112.790934424385512, -7.279592030105981 ], [ 112.790906451152807, -7.279558593742827 ], [ 112.790892653241713, -7.279534939158082 ], [ 112.790881258442823, -7.279494355205142 ], [ 112.790882804040308, -7.279478247136046 ], [ 112.790896991814549, -7.279431111566135 ], [ 112.790920710132482, -7.279384688478409 ], [ 112.790930877133974, -7.279328356140804 ], [ 112.790935120106056, -7.279263759135782 ], [ 112.790932639819744, -7.279196404831957 ], [ 112.790930599471437, -7.279177234982005 ], [ 112.790909170539038, -7.279090050540174 ], [ 112.790897515708551, -7.279060969339286 ], [ 112.79088641110269, -7.279039243182336 ], [ 112.790874120509159, -7.279017316272006 ], [ 112.790862036301561, -7.278997226381805 ], [ 112.790796164891916, -7.278915959120232 ], [ 112.79076196815528, -7.278883219015624 ], [ 112.790753058272813, -7.278872112255576 ], [ 112.790678402224586, -7.278827981362398 ], [ 112.790652887562089, -7.27881460708161 ], [ 112.790626157614142, -7.278805264771028 ], [ 112.79057483574941, -7.278789159732193 ], [ 112.790545958010199, -7.278783250220084 ], [ 112.790506580296963, -7.278775866111532 ], [ 112.790445396638532, -7.278777890407397 ], [ 112.790406166795975, -7.278780473570329 ], [ 112.790397740382659, -7.278781402383815 ], [ 112.790389730416379, -7.278784665235113 ] ] ] ] } },
{ "type": "Feature", "properties": { "id": 3, "Id": 0, "Luas": 17862.244017000001 }, "geometry": { "type": "MultiPolygon", "coordinates": [ [ [ [ 112.799197989024847, -7.285133139482619 ], [ 112.798508393234087, -7.28523348504162 ], [ 112.798509271158352, -7.28498164277709 ], [ 112.798575365069411, -7.284969983066605 ], [ 112.798686653528733, -7.284039438553533 ], [ 112.798859183712864, -7.28404736465504 ], [ 112.798864704615568, -7.283989929002664 ], [ 112.798344090391538, -7.283928843589025 ], [ 112.798349545953769, -7.283774216622291 ], [ 112.798352245733511, -7.283697696878467 ], [ 112.79835467051312, -7.283628971506136 ], [ 112.798357030510346, -7.283562082307895 ], [ 112.798359589009237, -7.283489567047623 ], [ 112.798364205198581, -7.283433636231365 ], [ 112.798370178413606, -7.283361263388633 ], [ 112.798374610404196, -7.283307564381601 ], [ 112.798378087842352, -7.283265430953711 ], [ 112.798397984111006, -7.283024363331136 ], [ 112.798766123242444, -7.283060218930265 ], [ 112.798766363604685, -7.283120502366231 ], [ 112.799209422538652, -7.283199120007794 ], [ 112.799247440577005, -7.283199411489749 ], [ 112.799217947622978, -7.28435268117945 ], [ 112.799199292263751, -7.285082177493351 ], [ 112.799197989024847, -7.285133139482619 ] ] ] ] } },
{ "type": "Feature", "properties": { "id": 4, "Id": 0, "Luas": 34191.889879900002 }, "geometry": { "type": "MultiPolygon", "coordinates": [ [ [ [ 112.780510114332188, -7.398121932488857 ], [ 112.780460369812261, -7.398754810666324 ], [ 112.78022718659399, -7.39874266520162 ], [ 112.779848274642035, -7.398722929117698 ], [ 112.779266088707288, -7.398692604624789 ], [ 112.779295706847648, -7.398258160261138 ], [ 112.77943400980152, -7.398245727529604 ], [ 112.779532186207561, -7.398117401688756 ], [ 112.77959729164543, -7.397619553456146 ], [ 112.779682702641495, -7.397054074655382 ], [ 112.779666086325847, -7.396970174288436 ], [ 112.779653674627539, -7.39690750416128 ], [ 112.779648563929868, -7.396881698814431 ], [ 112.779635740732857, -7.396816950872412 ], [ 112.779608196337065, -7.396741694330653 ], [ 112.779558367639112, -7.396620312744453 ], [ 112.779500295209814, -7.396446887519801 ], [ 112.779519015744327, -7.3960103024125 ], [ 112.780670623356073, -7.396080891958676 ], [ 112.780543247806222, -7.397821129097769 ], [ 112.780527409070928, -7.398004120761329 ], [ 112.780510114332188, -7.398121932488857 ] ] ] ] } },
{ "type": "Feature", "properties": { "id": 5, "Id": 0, "Luas": 31658.530479199999 }, "geometry": { "type": "MultiPolygon", "coordinates": [ [ [ [ 112.791510046827852, -7.285770624743659 ], [ 112.791141115863098, -7.285729216749338 ], [ 112.791125725010573, -7.285714732831546 ], [ 112.791126351808288, -7.28567951647006 ], [ 112.79112854231829, -7.285651949107729 ], [ 112.791139789781411, -7.285588366483276 ], [ 112.791163516531441, -7.285578320781372 ], [ 112.791238885619876, -7.285585440423853 ], [ 112.791228868156963, -7.285569859021396 ], [ 112.791239987906607, -7.285474125102542 ], [ 112.791289531552678, -7.285401204598793 ], [ 112.791315969160721, -7.285301582427769 ], [ 112.791306325955972, -7.285254412063511 ], [ 112.791299710253938, -7.285222050916552 ], [ 112.7912919518416, -7.285184100116434 ], [ 112.791288604212056, -7.285167724956088 ], [ 112.791284625853748, -7.285125870067792 ], [ 112.791280603237652, -7.285083549540906 ], [ 112.791234315224628, -7.28501100851723 ], [ 112.791185784009457, -7.28498165817573 ], [ 112.791165149245202, -7.284969178835915 ], [ 112.791140127829436, -7.284956810421887 ], [ 112.791121077139479, -7.284947393414398 ], [ 112.791096013676821, -7.28493500421199 ], [ 112.791063906449452, -7.28492383194359 ], [ 112.791030756979453, -7.284912297005556 ], [ 112.79097350119126, -7.284973765224692 ], [ 112.790889792488272, -7.285131028070686 ], [ 112.790782719376281, -7.285196521098023 ], [ 112.790675539850113, -7.285235221352361 ], [ 112.790594222476955, -7.285244569117219 ], [ 112.790537602974993, -7.285251077752064 ], [ 112.790495229821488, -7.28525663316042 ], [ 112.790432986209538, -7.285264793713641 ], [ 112.790371510355982, -7.285272853600235 ], [ 112.790326879550008, -7.285278704985613 ], [ 112.790227229740083, -7.285282926968645 ], [ 112.790183791003059, -7.28528160341328 ], [ 112.790128755576831, -7.285279926506871 ], [ 112.790086026535803, -7.285278624566218 ], [ 112.790052329219876, -7.285277597816549 ], [ 112.790004869712888, -7.285276151731702 ], [ 112.789954429468509, -7.285248710486996 ], [ 112.789920169394506, -7.285258376168079 ], [ 112.789999571444724, -7.284402211056634 ], [ 112.790064436442137, -7.28374666962668 ], [ 112.790109948293406, -7.283445729251045 ], [ 112.791403005970182, -7.283624215257085 ], [ 112.791392138910027, -7.283755177423009 ], [ 112.791389309843552, -7.283789271348072 ], [ 112.791387669655037, -7.283834871766774 ], [ 112.791386074950523, -7.283879207663096 ], [ 112.791382282849895, -7.283984635541134 ], [ 112.791373123859529, -7.28423927402898 ], [ 112.791369012802846, -7.284353569957125 ], [ 112.791362730798625, -7.284528223010875 ], [ 112.79142018386257, -7.28455538051015 ], [ 112.791451063015757, -7.284569976777871 ], [ 112.791475013167897, -7.284589385266593 ], [ 112.79153566840597, -7.284638538446784 ], [ 112.7915422374504, -7.284676953663963 ], [ 112.791547441847413, -7.284707388530074 ], [ 112.791554938854446, -7.284729552539511 ], [ 112.791566836209014, -7.284764725646379 ], [ 112.791572721851111, -7.284802872653808 ], [ 112.791575954204703, -7.28482382271909 ], [ 112.791578640070682, -7.284841230795654 ], [ 112.791580421811901, -7.284866411788612 ], [ 112.79158236262073, -7.284893840843691 ], [ 112.791585388846187, -7.284936609851628 ], [ 112.791586762716918, -7.284956026470363 ], [ 112.791598399346881, -7.284990428736704 ], [ 112.79160054768974, -7.285020790772653 ], [ 112.791602460677041, -7.285047826572803 ], [ 112.791616233668137, -7.285084061826484 ], [ 112.79162570354012, -7.285108976033079 ], [ 112.79163615918516, -7.285126220642653 ], [ 112.791650867286947, -7.285150478872343 ], [ 112.791660431002583, -7.285166252408792 ], [ 112.791671729331952, -7.285199654484692 ], [ 112.791683704293902, -7.285235056930926 ], [ 112.79167079047221, -7.285314362658595 ], [ 112.791646268755798, -7.285461033285019 ], [ 112.791558681383634, -7.285606828796283 ], [ 112.791532606688392, -7.285629792998533 ], [ 112.791526154491322, -7.285670071360186 ], [ 112.791518945786166, -7.285715072282644 ], [ 112.791512853601787, -7.285753103232479 ], [ 112.791510046827852, -7.285770624743659 ] ] ] ] } },
{ "type": "Feature", "properties": { "id": 10, "Id": 0, "Luas": 1427.6695221299999 }, "geometry": { "type": "MultiPolygon", "coordinates": [ [ [ [ 112.797575869555587, -7.280747050040208 ], [ 112.797584244694434, -7.280732471962666 ], [ 112.797574260039354, -7.280727918516305 ], [ 112.797559660280243, -7.280719555814867 ], [ 112.797558826555601, -7.280702717759658 ], [ 112.797569522967791, -7.280693489080279 ], [ 112.797571768011665, -7.280679700864739 ], [ 112.797560222629656, -7.280668263966159 ], [ 112.797563255660847, -7.280659831237768 ], [ 112.797586123834421, -7.280626823203774 ], [ 112.797587629677594, -7.280619927573721 ], [ 112.797593680492724, -7.280599234594272 ], [ 112.797600516245339, -7.280583131597384 ], [ 112.797605055118481, -7.280567803238982 ], [ 112.797610388076819, -7.280559361376619 ], [ 112.797618751015619, -7.280541721281376 ], [ 112.797601072495411, -7.280530308740471 ], [ 112.797600278410286, -7.280523422244348 ], [ 112.797616332169298, -7.280511875739072 ], [ 112.797621643782733, -7.280498075345179 ], [ 112.797619298117155, -7.280486601911331 ], [ 112.797615394773288, -7.280469010530523 ], [ 112.797614582393393, -7.280457531007325 ], [ 112.797615266708974, -7.28043685934055 ], [ 112.797626751101376, -7.280432986148557 ], [ 112.797632893389206, -7.280435258304977 ], [ 112.797624390190691, -7.280417685192075 ], [ 112.797617441621867, -7.280405464521259 ], [ 112.797606781805769, -7.280423879254308 ], [ 112.797596121988903, -7.28044229398729 ], [ 112.797579289392303, -7.280450781517843 ], [ 112.797567798900644, -7.280453123699754 ], [ 112.797556308408801, -7.280455465881396 ], [ 112.797556348046498, -7.280465417440516 ], [ 112.797549493998574, -7.280476927409461 ], [ 112.797540297335829, -7.280477729448218 ], [ 112.797530382814656, -7.280490782604188 ], [ 112.79752582869385, -7.280502283439516 ], [ 112.797525095590373, -7.28051070703414 ], [ 112.797521311161091, -7.280522970329592 ], [ 112.797514411376469, -7.280522997729987 ], [ 112.797511396638598, -7.280536023485499 ], [ 112.797506827272045, -7.280543696798019 ], [ 112.797498409446447, -7.280547557810039 ], [ 112.797495367267217, -7.28055369402444 ], [ 112.797481579892647, -7.280556810842867 ], [ 112.797476198148175, -7.280553004631034 ], [ 112.79746544990418, -7.280549219730017 ], [ 112.797460123040608, -7.280559192600478 ], [ 112.797443293485301, -7.280568445632175 ], [ 112.797426412098218, -7.280564685085249 ], [ 112.797401045809806, -7.280547944446678 ], [ 112.797386403376052, -7.280528864672747 ], [ 112.79737636689778, -7.280511297641801 ], [ 112.797377839207954, -7.280495981460904 ], [ 112.797385453806271, -7.280482937439905 ], [ 112.797396889422529, -7.280466816179159 ], [ 112.797425203371816, -7.280453689962423 ], [ 112.797448236188984, -7.280462019183291 ], [ 112.797467298592949, -7.280435915918336 ], [ 112.797494809307636, -7.280413606687667 ], [ 112.797503932794825, -7.280394432540414 ], [ 112.797501510910209, -7.280363821490728 ], [ 112.79752823363404, -7.280336156771857 ], [ 112.797551999548773, -7.280336062393967 ], [ 112.797572714138752, -7.280339807715594 ], [ 112.797598813520111, -7.280348124751532 ], [ 112.797609473335541, -7.280329710018986 ], [ 112.797607857725609, -7.280309047485774 ], [ 112.797614702623079, -7.280295241003256 ], [ 112.797625365486155, -7.280277591775278 ], [ 112.797623752925375, -7.280257694746728 ], [ 112.79762369804196, -7.280243915665277 ], [ 112.797628985261369, -7.28022399123573 ], [ 112.797642787869705, -7.280224701938096 ], [ 112.797649611421605, -7.280205536923979 ], [ 112.797654929130829, -7.280193267539629 ], [ 112.797674874022377, -7.280196250398078 ], [ 112.797684794632517, -7.280184728250378 ], [ 112.797702433498912, -7.280186189232538 ], [ 112.797713215275422, -7.28019839467902 ], [ 112.797739317697776, -7.280207477212777 ], [ 112.797740960755533, -7.280235029284517 ], [ 112.797760203041989, -7.280254090777172 ], [ 112.797762591398794, -7.280276281272365 ], [ 112.797755801394374, -7.280303866836408 ], [ 112.797765798237208, -7.280311482298534 ], [ 112.79777274070868, -7.280322171957566 ], [ 112.797776665401344, -7.28034512186714 ], [ 112.797776020734332, -7.280375745090299 ], [ 112.797763848986861, -7.280399524446307 ], [ 112.797752425584591, -7.280418707730612 ], [ 112.797748121519319, -7.280492979932933 ], [ 112.797743136196686, -7.280588689305215 ], [ 112.797738588180295, -7.280601721150515 ], [ 112.797730194752035, -7.280611706202379 ], [ 112.79773177072947, -7.280622417175155 ], [ 112.797745597745106, -7.280629251907071 ], [ 112.797747943415345, -7.280640725339225 ], [ 112.797760237146022, -7.280647566160331 ], [ 112.797762579767365, -7.280658274087805 ], [ 112.797759549789717, -7.280667472321113 ], [ 112.797744983574916, -7.28066753017507 ], [ 112.797748123333733, -7.280685890102353 ], [ 112.797748193471733, -7.280703496704893 ], [ 112.797754381506209, -7.280717251425441 ], [ 112.797763651360697, -7.280734821488083 ], [ 112.797759130790197, -7.280754742873778 ], [ 112.797759225325535, -7.280778473511771 ], [ 112.797747010878112, -7.280791535807431 ], [ 112.797724820920905, -7.280802341174032 ], [ 112.797709454514361, -7.280793981523678 ], [ 112.797692551772627, -7.280784862457948 ], [ 112.79767107661732, -7.280782651200977 ], [ 112.797656531743613, -7.28078806758445 ], [ 112.797642784006044, -7.280801135967752 ], [ 112.797625908708582, -7.280798906439859 ], [ 112.79760288806871, -7.280793639251201 ], [ 112.797585963983508, -7.28077916164932 ], [ 112.797575869555587, -7.280747050040208 ] ] ] ] } },
{ "type": "Feature", "properties": { "id": 11, "Id": 0, "Luas": 332.651875012 }, "geometry": { "type": "MultiPolygon", "coordinates": [ [ [ [ 112.797182930234484, -7.280691770783367 ], [ 112.797200223147456, -7.280702610735077 ], [ 112.797213516335205, -7.280719782080806 ], [ 112.797202087566333, -7.280737625725495 ], [ 112.797188949854217, -7.280759495118791 ], [ 112.797180382277517, -7.280773882577081 ], [ 112.797163753513416, -7.280785431354787 ], [ 112.797151156485114, -7.28079868653677 ], [ 112.797150647807712, -7.28081533854714 ], [ 112.797149568720684, -7.280833141097556 ], [ 112.797141585269884, -7.280849822786823 ], [ 112.797141074306154, -7.280865900668736 ], [ 112.797134256824705, -7.280886596691825 ], [ 112.797130845797426, -7.280896370574859 ], [ 112.797117634914628, -7.280899867854681 ], [ 112.797098651341372, -7.280897646678279 ], [ 112.797080261041344, -7.280900016246532 ], [ 112.797058993541256, -7.280901823100047 ], [ 112.797049202831658, -7.280897843009324 ], [ 112.797042344192477, -7.280908204718065 ], [ 112.797033153614393, -7.28091053775834 ], [ 112.797015899560833, -7.280909457986998 ], [ 112.796999266214385, -7.28091985850368 ], [ 112.796987182432332, -7.280917609928663 ], [ 112.796979091522587, -7.280907307573526 ], [ 112.796969820927472, -7.280889546112114 ], [ 112.796960554905539, -7.280872932907515 ], [ 112.796960495465356, -7.280858005564208 ], [ 112.796966765406609, -7.280844201367648 ], [ 112.796975898829814, -7.280827515114358 ], [ 112.796987361903135, -7.280818283401431 ], [ 112.796997700158883, -7.280815371668309 ], [ 112.79701323611981, -7.280818180675393 ], [ 112.797028746932256, -7.28081467426766 ], [ 112.797035042019516, -7.280807185485039 ], [ 112.79703555755998, -7.280792255859482 ], [ 112.797042982035805, -7.28077959535409 ], [ 112.797047522453738, -7.280764649748674 ], [ 112.797063573952542, -7.280752529128991 ], [ 112.797077932510774, -7.280748453157357 ], [ 112.797091177684379, -7.280753567807952 ], [ 112.797098050038571, -7.280746650870568 ], [ 112.797098595299147, -7.280739184916523 ], [ 112.797097427043894, -7.28073459645393 ], [ 112.797104881239093, -7.280729399619283 ], [ 112.797121551157318, -7.28072818515761 ], [ 112.797129559757494, -7.280717818882855 ], [ 112.797136452687553, -7.280716069102009 ], [ 112.797145088855586, -7.28071890550046 ], [ 112.797155459116397, -7.28072403156394 ], [ 112.797165229244825, -7.280722844496335 ], [ 112.797175565210011, -7.280719358631393 ], [ 112.797176099037458, -7.280709022034988 ], [ 112.797176055596154, -7.280698113593011 ], [ 112.797182930234484, -7.280691770783367 ] ] ] ] } },
{ "type": "Feature", "properties": { "id": 6, "Id": 0, "Luas": 4514.6258195299997 }, "geometry": { "type": "MultiPolygon", "coordinates": [ [ [ [ 112.792054115621625, -7.289971463906043 ], [ 112.792026878617449, -7.289954355681851 ], [ 112.792018677676978, -7.289940513165805 ], [ 112.792013861315638, -7.289934312419202 ], [ 112.792014321455966, -7.289929526103748 ], [ 112.792014296726322, -7.289923306362934 ], [ 112.792006618702317, -7.289920466103891 ], [ 112.79199798615663, -7.289918586526711 ], [ 112.791986984426757, -7.289923414628835 ], [ 112.7919759693809, -7.289924893639451 ], [ 112.791970206107365, -7.289921567340603 ], [ 112.791963961768516, -7.289917764499455 ], [ 112.791950535689097, -7.289915425473274 ], [ 112.791946689068396, -7.289912091576681 ], [ 112.791950495742697, -7.289905378199252 ], [ 112.791950931155071, -7.289894372142679 ], [ 112.791958586351882, -7.28989147110345 ], [ 112.79196191766718, -7.28988571650859 ], [ 112.791960430720323, -7.289873282724567 ], [ 112.791963743013397, -7.289862743713563 ], [ 112.791965153871701, -7.289856039832883 ], [ 112.791962240849031, -7.289846482396608 ], [ 112.791965560750853, -7.289837857152127 ], [ 112.791972265229376, -7.289836873678051 ], [ 112.791962642021772, -7.289826864390965 ], [ 112.791950638216875, -7.289820692133143 ], [ 112.791941992357962, -7.289815463462999 ], [ 112.791940520629666, -7.28980685721169 ], [ 112.791943361368794, -7.2897982338666 ], [ 112.791950501259819, -7.289786244336363 ], [ 112.791957161987469, -7.289774256705415 ], [ 112.791958576650302, -7.28976850970802 ], [ 112.791966691986204, -7.289760822353657 ], [ 112.791964744899317, -7.289753174885041 ], [ 112.791959917128182, -7.289744103487448 ], [ 112.791949810955998, -7.289733139215542 ], [ 112.791942102501238, -7.289722643888514 ], [ 112.791934877014114, -7.289713103545226 ], [ 112.791926706516307, -7.289706916091685 ], [ 112.791917064291823, -7.289692122386307 ], [ 112.791907935468828, -7.289685938730786 ], [ 112.791899314340412, -7.28968692980032 ], [ 112.791890204538532, -7.289685530560754 ], [ 112.791891607789751, -7.289676912913539 ], [ 112.79189588982257, -7.289669240754322 ], [ 112.791889645488112, -7.289665437911071 ], [ 112.791877116643505, -7.289663797049988 ], [ 112.791870196916221, -7.289658848605347 ], [ 112.79186061365813, -7.289658886589147 ], [ 112.791852557634769, -7.289657387482098 ], [ 112.791848315133535, -7.289650897388372 ], [ 112.791849055926534, -7.289644387543246 ], [ 112.791850161790336, -7.289633283138907 ], [ 112.791842841995717, -7.289624125926451 ], [ 112.791845869076056, -7.289614162185453 ], [ 112.791848114279574, -7.289600373949894 ], [ 112.791856926311084, -7.289599190745373 ], [ 112.791866536957286, -7.289606042321688 ], [ 112.791876521804184, -7.289610595858468 ], [ 112.791883406532747, -7.289606740976932 ], [ 112.791883767038343, -7.28960099815787 ], [ 112.791869833807695, -7.289591618364994 ], [ 112.791864049617132, -7.289583029205414 ], [ 112.791866899487218, -7.289576702380633 ], [ 112.791863987991377, -7.289567527695988 ], [ 112.791855328824511, -7.28955894993113 ], [ 112.791856453708604, -7.289552629943346 ], [ 112.791857574027873, -7.289545161695619 ], [ 112.791851194301316, -7.289531407644788 ], [ 112.791849359760192, -7.289503856242406 ], [ 112.791854441139535, -7.289480296402388 ], [ 112.791859581860919, -7.289471663941993 ], [ 112.79187505651943, -7.289458971550222 ], [ 112.791894574402946, -7.289450856244917 ], [ 112.791915810423816, -7.289441011711975 ], [ 112.791915192061936, -7.289430105521633 ], [ 112.791916300968111, -7.289419766624213 ], [ 112.791915666629265, -7.2894048415241 ], [ 112.791919029867103, -7.289383010911299 ], [ 112.79192416145662, -7.289372081930838 ], [ 112.791928695226332, -7.289355413929746 ], [ 112.791938893734866, -7.289317288953257 ], [ 112.791938887648328, -7.289315757940008 ], [ 112.791940018617936, -7.289310968965649 ], [ 112.791939806410937, -7.289305802555662 ], [ 112.791934233670361, -7.289302188429645 ], [ 112.791930586709611, -7.289300863226753 ], [ 112.791927519308757, -7.289300684004725 ], [ 112.791923685247895, -7.28930050782138 ], [ 112.79191985727347, -7.289301862651215 ], [ 112.79191601864774, -7.289300538207857 ], [ 112.791912166327577, -7.289295768984609 ], [ 112.791908714075106, -7.289295208528488 ], [ 112.791907381549706, -7.289297510365952 ], [ 112.791907497923859, -7.289302677155874 ], [ 112.791904059365748, -7.28930556147956 ], [ 112.791899176472825, -7.28930672911069 ], [ 112.791894857162958, -7.289305023812954 ], [ 112.791888517382191, -7.289301317036582 ], [ 112.791884200354787, -7.2893001858687 ], [ 112.791879316320646, -7.289301066434631 ], [ 112.791875583417692, -7.289302229507647 ], [ 112.79187300849307, -7.289305397477732 ], [ 112.791869844879187, -7.289305122946825 ], [ 112.791862071034515, -7.289302283062304 ], [ 112.791854007410024, -7.28929887018707 ], [ 112.791846791443092, -7.289291722048401 ], [ 112.791843315226274, -7.289285133226787 ], [ 112.791844162883734, -7.289281397963525 ], [ 112.791848176437185, -7.289278511361375 ], [ 112.791851612713273, -7.289275052908084 ], [ 112.791853325145496, -7.289271888356461 ], [ 112.791851869399409, -7.289267301013761 ], [ 112.79184869437421, -7.289264155832684 ], [ 112.791843789799486, -7.289259869228226 ], [ 112.791841209168965, -7.289261601873128 ], [ 112.791836914964989, -7.289266212004625 ], [ 112.791833476406524, -7.289269096327838 ], [ 112.791830042412585, -7.289273128910997 ], [ 112.791826318638826, -7.289276588503589 ], [ 112.791824895986181, -7.289280326045707 ], [ 112.791824617617834, -7.289282623705159 ], [ 112.791822894915086, -7.289283204671731 ], [ 112.79181484954934, -7.289284384835662 ], [ 112.79181077355112, -7.289286027717102 ], [ 112.791805034251411, -7.28928872977886 ], [ 112.791798134311023, -7.289288757124841 ], [ 112.791789682792498, -7.2892841975075 ], [ 112.791783149445706, -7.289280013047271 ], [ 112.791777003993488, -7.28927697532773 ], [ 112.791771648023598, -7.289279675869889 ], [ 112.791767443565206, -7.289282754607764 ], [ 112.791760554275086, -7.289285461226555 ], [ 112.791754433166361, -7.289288547560282 ], [ 112.791747899819711, -7.28928436309948 ], [ 112.791740966407119, -7.289275969870853 ], [ 112.791732466666772, -7.289268922507364 ], [ 112.791717475717192, -7.289258647413694 ], [ 112.791703662143846, -7.289255257322425 ], [ 112.791705070393789, -7.289181594481792 ], [ 112.791721361916629, -7.289181529919018 ], [ 112.791727514957159, -7.289162367565361 ], [ 112.791737018330494, -7.289142235035917 ], [ 112.791741258524254, -7.289124037161343 ], [ 112.791745544360595, -7.289117321887379 ], [ 112.791756061209185, -7.289111060369055 ], [ 112.79176899478901, -7.289110052214325 ], [ 112.79178049278346, -7.289109528197804 ], [ 112.791793397835562, -7.289101343417233 ], [ 112.791809706471369, -7.289105584827055 ], [ 112.791824583325948, -7.289111267258209 ], [ 112.791828950941209, -7.289125124975548 ], [ 112.791831403809297, -7.289139468730465 ], [ 112.791828580185836, -7.289152398049622 ], [ 112.791817586077343, -7.289159139910329 ], [ 112.7918133306719, -7.289173510251509 ], [ 112.79180666423926, -7.289184062554367 ], [ 112.791816274113813, -7.289190722757567 ], [ 112.79183448228568, -7.28919065059457 ], [ 112.791849830698212, -7.289194417358425 ], [ 112.791859881697349, -7.289191506828256 ], [ 112.791867521668863, -7.289184778259985 ], [ 112.791873735564565, -7.289180926038808 ], [ 112.791884748691814, -7.28917896859335 ], [ 112.791896727751507, -7.289178921116038 ], [ 112.791905845150595, -7.289182234124569 ], [ 112.791917327930022, -7.28917788257101 ], [ 112.791931714213334, -7.289180696247019 ], [ 112.791944189553249, -7.289184952844038 ], [ 112.791951050405046, -7.289175093520625 ], [ 112.791959654785785, -7.28916989216613 ], [ 112.791973722758328, -7.289164956225903 ], [ 112.791980854534486, -7.289161774978734 ], [ 112.791981225691288, -7.28915871143297 ], [ 112.791981980938758, -7.289155837744506 ], [ 112.791982737707855, -7.289153346809367 ], [ 112.791986571006575, -7.289153331615886 ], [ 112.791994616368854, -7.289152151449567 ], [ 112.791999409513807, -7.289152515210874 ], [ 112.792001123846632, -7.289149829100664 ], [ 112.791999388210726, -7.289147156664701 ], [ 112.791996307877028, -7.289143724039872 ], [ 112.791989206383988, -7.289141264251469 ], [ 112.791987079810127, -7.289136679568273 ], [ 112.791987433468108, -7.289129214359561 ], [ 112.791989890875328, -7.289120592534538 ], [ 112.791993318019308, -7.289114837560912 ], [ 112.791999640679094, -7.289114238361686 ], [ 112.792004632335974, -7.289116323753203 ], [ 112.792006183915092, -7.289120910715343 ], [ 112.792004871932804, -7.289128379722377 ], [ 112.792005835583169, -7.289129715560539 ], [ 112.792014077935633, -7.289129874270836 ], [ 112.792020589217117, -7.289128508805008 ], [ 112.792017901343272, -7.289127371180735 ], [ 112.79201750736182, -7.289124693427046 ], [ 112.792018451991467, -7.289121244848945 ], [ 112.792022652642189, -7.289117209226296 ], [ 112.792023592706812, -7.289112612388335 ], [ 112.792024146398305, -7.289107251563172 ], [ 112.792025473596894, -7.289103610089062 ], [ 112.792029483343342, -7.289099766602726 ], [ 112.792034080257764, -7.289098982863592 ], [ 112.792039059741128, -7.289098006228427 ], [ 112.792042902169271, -7.289100287554313 ], [ 112.792046941588239, -7.289103907756994 ], [ 112.792050407534248, -7.289107912991979 ], [ 112.792053573365621, -7.289108745703803 ], [ 112.792062198286459, -7.289108711517279 ], [ 112.792065508673602, -7.289097694065532 ], [ 112.79208370352427, -7.289094272802225 ], [ 112.79209282472624, -7.289098542690298 ], [ 112.792108680830196, -7.289109484170269 ], [ 112.79211734950087, -7.289120454139299 ], [ 112.79211690457781, -7.289129067987282 ], [ 112.792114525886035, -7.289133383458205 ], [ 112.792111664227576, -7.289136743945248 ], [ 112.792111653334189, -7.289142038825517 ], [ 112.792107839057607, -7.289146838435975 ], [ 112.792105941430151, -7.289151630449173 ], [ 112.79211208992507, -7.289155433670643 ], [ 112.792117647446915, -7.289155220261872 ], [ 112.792120324668815, -7.28915367861254 ], [ 112.792124526840368, -7.289150025742322 ], [ 112.792128154777998, -7.289146566527935 ], [ 112.792133894073132, -7.289143864463001 ], [ 112.792139059134342, -7.289141356053837 ], [ 112.7921436514834, -7.289139424053745 ], [ 112.792147480977192, -7.289138451975775 ], [ 112.792151697605249, -7.289138435261441 ], [ 112.792156683175577, -7.289138989637965 ], [ 112.792158782358896, -7.289136684761193 ], [ 112.792158561780155, -7.289129413208905 ], [ 112.792156826143568, -7.289126740773753 ], [ 112.792152406437438, -7.289123887598331 ], [ 112.792148956469148, -7.289123901273675 ], [ 112.792147220832646, -7.289121228838487 ], [ 112.792152177489115, -7.289114510903061 ], [ 112.792156968350739, -7.289114300532862 ], [ 112.792161956964335, -7.289115620415966 ], [ 112.792164628859595, -7.289112739130031 ], [ 112.792165953774258, -7.289108523525907 ], [ 112.792168242339628, -7.28910564375948 ], [ 112.792171877885494, -7.289104098311217 ], [ 112.792179926289208, -7.289103683648431 ], [ 112.792188167879587, -7.28910365097903 ], [ 112.792197525979518, -7.289095193179251 ], [ 112.792200008492216, -7.289092886782868 ], [ 112.792202691039705, -7.28909268476958 ], [ 112.792210552343633, -7.289093419125872 ], [ 112.792214011442482, -7.289095701969629 ], [ 112.792215747840103, -7.289098565781131 ], [ 112.792219200851719, -7.289099317611822 ], [ 112.792227252298787, -7.289099668454751 ], [ 112.792235493127933, -7.289099444407904 ], [ 112.79224181883005, -7.289099610711891 ], [ 112.792245278689975, -7.289102084932007 ], [ 112.792248554494307, -7.289106473678077 ], [ 112.792254112776007, -7.289106451644388 ], [ 112.792263102002337, -7.289101631518919 ], [ 112.792269604911539, -7.289098160906951 ], [ 112.792274758557113, -7.289092781847225 ], [ 112.792279541047819, -7.28909046633301 ], [ 112.792284136439221, -7.289089299838253 ], [ 112.792287968214836, -7.289088901889103 ], [ 112.792298131018867, -7.289090009879506 ], [ 112.792302739346241, -7.289092096787066 ], [ 112.792311962849723, -7.289097992991556 ], [ 112.79232849625231, -7.289110558504436 ], [ 112.79233252045384, -7.289110351171685 ], [ 112.792336346141767, -7.289108422209181 ], [ 112.792340757477831, -7.289109170239796 ], [ 112.792345944605017, -7.28911221175039 ], [ 112.792353807430857, -7.28911332885728 ], [ 112.79235973458357, -7.289109669146987 ], [ 112.79236259814212, -7.289106787100372 ], [ 112.792369489706829, -7.28910465460374 ], [ 112.792376386598349, -7.289103861743316 ], [ 112.792385403979111, -7.28910612255028 ], [ 112.792396341813571, -7.289109332641646 ], [ 112.792401912270734, -7.289112372631848 ], [ 112.792405379741282, -7.289116760616556 ], [ 112.792413650248747, -7.289124000253991 ], [ 112.792418076804907, -7.289128575815882 ], [ 112.79242382446823, -7.289127978890354 ], [ 112.792427671463855, -7.289131408472069 ], [ 112.792433070803725, -7.289139616389924 ], [ 112.792434234491168, -7.289143056609597 ], [ 112.792433099722018, -7.289146888700859 ], [ 112.792427933141212, -7.289149014359788 ], [ 112.792430623298685, -7.289150726111146 ], [ 112.792432928604384, -7.289152056628985 ], [ 112.792439243652467, -7.289149543657603 ], [ 112.792443283074292, -7.289153163855854 ], [ 112.792445605122339, -7.289158704658861 ], [ 112.792446203708494, -7.289164635053917 ], [ 112.79244852727868, -7.289170558610124 ], [ 112.792448163735358, -7.289175535921504 ], [ 112.792452989603618, -7.289184128871682 ], [ 112.792452238164444, -7.289187959443198 ], [ 112.792450147354003, -7.289192369463684 ], [ 112.792448447483551, -7.289198691730407 ], [ 112.792445784722389, -7.289203869536884 ], [ 112.792442016871874, -7.289220343122143 ], [ 112.792439174621933, -7.289228583714139 ], [ 112.792433827790674, -7.289233580782287 ], [ 112.792428853634917, -7.289235897058187 ], [ 112.792425982466142, -7.289236865339261 ], [ 112.792425225699631, -7.289239356274589 ], [ 112.79242447426023, -7.289243186846132 ], [ 112.792423336446888, -7.289246253430993 ], [ 112.792423350906162, -7.289249889586464 ], [ 112.792427017653367, -7.289256190576822 ], [ 112.792429353400422, -7.289265176158683 ], [ 112.792435372637712, -7.28928467301597 ], [ 112.792437322011196, -7.289292894611042 ], [ 112.792437755568827, -7.289305523946989 ], [ 112.792435482986349, -7.289312422623228 ], [ 112.792433779310485, -7.289317788007014 ], [ 112.792430148330666, -7.289320481717194 ], [ 112.792425179501166, -7.289324137629491 ], [ 112.792420398531462, -7.289326835898891 ], [ 112.792416191034533, -7.289329149135378 ], [ 112.792409109324097, -7.289331665146574 ], [ 112.792404896499917, -7.289332638746776 ], [ 112.792403945785239, -7.289334556312201 ], [ 112.792404338247366, -7.28933685131171 ], [ 112.792405694361477, -7.289340482148084 ], [ 112.792403786843948, -7.28934278626607 ], [ 112.792400920240567, -7.289344902806788 ], [ 112.792396511185189, -7.28934472890717 ], [ 112.792392105934866, -7.289345511890558 ], [ 112.792389624183343, -7.289348009664705 ], [ 112.7923890689747, -7.289352987736077 ], [ 112.792387948664299, -7.289360455982917 ], [ 112.792386621468651, -7.289364097457489 ], [ 112.792388178379881, -7.289370024053364 ], [ 112.792391656507135, -7.289377091310143 ], [ 112.79239206495059, -7.289383405218406 ], [ 112.792391892311002, -7.289388190393422 ], [ 112.792389222699398, -7.289391645810491 ], [ 112.792385781861682, -7.289393956007446 ], [ 112.792380810748028, -7.289397037789726 ], [ 112.792375072213275, -7.289399931234811 ], [ 112.792369521538404, -7.289401867036937 ], [ 112.792364729152425, -7.289401694656885 ], [ 112.792358784493388, -7.289400952706107 ], [ 112.792354757245377, -7.289400394533289 ], [ 112.792353034543382, -7.289400975501819 ], [ 112.792349796785359, -7.28940615558782 ], [ 112.792349054477356, -7.289412282678745 ], [ 112.792351562864454, -7.289416483086033 ], [ 112.792353493212588, -7.289419920266439 ], [ 112.792355428126783, -7.28942450570648 ], [ 112.792355069909902, -7.289430822654305 ], [ 112.792358160902339, -7.289436934548009 ], [ 112.79236068070486, -7.28944400560434 ], [ 112.792369181695818, -7.28946100468833 ], [ 112.792370544659406, -7.289466357914245 ], [ 112.792369219746547, -7.289470573518716 ], [ 112.79236731907757, -7.289474600026143 ], [ 112.792364847218522, -7.289479585696268 ], [ 112.792362374598426, -7.289484379989743 ], [ 112.792359325461163, -7.289488793809631 ], [ 112.792354927819446, -7.28949149055907 ], [ 112.792350917312802, -7.289495142671832 ], [ 112.792345369680717, -7.28949784398041 ], [ 112.792343453030298, -7.289497851579036 ], [ 112.792340961384724, -7.289497861457233 ], [ 112.792338465934151, -7.289496914452345 ], [ 112.792336172041672, -7.289498454583558 ], [ 112.792334073619216, -7.289500950837947 ], [ 112.792331208536552, -7.289503450131745 ], [ 112.792330454052404, -7.28950651519694 ], [ 112.79233046775046, -7.289509959975947 ], [ 112.792327985997844, -7.289512457750044 ], [ 112.792325122437092, -7.289515339797056 ], [ 112.792322261920305, -7.28951898735053 ], [ 112.792320549871803, -7.289522247591625 ], [ 112.792321906747219, -7.289526069804874 ], [ 112.792324036624578, -7.289531483783783 ], [ 112.79232713827173, -7.289540274950181 ], [ 112.79233255511997, -7.289552884530402 ], [ 112.792335274959399, -7.289562059969596 ], [ 112.792331843252327, -7.289566666685794 ], [ 112.792324590419796, -7.289574350625031 ], [ 112.792319998067981, -7.289576282627801 ], [ 112.792316163244408, -7.289575915071772 ], [ 112.792308878449361, -7.289575561193105 ], [ 112.792305066455768, -7.289580934935363 ], [ 112.792300102949554, -7.289585930483494 ], [ 112.792300133389489, -7.289593585548047 ], [ 112.792299780499278, -7.289601242132326 ], [ 112.792301747376257, -7.289613865390259 ], [ 112.79230637321271, -7.289620353958516 ], [ 112.792305238442196, -7.289624186049919 ], [ 112.792299887039405, -7.289628034858215 ], [ 112.79229378571813, -7.289636096991377 ], [ 112.792293417607908, -7.289639926043361 ], [ 112.792289610179736, -7.28964644804535 ], [ 112.792288492151059, -7.289654490422275 ], [ 112.792284290738493, -7.289658334671355 ], [ 112.792277790866393, -7.289662570791863 ], [ 112.792275516758821, -7.289669086715013 ], [ 112.792275956402861, -7.289683247064842 ], [ 112.792274829242018, -7.289688992922438 ], [ 112.792277159663584, -7.289696638868784 ], [ 112.79228218252922, -7.289706570696501 ], [ 112.792283372092271, -7.28971651772132 ], [ 112.792282628261816, -7.289722262059191 ], [ 112.792279972345952, -7.289729162255358 ], [ 112.792275757234705, -7.289729561725453 ], [ 112.792272314872051, -7.28973148916903 ], [ 112.792273101318699, -7.289736461921597 ], [ 112.792273522699148, -7.289746029232639 ], [ 112.792274324365977, -7.289754829517483 ], [ 112.792270124474541, -7.28975905651992 ], [ 112.792264385173681, -7.289761758588262 ], [ 112.792260168540082, -7.289761775305069 ], [ 112.792255580752098, -7.289764855567382 ], [ 112.792250621809686, -7.289770999375295 ], [ 112.792244128023754, -7.289776766508701 ], [ 112.792237250907291, -7.289782535161748 ], [ 112.792234972232961, -7.289787902825257 ], [ 112.792234616298302, -7.28979479390321 ], [ 112.792234633040138, -7.28979900418884 ], [ 112.792235810427002, -7.289805889188027 ], [ 112.792238522657428, -7.289813150861625 ], [ 112.792235093991891, -7.289818523084233 ], [ 112.792230886489619, -7.289820836320331 ], [ 112.79222782289051, -7.289821613984355 ], [ 112.792222095764402, -7.289827378078312 ], [ 112.792216748924616, -7.289832375146069 ], [ 112.792212961279887, -7.289843872940158 ], [ 112.79220879182661, -7.289855755007189 ], [ 112.79220040269449, -7.289866888284203 ], [ 112.792195813383088, -7.289869585793057 ], [ 112.792187393811176, -7.289873064005066 ], [ 112.792176675778421, -7.289876934088163 ], [ 112.792166719840466, -7.289879652871992 ], [ 112.792157536651004, -7.28988389962935 ], [ 112.792143755017733, -7.289888547375473 ], [ 112.79214262785527, -7.289894293233194 ], [ 112.792144191615719, -7.289901942219752 ], [ 112.792143852421248, -7.289913043583798 ], [ 112.792139293547592, -7.28992339615737 ], [ 112.792127071107558, -7.289934544630114 ], [ 112.792119027254657, -7.289936107555351 ], [ 112.792112512157956, -7.289936516142167 ], [ 112.792109456167253, -7.289939207571922 ], [ 112.792107939586174, -7.289943423936284 ], [ 112.792105295842177, -7.28995338615843 ], [ 112.792103032384802, -7.289962581354417 ], [ 112.792092642624283, -7.289971885316852 ], [ 112.792072536033359, -7.289976558135135 ], [ 112.792054115621625, -7.289971463906043 ] ] ] ] } },
{ "type": "Feature", "properties": { "id": 7, "Id": 0, "Luas": 2173.8468806800001 }, "geometry": { "type": "MultiPolygon", "coordinates": [ [ [ [ 112.791263612468825, -7.289382515825425 ], [ 112.791240507330158, -7.289401922369489 ], [ 112.791228551075946, -7.289407711132722 ], [ 112.79121850767001, -7.289412535418268 ], [ 112.791223331620358, -7.289420649944796 ], [ 112.791225738842343, -7.289423511103465 ], [ 112.791226240820919, -7.289429250506872 ], [ 112.791225797783085, -7.289438342799881 ], [ 112.791225341436032, -7.289444086000194 ], [ 112.791228248735564, -7.28945220812038 ], [ 112.791224921214067, -7.289458919595078 ], [ 112.791226858780078, -7.289464174861243 ], [ 112.791231203568472, -7.289472291285951 ], [ 112.791230790952227, -7.289489038648021 ], [ 112.791227478641304, -7.289499577657324 ], [ 112.79121890314353, -7.289512051317103 ], [ 112.791206954491571, -7.289519753847779 ], [ 112.791198818228295, -7.289522178330597 ], [ 112.791196460439778, -7.28953175665934 ], [ 112.79119511041128, -7.289553770678669 ], [ 112.791194212927408, -7.289569084613987 ], [ 112.791192815366117, -7.289579137587707 ], [ 112.791198591940613, -7.289585812991696 ], [ 112.791208188510012, -7.289589124115078 ], [ 112.791211574973843, -7.289597244336673 ], [ 112.791208239846156, -7.289602042044241 ], [ 112.791206847989272, -7.289613530343369 ], [ 112.791204509214367, -7.289627893090443 ], [ 112.791207901382663, -7.289637448637463 ], [ 112.791209374997521, -7.289646533336571 ], [ 112.79120558542408, -7.289657552686364 ], [ 112.791203722009627, -7.289670956651315 ], [ 112.791193697611575, -7.289680565355981 ], [ 112.791187487504601, -7.289685374454491 ], [ 112.791174553903204, -7.289686382596889 ], [ 112.791164966838238, -7.289685463682423 ], [ 112.791153457416868, -7.289683117036031 ], [ 112.791144341909842, -7.28968028245531 ], [ 112.791136658188378, -7.289676006853611 ], [ 112.791129453630177, -7.28967172935333 ], [ 112.791121811736858, -7.289677979471817 ], [ 112.791110815701401, -7.289684242879029 ], [ 112.791099810159366, -7.289688114076818 ], [ 112.791090709862203, -7.289689107029739 ], [ 112.791084465531512, -7.289685304173792 ], [ 112.791078236410684, -7.289685328852549 ], [ 112.791069141817104, -7.289687757130634 ], [ 112.791057668518448, -7.289694500877008 ], [ 112.791048572023257, -7.289696450712889 ], [ 112.79103611187989, -7.289696021627526 ], [ 112.791036089065699, -7.289690280325169 ], [ 112.79103366473224, -7.289683113188797 ], [ 112.791026471581503, -7.289681706337857 ], [ 112.791017848545934, -7.289682218949173 ], [ 112.79100969326656, -7.289679859010802 ], [ 112.791001045516111, -7.289674151877428 ], [ 112.790996215861938, -7.289664602022683 ], [ 112.790999037609055, -7.289651194260564 ], [ 112.790999473046156, -7.28964018819917 ], [ 112.790995262576814, -7.289632109515438 ], [ 112.790992093256278, -7.289630399653179 ], [ 112.790990344315048, -7.289624378119251 ], [ 112.790989459008102, -7.289618640233586 ], [ 112.790988280500017, -7.289611468161204 ], [ 112.790987971329514, -7.289606015062741 ], [ 112.790987659877729, -7.289599987834007 ], [ 112.790988205216181, -7.289592521862802 ], [ 112.790989336956926, -7.289587924264993 ], [ 112.790990475541633, -7.289585049057948 ], [ 112.790991616407638, -7.289582747981131 ], [ 112.790997650440119, -7.289581862867845 ], [ 112.791002828823068, -7.28958270356207 ], [ 112.791006274234348, -7.289581541634118 ], [ 112.791007404834218, -7.289576656971163 ], [ 112.791003952578961, -7.289576096508387 ], [ 112.790999640111565, -7.289576113592669 ], [ 112.790996474213472, -7.289575264925732 ], [ 112.790993876467056, -7.289572691590119 ], [ 112.790993286642802, -7.289568962021364 ], [ 112.790990396835994, -7.289565241564156 ], [ 112.790989517232632, -7.289560939004057 ], [ 112.790986053570919, -7.28955750788982 ], [ 112.790981450183892, -7.289556664917431 ], [ 112.790973403666925, -7.289557558002969 ], [ 112.790969958255701, -7.289558719930667 ], [ 112.790965375400219, -7.289563044130478 ], [ 112.790963666382254, -7.289567069875852 ], [ 112.79096196078622, -7.289571956816661 ], [ 112.790962560876054, -7.289578269971705 ], [ 112.790959404103091, -7.289579717825563 ], [ 112.790956838294761, -7.289585182313413 ], [ 112.790955749432115, -7.289588511850419 ], [ 112.790947147309609, -7.289594287320758 ], [ 112.790937571652208, -7.289596239052236 ], [ 112.790927994093664, -7.289597712341622 ], [ 112.790918410831921, -7.289597750305139 ], [ 112.790913128631772, -7.289594900533586 ], [ 112.790907359664516, -7.289590138892539 ], [ 112.7909001608122, -7.289587296713414 ], [ 112.790894886216279, -7.28958636070921 ], [ 112.790889640135333, -7.289592601333518 ], [ 112.790880541739554, -7.289594072723792 ], [ 112.790871924407753, -7.289596020657673 ], [ 112.790860880844789, -7.28959032301139 ], [ 112.790854126938399, -7.289578866978884 ], [ 112.790841176228426, -7.289575569133922 ], [ 112.790835892127888, -7.28957224091936 ], [ 112.79083013266623, -7.289569871486632 ], [ 112.790829638295719, -7.289566045849353 ], [ 112.790831039667296, -7.289556949758651 ], [ 112.790831971380413, -7.289550247775618 ], [ 112.790827649408257, -7.289547872648583 ], [ 112.790819963790142, -7.289543118598244 ], [ 112.790812285775786, -7.289540278315468 ], [ 112.790801240313883, -7.289534102225264 ], [ 112.790797384198825, -7.289528376106307 ], [ 112.790793043218187, -7.289521216559544 ], [ 112.790792046874586, -7.289511651516937 ], [ 112.790795355394749, -7.28950015562445 ], [ 112.790798671518303, -7.289490573499713 ], [ 112.79080006718803, -7.28948004208319 ], [ 112.790797623851276, -7.289468090524962 ], [ 112.79078801968214, -7.289462865623771 ], [ 112.790779351029002, -7.289451895623098 ], [ 112.790768244743234, -7.289430409389333 ], [ 112.790766744527133, -7.289414626499174 ], [ 112.790768623162407, -7.289405050068529 ], [ 112.790772891909725, -7.289394028822234 ], [ 112.790779111523406, -7.289391611938964 ], [ 112.790787247788614, -7.289389187463715 ], [ 112.79079344269114, -7.289380550835147 ], [ 112.790793417980197, -7.289374331089974 ], [ 112.790787631909737, -7.289365263468915 ], [ 112.790789485833812, -7.289349467293145 ], [ 112.790802404222518, -7.289344631628445 ], [ 112.79081583218742, -7.289347449136294 ], [ 112.790814722584059, -7.289285255101761 ], [ 112.790818995131417, -7.289275190739369 ], [ 112.790826631322176, -7.289267505300755 ], [ 112.790891797456638, -7.289267247169692 ], [ 112.790912876815398, -7.289266206770875 ], [ 112.790932056631519, -7.289269479940605 ], [ 112.790945952350839, -7.289269424895483 ], [ 112.790954563973116, -7.289266041636076 ], [ 112.79096125894435, -7.289262665969039 ], [ 112.790972755047633, -7.289261663530024 ], [ 112.790983771988081, -7.289260662988859 ], [ 112.790996216911395, -7.289257264543519 ], [ 112.79100197256696, -7.289258677091135 ], [ 112.791010620308157, -7.289264384226546 ], [ 112.791013525701146, -7.289272027907518 ], [ 112.791021203710955, -7.289274868187712 ], [ 112.791035569087114, -7.289272419032242 ], [ 112.791041305732122, -7.289269047160567 ], [ 112.791053284799744, -7.289268999705012 ], [ 112.79106526386731, -7.289268952249139 ], [ 112.791073873587024, -7.289265090545795 ], [ 112.79108152498118, -7.289261232638871 ], [ 112.791093036292466, -7.289264057731713 ], [ 112.79110356836587, -7.289261623760393 ], [ 112.791093954694119, -7.28925400665615 ], [ 112.791089130748261, -7.289245892127195 ], [ 112.791084299198175, -7.289235863830692 ], [ 112.791073670169069, -7.289213897266356 ], [ 112.791080800575628, -7.289199515536899 ], [ 112.79108221905247, -7.289194725423552 ], [ 112.79109225485189, -7.289187987374352 ], [ 112.791098470657971, -7.28918461360407 ], [ 112.791113796256667, -7.289182639092241 ], [ 112.791123858671142, -7.289182599228451 ], [ 112.79113823735122, -7.289183499163495 ], [ 112.79114448357538, -7.289187780462211 ], [ 112.791149775276779, -7.289193022441133 ], [ 112.791161280882619, -7.289194412207049 ], [ 112.791174695534082, -7.289193880611948 ], [ 112.791183324263145, -7.28919480332546 ], [ 112.79119434500268, -7.289194759663342 ], [ 112.791201079896084, -7.289201431271914 ], [ 112.791203519437374, -7.289212425942174 ], [ 112.791207398367916, -7.289223893359064 ], [ 112.791206953427661, -7.289232507210377 ], [ 112.791206519894843, -7.289243991712647 ], [ 112.791205593890723, -7.289252129020503 ], [ 112.791212807947957, -7.289258798730229 ], [ 112.79121954664528, -7.289266427221877 ], [ 112.79122724176689, -7.28927357347468 ], [ 112.791233486091741, -7.289277376329819 ], [ 112.791244499227844, -7.289275418898725 ], [ 112.79124686842303, -7.289268711221102 ], [ 112.791246818989435, -7.289256271733828 ], [ 112.791250633277585, -7.289251472128217 ], [ 112.79125684718143, -7.289247619914004 ], [ 112.791262119871647, -7.289248077472945 ], [ 112.791277947448819, -7.289251842358501 ], [ 112.791290428493099, -7.289257534299976 ], [ 112.791299540188419, -7.289259411996065 ], [ 112.791305318660278, -7.289266565841214 ], [ 112.791309182383131, -7.289274205722069 ], [ 112.791315907772429, -7.289278485119196 ], [ 112.791330309271103, -7.289285126348836 ], [ 112.791346119737042, -7.289284585255396 ], [ 112.791356651808087, -7.2892821512784 ], [ 112.791364297494667, -7.289276858041808 ], [ 112.791370973447215, -7.289268697951576 ], [ 112.791378143773613, -7.289264363496997 ], [ 112.791383424069537, -7.289266734821598 ], [ 112.791396806923174, -7.289276689359472 ], [ 112.791389182913633, -7.289287436832774 ], [ 112.791386934652436, -7.289300459562427 ], [ 112.791391113844654, -7.289306665420569 ], [ 112.791394646889842, -7.289311911787618 ], [ 112.79139674062688, -7.289323756281396 ], [ 112.791398568419297, -7.289334096297233 ], [ 112.791398617097016, -7.28934634440667 ], [ 112.791392864717466, -7.289351382943352 ], [ 112.791384255000494, -7.289355244652481 ], [ 112.791376097825719, -7.289352406277948 ], [ 112.791365548640357, -7.28935053427971 ], [ 112.791352577021513, -7.289341973589012 ], [ 112.791342033540602, -7.289341536915502 ], [ 112.79133675894802, -7.289340600915984 ], [ 112.791329552493423, -7.289335844976196 ], [ 112.79132426459114, -7.289331559883925 ], [ 112.791315649169462, -7.289333986266401 ], [ 112.791309437166717, -7.289338316923374 ], [ 112.791296013005294, -7.289336456314439 ], [ 112.791288325487017, -7.289331223830582 ], [ 112.791278749838185, -7.289333175567593 ], [ 112.791273984829814, -7.289339892737727 ], [ 112.791268234877137, -7.289339915519458 ], [ 112.791264374956754, -7.289333232521885 ], [ 112.791260037775075, -7.289327029864495 ], [ 112.791254289723838, -7.289327531087845 ], [ 112.791250003877806, -7.289334246359342 ], [ 112.7912552993849, -7.28934044521989 ], [ 112.791265909412914, -7.289357627358847 ], [ 112.791269801656512, -7.289372443867096 ], [ 112.791263612468825, -7.289382515825425 ] ] ] ] } },
{ "type": "Feature", "properties": { "id": 8, "Id": 0, "Luas": 792.87903909299996 }, "geometry": { "type": "MultiPolygon", "coordinates": [ [ [ [ 112.791703662143846, -7.289255257322425 ], [ 112.791701216637378, -7.289286965870629 ], [ 112.79168060505674, -7.289309247598529 ], [ 112.791667644861789, -7.289327671410021 ], [ 112.791646217933064, -7.289337708067609 ], [ 112.79162703317165, -7.289333190981721 ], [ 112.791620078460781, -7.289319439203632 ], [ 112.791614690540541, -7.289314101923367 ], [ 112.791600921084424, -7.289321811677209 ], [ 112.791598657616163, -7.28933100687265 ], [ 112.791592560846766, -7.289340217258676 ], [ 112.79156269456692, -7.289348756318459 ], [ 112.791538164481437, -7.289349619042564 ], [ 112.79151668278125, -7.28934587657267 ], [ 112.791503622173906, -7.28933903865703 ], [ 112.791485234497713, -7.289342173594863 ], [ 112.791476058914384, -7.289348334104391 ], [ 112.791456910661978, -7.289353003092775 ], [ 112.791444610630293, -7.289344631123713 ], [ 112.79143388651346, -7.289346970174126 ], [ 112.791426247292137, -7.289353890113966 ], [ 112.791420886754736, -7.289355442392417 ], [ 112.791408601935316, -7.289350897956415 ], [ 112.791398617097016, -7.28934634440667 ], [ 112.791398568419297, -7.289334096297233 ], [ 112.791394646889842, -7.289311911787618 ], [ 112.791386934652436, -7.289300459562427 ], [ 112.791389182913633, -7.289287436832774 ], [ 112.791396806923174, -7.289276689359472 ], [ 112.791408285529641, -7.289271285245161 ], [ 112.7914174611129, -7.289265124737145 ], [ 112.791428176100951, -7.289260489167077 ], [ 112.791445803199608, -7.289258888283753 ], [ 112.791459636548865, -7.289267254177672 ], [ 112.791471897026341, -7.289265674558197 ], [ 112.79148722414422, -7.289264082786858 ], [ 112.791496408853376, -7.289260218797942 ], [ 112.791514772186034, -7.289250959806086 ], [ 112.791528532514803, -7.289240953534678 ], [ 112.791539223160143, -7.28923019390811 ], [ 112.791560677471224, -7.28922704681723 ], [ 112.791575228798905, -7.289223161560979 ], [ 112.791566768155235, -7.289216305418268 ], [ 112.791559813448671, -7.289202553638293 ], [ 112.791547583399279, -7.289211788327494 ], [ 112.791534568434088, -7.289216433013725 ], [ 112.791521535213448, -7.289216484658851 ], [ 112.791517711040783, -7.289218796368907 ], [ 112.791498590176701, -7.289230354918875 ], [ 112.791485587380024, -7.289238061631148 ], [ 112.791470254178137, -7.289238122388603 ], [ 112.791454108679901, -7.289226703581043 ], [ 112.791443360226751, -7.289222918576356 ], [ 112.791437187395232, -7.289212991289984 ], [ 112.791434084246589, -7.289203817359171 ], [ 112.791426375053206, -7.289193130641245 ], [ 112.79141642976893, -7.289198528679976 ], [ 112.791411120952674, -7.289213094574204 ], [ 112.791407333287083, -7.289224592365561 ], [ 112.791394318319121, -7.289229237048175 ], [ 112.791382766698575, -7.289216268997433 ], [ 112.791378130230754, -7.289207101141368 ], [ 112.791382684557178, -7.289195600312407 ], [ 112.791392614630539, -7.289186374740072 ], [ 112.791398141732373, -7.289178506271455 ], [ 112.79139291886132, -7.28916647004311 ], [ 112.791386005231018, -7.289163052601501 ], [ 112.791379041403772, -7.289147004296637 ], [ 112.791374968523684, -7.28913496351134 ], [ 112.791376070598503, -7.289122902221813 ], [ 112.791381761224486, -7.289107952055693 ], [ 112.791389183679968, -7.289094717445233 ], [ 112.791401790215929, -7.289083758851027 ], [ 112.791413821756365, -7.289072802534868 ], [ 112.791429305547084, -7.289062406678922 ], [ 112.791442523583669, -7.289060631887748 ], [ 112.791454603039114, -7.289061732303435 ], [ 112.791459800810387, -7.28906745309972 ], [ 112.791461550894368, -7.289073761696034 ], [ 112.791461023816566, -7.289085820706863 ], [ 112.791456458083928, -7.289094450885317 ], [ 112.791454196894321, -7.289104220210676 ], [ 112.791462287895001, -7.289114522656085 ], [ 112.791473792356925, -7.289115625349238 ], [ 112.791483596933958, -7.289123050308428 ], [ 112.791495644445448, -7.289116112901072 ], [ 112.791493894360698, -7.289109804305069 ], [ 112.79149385556984, -7.289100044093233 ], [ 112.791500746381217, -7.289097720232165 ], [ 112.79149841901986, -7.289090839784459 ], [ 112.791498950660255, -7.289079929034043 ], [ 112.791506986897375, -7.289076452355991 ], [ 112.791515630074869, -7.289081011220857 ], [ 112.7915191119898, -7.289089035371836 ], [ 112.791516284934104, -7.289101103495982 ], [ 112.791522625850789, -7.289105097344099 ], [ 112.79152838264524, -7.289106796950165 ], [ 112.791528991868063, -7.289115406623192 ], [ 112.791528451101115, -7.289124020853047 ], [ 112.791523873960429, -7.289129780381486 ], [ 112.791515262727728, -7.289133259338433 ], [ 112.791511833294805, -7.28913844017987 ], [ 112.791514728806149, -7.289143595958681 ], [ 112.791522801553938, -7.289149305361677 ], [ 112.79152569250175, -7.289153312880146 ], [ 112.79152972203012, -7.28915444519126 ], [ 112.791531994627377, -7.289147546516346 ], [ 112.79153540580505, -7.289137772634063 ], [ 112.791542260106439, -7.28912626269083 ], [ 112.79155086449299, -7.289121061343168 ], [ 112.791553728058005, -7.289118179300405 ], [ 112.791562921130549, -7.289116420454641 ], [ 112.791570398346025, -7.28911696496449 ], [ 112.791581323248849, -7.289116921673153 ], [ 112.791599154936037, -7.289118573429586 ], [ 112.79161122982849, -7.289118525580472 ], [ 112.79162103212515, -7.289125376406025 ], [ 112.791633136683643, -7.2891327922471 ], [ 112.791645232114391, -7.289137911567543 ], [ 112.791656725166092, -7.289136143605493 ], [ 112.791669384181716, -7.289138389996331 ], [ 112.791679752346084, -7.289142942021492 ], [ 112.791694147756942, -7.289148052225838 ], [ 112.79169480034281, -7.289167570368677 ], [ 112.791698864102855, -7.289177314628724 ], [ 112.791705070393789, -7.289181594481775 ], [ 112.791704252569346, -7.289224373286683 ], [ 112.791703662143846, -7.289255257322425 ] ] ] ] } },
{ "type": "Feature", "properties": { "id": 9, "Id": 0, "Luas": 360.20031716199998 }, "geometry": { "type": "MultiPolygon", "coordinates": [ [ [ [ 112.790907793399711, -7.289825519939767 ], [ 112.790896843381589, -7.289819247785961 ], [ 112.790891111671812, -7.28982386360663 ], [ 112.790883636723748, -7.289823893218492 ], [ 112.790874993533606, -7.289819334343596 ], [ 112.790873238889333, -7.289811877483339 ], [ 112.790873777385372, -7.289802689120966 ], [ 112.790872002210079, -7.289790065088081 ], [ 112.790854140835577, -7.28978094961504 ], [ 112.790832934420607, -7.289798257801392 ], [ 112.790825464035109, -7.289799435672773 ], [ 112.790824309480769, -7.289798291967687 ], [ 112.790815102701345, -7.289796606020628 ], [ 112.790808786870059, -7.289798927596909 ], [ 112.790800739207242, -7.289799533615321 ], [ 112.790793805038064, -7.289790948993225 ], [ 112.790793786788939, -7.289786355950748 ], [ 112.790795482122078, -7.289778885423576 ], [ 112.790800059278439, -7.289773125898834 ], [ 112.790808656844106, -7.289766202169422 ], [ 112.790823572521361, -7.289757530993963 ], [ 112.790825851974589, -7.28975235471032 ], [ 112.790820661043043, -7.289748356297757 ], [ 112.790810890674507, -7.289749543279664 ], [ 112.79079996118945, -7.289748438295473 ], [ 112.790783808837574, -7.289735297073581 ], [ 112.79078778590565, -7.289723224393224 ], [ 112.790794078924961, -7.28971516151435 ], [ 112.790802674208749, -7.289707663654984 ], [ 112.790799776418098, -7.28970193374032 ], [ 112.790799176329926, -7.289695620584574 ], [ 112.790799721671263, -7.289688154612827 ], [ 112.790798532900638, -7.28967839895289 ], [ 112.790791030581389, -7.289671538998842 ], [ 112.790786978237392, -7.289664665378707 ], [ 112.790785800872627, -7.289657780370204 ], [ 112.790789212069043, -7.289648006488881 ], [ 112.790792071080432, -7.289643976188392 ], [ 112.790798948219091, -7.289638207553303 ], [ 112.790804107213518, -7.289634168142095 ], [ 112.790807543501586, -7.289630709694199 ], [ 112.790809818392518, -7.289624385150087 ], [ 112.790810934167453, -7.289615768640074 ], [ 112.79081090907529, -7.289609453206662 ], [ 112.790816061225939, -7.289603691404514 ], [ 112.790824667913185, -7.289599064196827 ], [ 112.790836158703357, -7.289596722121721 ], [ 112.790843654178147, -7.28960185968428 ], [ 112.790850017910842, -7.289611594844486 ], [ 112.790851211244345, -7.289622498764695 ], [ 112.790855233933485, -7.289621908690292 ], [ 112.790864420178536, -7.289618427464704 ], [ 112.790867320250285, -7.289624731509196 ], [ 112.790873642922392, -7.289624132323647 ], [ 112.790879356380799, -7.289614923461408 ], [ 112.790882772137309, -7.289606297840539 ], [ 112.790891965225313, -7.289604539005385 ], [ 112.790898860611534, -7.289603363411506 ], [ 112.790905192408133, -7.289605060746698 ], [ 112.790912126575265, -7.289613645367312 ], [ 112.790919081273927, -7.289627397160274 ], [ 112.790921949408883, -7.289625663380352 ], [ 112.790928265236971, -7.289623341803241 ], [ 112.790935744744075, -7.289624460451969 ], [ 112.790939181030836, -7.289621002003351 ], [ 112.79094031505339, -7.289616978535783 ], [ 112.790943753621363, -7.289614094217389 ], [ 112.790947778591374, -7.289614078272474 ], [ 112.790960446747533, -7.289618621201764 ], [ 112.790965660491224, -7.289628360915395 ], [ 112.7909593811642, -7.289639868577216 ], [ 112.790953085867827, -7.28964735732718 ], [ 112.790953142900349, -7.2896617105838 ], [ 112.790957261404571, -7.289685233979468 ], [ 112.790952711626986, -7.289697883068293 ], [ 112.790942407328188, -7.289709406675326 ], [ 112.790937848424846, -7.289719759243101 ], [ 112.790936162219381, -7.289729526291229 ], [ 112.790947698637822, -7.289738666817947 ], [ 112.790959819177957, -7.289750101587399 ], [ 112.790955271681568, -7.289763324806599 ], [ 112.790951894708883, -7.289781710642384 ], [ 112.790942174529945, -7.289795528493017 ], [ 112.790932415567966, -7.28979958612903 ], [ 112.790927852101362, -7.289808790436377 ], [ 112.790924452314442, -7.289821434969602 ], [ 112.790907793399711, -7.289825519939767 ] ] ] ] } },
{ "type": "Feature", "properties": { "id": 12, "Id": 0, "Luas": 445.61742237 }, "geometry": { "type": "MultiPolygon", "coordinates": [ [ [ [ 112.796916065707563, -7.280987449052654 ], [ 112.796902213538615, -7.280974298880462 ], [ 112.796896992970943, -7.280962836852808 ], [ 112.796910723974563, -7.280945558209367 ], [ 112.796921618927655, -7.280938051165657 ], [ 112.796939447965769, -7.280939128657605 ], [ 112.796949831948126, -7.280947699496649 ], [ 112.796961352179252, -7.280952820998242 ], [ 112.796969392793315, -7.280950492524718 ], [ 112.79697684470726, -7.280944721562383 ], [ 112.79698488074861, -7.280941244831517 ], [ 112.796992928220916, -7.280940638743394 ], [ 112.797005041724788, -7.280950350989539 ], [ 112.797008512197593, -7.280955504449569 ], [ 112.797008001229884, -7.280971582332449 ], [ 112.797017853670425, -7.280991063895057 ], [ 112.797028265090731, -7.281006524274393 ], [ 112.797037508255684, -7.281017396190638 ], [ 112.797036988144271, -7.281031177558988 ], [ 112.797042245297476, -7.281051825640855 ], [ 112.797046868023813, -7.281057548662971 ], [ 112.7970480408529, -7.281063285382685 ], [ 112.79703772088304, -7.281070790146734 ], [ 112.797036591494177, -7.281075961869607 ], [ 112.797038378173781, -7.281091456491917 ], [ 112.797047039499205, -7.281100608304707 ], [ 112.797049245316344, -7.281105843336948 ], [ 112.7970462107495, -7.28111389331246 ], [ 112.797038602230742, -7.281128468341899 ], [ 112.797036332783392, -7.281136132521111 ], [ 112.797038293596074, -7.281147224730081 ], [ 112.797044473999463, -7.281159065702 ], [ 112.797047981818849, -7.281173596594257 ], [ 112.797050310711725, -7.281180859757364 ], [ 112.797054159174522, -7.281184672061173 ], [ 112.797060703085677, -7.281191535729915 ], [ 112.797061509360574, -7.281201484247419 ], [ 112.797056976563582, -7.28121834361552 ], [ 112.797051264839226, -7.281227935254626 ], [ 112.797044771227945, -7.281233702414053 ], [ 112.797035588264933, -7.281237949217825 ], [ 112.797032771807324, -7.281240607812999 ], [ 112.797032310755185, -7.281245154899898 ], [ 112.797034482184387, -7.281248973862441 ], [ 112.797036179224349, -7.281253990828607 ], [ 112.797036198277524, -7.281258775233247 ], [ 112.797035740083402, -7.281264039980824 ], [ 112.797034081149732, -7.281268591823905 ], [ 112.797033853957984, -7.281271702638186 ], [ 112.797034341684579, -7.281273853717768 ], [ 112.797034606030067, -7.28128007249254 ], [ 112.797033436728299, -7.281287253855713 ], [ 112.797030094091667, -7.28129013781591 ], [ 112.797027464468016, -7.281291583600986 ], [ 112.797026997699916, -7.281294695366499 ], [ 112.797026052731837, -7.281298048254712 ], [ 112.797017201744694, -7.281301432533879 ], [ 112.797016267255728, -7.281307416844668 ], [ 112.797014852661391, -7.281313163837706 ], [ 112.797009854901091, -7.281321556521888 ], [ 112.797005327719432, -7.281327794321495 ], [ 112.797002219895433, -7.281329481229201 ], [ 112.796998381612241, -7.281325718723064 ], [ 112.796991174887793, -7.281320867167127 ], [ 112.796984839783661, -7.28131830870092 ], [ 112.796976216178308, -7.281318630009173 ], [ 112.796968742539349, -7.281318946751465 ], [ 112.79696125403936, -7.281315531657851 ], [ 112.796957785849514, -7.281310952326642 ], [ 112.796951439314185, -7.281305523216976 ], [ 112.796949684642769, -7.281298066394108 ], [ 112.796951084377127, -7.281288587565268 ], [ 112.796952494399733, -7.281281692315086 ], [ 112.796949307986239, -7.281275676520819 ], [ 112.796946955469195, -7.281262480694921 ], [ 112.796943488423153, -7.281258188427757 ], [ 112.796935416939334, -7.281252766166237 ], [ 112.796929931736784, -7.281247046567428 ], [ 112.796925298721092, -7.281238739965584 ], [ 112.796921528180278, -7.281230429939417 ], [ 112.796921796238919, -7.281225548704975 ], [ 112.796925808546618, -7.281222375017893 ], [ 112.79693210706931, -7.281215747427916 ], [ 112.796937840896803, -7.281211705699412 ], [ 112.796942128121472, -7.281205373163614 ], [ 112.796945275667909, -7.281201628772122 ], [ 112.796950144734211, -7.281197016339208 ], [ 112.796953004789032, -7.281193273089119 ], [ 112.796953843257967, -7.281187241314703 ], [ 112.796950656845397, -7.281181225520263 ], [ 112.79695379410353, -7.281174897550191 ], [ 112.796955780252347, -7.281168287081508 ], [ 112.79696237198111, -7.281163093671402 ], [ 112.796966376286079, -7.281157910534158 ], [ 112.796976122419252, -7.281150695118121 ], [ 112.796981865390663, -7.281148949903645 ], [ 112.796988177629302, -7.281145767084745 ], [ 112.796994489867842, -7.281142584265813 ], [ 112.796995044274212, -7.281137414825756 ], [ 112.796989262436227, -7.281129399854639 ], [ 112.796984344216099, -7.281121668523363 ], [ 112.796981154374464, -7.281114791536255 ], [ 112.796980852022273, -7.281111060841945 ], [ 112.796985141531863, -7.281105302434649 ], [ 112.796987999299631, -7.281100985055982 ], [ 112.796989413894309, -7.281095238063072 ], [ 112.796985960567213, -7.281094390567413 ], [ 112.796982802733496, -7.281095551380345 ], [ 112.796977354112983, -7.281099017839006 ], [ 112.796974221428016, -7.281106494066239 ], [ 112.796969355792157, -7.281111967692024 ], [ 112.796965640122124, -7.281117436752067 ], [ 112.796959028960913, -7.281117750069076 ], [ 112.79695240636849, -7.281115192743091 ], [ 112.79694608384186, -7.281115791982773 ], [ 112.796940338584378, -7.281116963068176 ], [ 112.796937764878209, -7.281120418112379 ], [ 112.796932591174297, -7.281120725721975 ], [ 112.796927699246396, -7.281119596868662 ], [ 112.796920486810805, -7.281113309989088 ], [ 112.796918349200453, -7.281105950375668 ], [ 112.79691871118473, -7.281100590320233 ], [ 112.796920810310908, -7.28109828543564 ], [ 112.796921751850519, -7.28109407135463 ], [ 112.796923066043234, -7.281087176484982 ], [ 112.79692322417354, -7.281078755171325 ], [ 112.796921671072127, -7.281073785477572 ], [ 112.796920310393801, -7.281069006399075 ], [ 112.796918949715504, -7.281064227320578 ], [ 112.796921426829101, -7.281060581280786 ], [ 112.796924097127771, -7.281057317232438 ], [ 112.796923313718594, -7.281053109999785 ], [ 112.796921757569123, -7.28104737480122 ], [ 112.796920978732345, -7.281044315825731 ], [ 112.796920965777403, -7.281041062430333 ], [ 112.796924978464787, -7.281037984431764 ], [ 112.796929942598439, -7.281033180242732 ], [ 112.796931650781801, -7.281028963118022 ], [ 112.796929318081808, -7.281020743072636 ], [ 112.796929306650952, -7.281017872429652 ], [ 112.796933320862237, -7.281015177183455 ], [ 112.796938107051673, -7.281013818526897 ], [ 112.796943461365387, -7.281010735201754 ], [ 112.796949197476806, -7.281007267602291 ], [ 112.796954363177633, -7.281004950542763 ], [ 112.796956269880255, -7.281002455042859 ], [ 112.796956639484947, -7.280999008749481 ], [ 112.796951457018793, -7.280997115532696 ], [ 112.796942257293367, -7.28099715205732 ], [ 112.796937855950134, -7.280998891944424 ], [ 112.796932303117032, -7.281000253644619 ], [ 112.796927126747292, -7.280999891437147 ], [ 112.796923088150407, -7.28099646264489 ], [ 112.796916065707563, -7.280987449052654 ] ] ] ] } },
{ "type": "Feature", "properties": { "id": 13, "Id": 0, "Luas": 665.87024323100002 }, "geometry": { "type": "MultiPolygon", "coordinates": [ [ [ [ 112.796617638138486, -7.281372221963094 ], [ 112.796613923219425, -7.281385904378467 ], [ 112.796612217699135, -7.281390791319734 ], [ 112.796609638274219, -7.281392811041325 ], [ 112.796605039549576, -7.281393116365538 ], [ 112.796597564764696, -7.28139314603769 ], [ 112.796587807189894, -7.281397490804735 ], [ 112.796581520088296, -7.281406989035211 ], [ 112.796576940793102, -7.281412174453061 ], [ 112.796570333054689, -7.281413348958578 ], [ 112.796561999222845, -7.28141424324693 ], [ 112.796551392886741, -7.28142203620929 ], [ 112.796529929294323, -7.281446809334053 ], [ 112.796519600162583, -7.281452017575551 ], [ 112.796517310514417, -7.281454610284311 ], [ 112.796515899342012, -7.281461218470499 ], [ 112.796515930200115, -7.281468969208132 ], [ 112.796518822261447, -7.281473263761529 ], [ 112.796525432286785, -7.281472663385247 ], [ 112.796534344532219, -7.28147262800793 ], [ 112.796542389730604, -7.281471447796685 ], [ 112.796549281533032, -7.281469410957089 ], [ 112.796556176764128, -7.281468235310451 ], [ 112.796564211675971, -7.281464471519664 ], [ 112.796570243288627, -7.281463012232201 ], [ 112.79657599883879, -7.28146442472932 ], [ 112.796580331788221, -7.281469574769055 ], [ 112.796588949683922, -7.281467818145862 ], [ 112.796595539135879, -7.281462050610389 ], [ 112.796602412650557, -7.281455420740576 ], [ 112.796603251123997, -7.28144938896561 ], [ 112.796608715753337, -7.281449941410594 ], [ 112.796620489200038, -7.281446449847081 ], [ 112.79662564576428, -7.281441836274979 ], [ 112.796629394586716, -7.281444692081973 ], [ 112.796638038769757, -7.281449537937757 ], [ 112.796650700979725, -7.281452645429471 ], [ 112.796661922302036, -7.281454897434201 ], [ 112.796671411815936, -7.281455433900351 ], [ 112.796678336763918, -7.281461721924628 ], [ 112.796683267557768, -7.281472610967122 ], [ 112.796682716577251, -7.281478641600676 ], [ 112.796686481402332, -7.281485516307659 ], [ 112.796691704260567, -7.281497552465978 ], [ 112.796699216766299, -7.281506995914666 ], [ 112.796699256771888, -7.281517043166128 ], [ 112.796699579697247, -7.28152594101898 ], [ 112.796693850435631, -7.281531131003233 ], [ 112.796688982506282, -7.281536030499219 ], [ 112.796688725875867, -7.281543782377402 ], [ 112.796688755594289, -7.281551246049965 ], [ 112.796682161570772, -7.281555865329486 ], [ 112.79667754227053, -7.281551003496846 ], [ 112.796676120813572, -7.281555028104012 ], [ 112.796676440309668, -7.281563064763972 ], [ 112.796670697331265, -7.281564809976153 ], [ 112.79666579053918, -7.281559949284694 ], [ 112.796657735053145, -7.281558545919452 ], [ 112.796652863694106, -7.281562584222183 ], [ 112.796647431067214, -7.281570069579479 ], [ 112.796642847199749, -7.281574106740843 ], [ 112.796635656474933, -7.281573274080085 ], [ 112.796627910197103, -7.281577323795476 ], [ 112.796617567348733, -7.28157908726757 ], [ 112.796613825382877, -7.281577953846786 ], [ 112.796608343607403, -7.281573095437134 ], [ 112.796601731295098, -7.281573121686276 ], [ 112.796595389330179, -7.281568840828914 ], [ 112.79658876330241, -7.281565422305712 ], [ 112.796580998736886, -7.281564878990856 ], [ 112.796573790867896, -7.281559740363799 ], [ 112.796566862490309, -7.281552591144941 ], [ 112.796558226305976, -7.281549754738563 ], [ 112.796552580808395, -7.28155191421733 ], [ 112.796544348519177, -7.281554243447337 ], [ 112.796537648757706, -7.281556375214468 ], [ 112.796525015117496, -7.28156044432905 ], [ 112.796519275947773, -7.281563146420599 ], [ 112.796514097284813, -7.281562210081178 ], [ 112.79650776713062, -7.281560895554042 ], [ 112.796503737673149, -7.281559763273427 ], [ 112.796502958075337, -7.281556512920592 ], [ 112.796503323111423, -7.281551918369257 ], [ 112.796503868379773, -7.281544452413534 ], [ 112.796503085734287, -7.281540436555707 ], [ 112.796498091113548, -7.281537585692866 ], [ 112.796493107159819, -7.281537414097277 ], [ 112.796486025599549, -7.281539930137719 ], [ 112.796480289477358, -7.281543397733762 ], [ 112.796473010160312, -7.281544383524857 ], [ 112.796467478651778, -7.281551103756121 ], [ 112.796461547058456, -7.28155361523156 ], [ 112.79645255955208, -7.281558818146812 ], [ 112.796444890054943, -7.281558083072924 ], [ 112.796438931794668, -7.281553896379486 ], [ 112.796429910002345, -7.281550487363289 ], [ 112.796419138878306, -7.281540961153786 ], [ 112.796409729954377, -7.281536596777343 ], [ 112.796406267100082, -7.281533357074748 ], [ 112.796399671382162, -7.281513479810409 ], [ 112.796393051284852, -7.281487478505784 ], [ 112.796390928535828, -7.281483850725225 ], [ 112.796392635963542, -7.281479442224753 ], [ 112.796395105464754, -7.281473882423782 ], [ 112.796401614326967, -7.281471942795878 ], [ 112.796410076379473, -7.281471159639112 ], [ 112.796410969925347, -7.281454888854184 ], [ 112.796412787492599, -7.281430002334271 ], [ 112.79645757263539, -7.28136571251408 ], [ 112.796499562849789, -7.281321528609342 ], [ 112.796534875393959, -7.281285026379638 ], [ 112.796571198049136, -7.281261533928441 ], [ 112.796595730669495, -7.28126143654563 ], [ 112.796604175440791, -7.281264337505506 ], [ 112.796613036044249, -7.281275402329368 ], [ 112.7966207268707, -7.281281495935944 ], [ 112.796631511705542, -7.281294466913288 ], [ 112.796640378405982, -7.281307062746123 ], [ 112.796644625429067, -7.281314701056825 ], [ 112.796644272585539, -7.28132235762752 ], [ 112.796642387977016, -7.281330403037372 ], [ 112.796638592852958, -7.281339987065392 ], [ 112.79663824762909, -7.281349557398387 ], [ 112.796637508415444, -7.281356449985871 ], [ 112.796631395070349, -7.281361450114453 ], [ 112.796627187668989, -7.281363763367534 ], [ 112.796622601517072, -7.281367226399578 ], [ 112.796617638138486, -7.281372221963094 ] ] ] ] } },
{ "type": "Feature", "properties": { "id": 14, "Id": 0, "Luas": 2659.1386633699999 }, "geometry": { "type": "MultiPolygon", "coordinates": [ [ [ [ 112.799407964195666, -7.284707944072406 ], [ 112.799437096888852, -7.284708534871597 ], [ 112.799458099525751, -7.284708960795361 ], [ 112.799562434122677, -7.284711076638182 ], [ 112.799644059843075, -7.284712731941814 ], [ 112.799794673205028, -7.284715786220094 ], [ 112.800044622498163, -7.284720854813694 ], [ 112.800424228995354, -7.284728552393422 ], [ 112.800424194349077, -7.284741702781479 ], [ 112.800412713717122, -7.284746532943779 ], [ 112.80040121016718, -7.284745621831874 ], [ 112.800389729534743, -7.284750451993677 ], [ 112.800369685216879, -7.284770626544299 ], [ 112.800334449243238, -7.284826266639651 ], [ 112.800306738430777, -7.284846471699327 ], [ 112.800304932573269, -7.284874228819223 ], [ 112.80030692558546, -7.284893358772597 ], [ 112.800316562170991, -7.284906716941185 ], [ 112.800305131187031, -7.284923986529645 ], [ 112.800290840546211, -7.284945095075545 ], [ 112.800272640269455, -7.284947081295144 ], [ 112.800253462583939, -7.284944286932396 ], [ 112.800246693294113, -7.284929003563036 ], [ 112.800238969512918, -7.284914680886208 ], [ 112.800219818563946, -7.284918584675278 ], [ 112.800197811776826, -7.284927284299832 ], [ 112.800183556088996, -7.284913356682627 ], [ 112.800182944552333, -7.284875389549996 ], [ 112.800177332564772, -7.284863707642879 ], [ 112.80016880999662, -7.28484596707283 ], [ 112.800151759846102, -7.284823368597094 ], [ 112.800137498751496, -7.284804466767072 ], [ 112.800127760732181, -7.284798661942193 ], [ 112.800113638644746, -7.284790243777366 ], [ 112.800097633364274, -7.284780703041721 ], [ 112.800081888757759, -7.284775578866696 ], [ 112.80006258502128, -7.284769296350895 ], [ 112.800043897292767, -7.28476321431755 ], [ 112.800025147990411, -7.284761628722616 ], [ 112.800002680558251, -7.284759728691058 ], [ 112.799984461001117, -7.284758187894037 ], [ 112.79996896316797, -7.284759678538281 ], [ 112.799953327345804, -7.284761182454332 ], [ 112.799937115565015, -7.284765877319707 ], [ 112.799918404620669, -7.284771295931836 ], [ 112.799903073289173, -7.284775735821435 ], [ 112.799885570198654, -7.284784561513585 ], [ 112.799871512025092, -7.284791650153224 ], [ 112.799854194195547, -7.284801982087111 ], [ 112.799835182112616, -7.284813324822835 ], [ 112.799827213323965, -7.284822132027917 ], [ 112.799810852089564, -7.284840214667951 ], [ 112.799805011634803, -7.284847842818923 ], [ 112.799793214970236, -7.284863250306381 ], [ 112.799786817505137, -7.28487515639455 ], [ 112.799774665358129, -7.284897772309076 ], [ 112.799770522873843, -7.28494037059614 ], [ 112.799774730335969, -7.284953073313599 ], [ 112.799785558079051, -7.284985763267036 ], [ 112.799793925367894, -7.285004190503346 ], [ 112.799808761849505, -7.285036864803641 ], [ 112.799813501393032, -7.285049333349442 ], [ 112.799818931042566, -7.285063617389335 ], [ 112.799814666371077, -7.285075595538324 ], [ 112.799803670604902, -7.285081859101362 ], [ 112.799595735006079, -7.285114118566359 ], [ 112.799538330059079, -7.28512168358029 ], [ 112.799391331841178, -7.285133273952098 ], [ 112.799384025729751, -7.285125728529323 ], [ 112.799407964195666, -7.284707944072406 ] ] ] ] } },
{ "type": "Feature", "properties": { "id": 26, "Id": 0, "Luas": 364.94271016099998 }, "geometry": { "type": "MultiPolygon", "coordinates": [ [ [ [ 112.797506160820816, -7.278991802929476 ], [ 112.797517710720996, -7.279004388097956 ], [ 112.797528074080873, -7.279007791776525 ], [ 112.797536712500488, -7.279011202303572 ], [ 112.797546514598352, -7.279018053035236 ], [ 112.797557471229425, -7.279026047457624 ], [ 112.797563800583575, -7.279027170602055 ], [ 112.797576450146465, -7.279027120376805 ], [ 112.797586243099616, -7.27903167459363 ], [ 112.79759317487057, -7.279039684995806 ], [ 112.797594947825189, -7.279051734843944 ], [ 112.797594988980279, -7.279062069155742 ], [ 112.797600186665804, -7.27906778989296 ], [ 112.797607672840115, -7.279070630855817 ], [ 112.797606557175968, -7.279079247348327 ], [ 112.79760659833147, -7.279089581660066 ], [ 112.797602628344066, -7.279103376723598 ], [ 112.79759803078872, -7.279103969116252 ], [ 112.79759170143349, -7.279102845972623 ], [ 112.797585915048941, -7.279093682747791 ], [ 112.797579553684457, -7.279084521805787 ], [ 112.797576112948775, -7.279086832017519 ], [ 112.797569029909567, -7.279088965311984 ], [ 112.797562915078231, -7.27909358269132 ], [ 112.797561013719914, -7.279097417824194 ], [ 112.797561035059317, -7.279102776356332 ], [ 112.797561062495703, -7.27910966589763 ], [ 112.797559161137343, -7.279113501030531 ], [ 112.797550346297797, -7.279113918788409 ], [ 112.797539222391848, -7.279112049164178 ], [ 112.797534225511669, -7.279108624179011 ], [ 112.797529246922181, -7.279109792221417 ], [ 112.79752312904165, -7.279113644095779 ], [ 112.797513930881721, -7.279114063374912 ], [ 112.797504732721748, -7.279114482653879 ], [ 112.797497461831924, -7.279117573589157 ], [ 112.797495943793123, -7.279121407199994 ], [ 112.797489439543483, -7.279124495091314 ], [ 112.797482164080819, -7.279126437769459 ], [ 112.797477187015048, -7.279127988563705 ], [ 112.797477199208458, -7.279131050582194 ], [ 112.797474922149959, -7.279136800998397 ], [ 112.797473399538376, -7.279139486352297 ], [ 112.797466124075356, -7.279141429030243 ], [ 112.797460387989744, -7.279144896629755 ], [ 112.79745468086314, -7.279155636523246 ], [ 112.797454315832908, -7.279160231072966 ], [ 112.797452122603175, -7.279187032866623 ], [ 112.797449088048708, -7.279195082840548 ], [ 112.797440683962094, -7.279202388616575 ], [ 112.797436125271275, -7.279212741192036 ], [ 112.79743232712417, -7.279221559714427 ], [ 112.797422371465871, -7.279224278550022 ], [ 112.797412785410415, -7.279223551092594 ], [ 112.797404346267527, -7.279222053564657 ], [ 112.797396693578889, -7.279225528773105 ], [ 112.797391711939213, -7.279225931309744 ], [ 112.797384418184777, -7.27922328095887 ], [ 112.797374428995468, -7.279217579242149 ], [ 112.797368268436955, -7.27921071404971 ], [ 112.797364795692886, -7.279204986461266 ], [ 112.797362853181838, -7.279198487280743 ], [ 112.79735975613778, -7.279190844408713 ], [ 112.797352859421039, -7.279191637306327 ], [ 112.797346668381678, -7.279177117066603 ], [ 112.797343931797243, -7.279163731387429 ], [ 112.797346198189132, -7.279155301705074 ], [ 112.797350010054529, -7.27914992795415 ], [ 112.79735458703621, -7.279144168407266 ], [ 112.797356848855657, -7.279134590467879 ], [ 112.797356060878158, -7.279129234978782 ], [ 112.797354494067662, -7.279120820514596 ], [ 112.797350233347359, -7.279109737436658 ], [ 112.797347118015736, -7.279097501536232 ], [ 112.797346320894178, -7.279089849533008 ], [ 112.797358914069818, -7.279075637476874 ], [ 112.797366560660336, -7.279070631260224 ], [ 112.797372295222075, -7.279066780909639 ], [ 112.797378025211458, -7.279061782301987 ], [ 112.797381462900219, -7.279058706586899 ], [ 112.797396389524778, -7.279052905950543 ], [ 112.797404817995655, -7.279051724213078 ], [ 112.797408649673002, -7.279051326242304 ], [ 112.797409811826256, -7.279054383695415 ], [ 112.797413269328075, -7.279056283760384 ], [ 112.797419408546872, -7.279057790420057 ], [ 112.797427055136211, -7.279052784202658 ], [ 112.797436984880747, -7.279043558578376 ], [ 112.797445790574784, -7.279040844309098 ], [ 112.797450761543331, -7.279037762506118 ], [ 112.797454203803724, -7.27903583504763 ], [ 112.797461871730235, -7.279036187362252 ], [ 112.797466470047496, -7.27903578634727 ], [ 112.797472984965324, -7.279035377722753 ], [ 112.797481792182992, -7.279033046205148 ], [ 112.797485229870659, -7.279029970489513 ], [ 112.797492874934449, -7.279024581518957 ], [ 112.797493997459682, -7.279017687411621 ], [ 112.797497400091274, -7.279005808392792 ], [ 112.797497380277093, -7.279000832612745 ], [ 112.797496983239498, -7.278997389363846 ], [ 112.797506160820816, -7.278991802929476 ] ] ] ] } },
{ "type": "Feature", "properties": { "id": 15, "Id": 0, "Luas": 2467.9843467599999 }, "geometry": { "type": "MultiPolygon", "coordinates": [ [ [ [ 112.799396751048491, -7.285242529770307 ], [ 112.799401932044134, -7.285244040192466 ], [ 112.799412263493195, -7.285239406000546 ], [ 112.79941951841603, -7.285232296120442 ], [ 112.799424862058714, -7.285226533495715 ], [ 112.799429041982336, -7.285217330679356 ], [ 112.799430734875017, -7.285209286029793 ], [ 112.799432821018939, -7.285203727742136 ], [ 112.799444894990927, -7.285203488333645 ], [ 112.799460034798713, -7.285203045350024 ], [ 112.799470764842496, -7.285202237150182 ], [ 112.799476311600287, -7.285199344401112 ], [ 112.799481081018016, -7.285193775439219 ], [ 112.799484521015728, -7.285191273828683 ], [ 112.799487392851816, -7.285191262404406 ], [ 112.799491804189145, -7.285191244855898 ], [ 112.799496615884891, -7.2851907313871 ], [ 112.799500559574611, -7.285190310545487 ], [ 112.799503586837716, -7.285191476295002 ], [ 112.799507735343738, -7.285193073816778 ], [ 112.799512365141908, -7.285194856676207 ], [ 112.799516158680575, -7.285194963760599 ], [ 112.79951922248587, -7.285195050245996 ], [ 112.799521278591556, -7.285195108285921 ], [ 112.799524808231141, -7.285193432579478 ], [ 112.799528143300165, -7.285191849245914 ], [ 112.799531035050379, -7.285190476379222 ], [ 112.79953494544398, -7.285189483697617 ], [ 112.79953677919697, -7.285189018186206 ], [ 112.799539285142941, -7.285189905173943 ], [ 112.799543793025308, -7.2851915007536 ], [ 112.79954800748618, -7.285192992475674 ], [ 112.799551299217015, -7.285193816357938 ], [ 112.799556170378708, -7.285195035553518 ], [ 112.799559459031016, -7.285195858665221 ], [ 112.799562684554274, -7.285196665976449 ], [ 112.799566980190008, -7.285199825807884 ], [ 112.799570154862209, -7.285202161068488 ], [ 112.799572776614241, -7.28520408960591 ], [ 112.799578145886215, -7.285203307343431 ], [ 112.79958766786757, -7.285201920062303 ], [ 112.799593971019661, -7.285201001740301 ], [ 112.799601856285491, -7.285199852916072 ], [ 112.79960802493116, -7.285198954190429 ], [ 112.799613290313886, -7.285198187063433 ], [ 112.799618648789306, -7.285197710225341 ], [ 112.799622453182863, -7.285197371681299 ], [ 112.799626797934579, -7.285196985052013 ], [ 112.799629364168567, -7.28519816842759 ], [ 112.799632082769676, -7.285200884249813 ], [ 112.799633436634764, -7.285203561213446 ], [ 112.799634635144486, -7.285207881297306 ], [ 112.799635186797175, -7.285209869754873 ], [ 112.799635390329598, -7.285214823223939 ], [ 112.799635505218589, -7.285217619334148 ], [ 112.799600300422611, -7.285257087758816 ], [ 112.799602945139014, -7.285271430656112 ], [ 112.799600682989421, -7.285280912912191 ], [ 112.799598094433904, -7.285283332225419 ], [ 112.799596600289021, -7.285284728681684 ], [ 112.799594710635162, -7.285286494788113 ], [ 112.799592662946935, -7.285288408596434 ], [ 112.799589188935727, -7.285290964763873 ], [ 112.799585209873456, -7.285293892546369 ], [ 112.79958154136115, -7.285299876354971 ], [ 112.799579211450251, -7.285303676734877 ], [ 112.799576381185346, -7.285314883661385 ], [ 112.799576397479939, -7.285318967278371 ], [ 112.799576407530736, -7.285321486129327 ], [ 112.799575473148877, -7.285325764993809 ], [ 112.799574713495417, -7.285329243715033 ], [ 112.79957100356728, -7.28533614811542 ], [ 112.799566613298467, -7.285343520710479 ], [ 112.799564149534774, -7.285347658118086 ], [ 112.799563271639897, -7.285350708706477 ], [ 112.799562164569082, -7.285354555656034 ], [ 112.799561105249296, -7.285356538911107 ], [ 112.799560167003449, -7.285358295491947 ], [ 112.799560486998104, -7.285361367003178 ], [ 112.799560764899979, -7.285364034480996 ], [ 112.799561618517615, -7.285367740349617 ], [ 112.799562812865446, -7.285372925453436 ], [ 112.79956316733039, -7.285377191900846 ], [ 112.799563718874069, -7.285383830447583 ], [ 112.799562889610812, -7.285392158729754 ], [ 112.799562224786015, -7.285395894301896 ], [ 112.799561764835602, -7.285398478708877 ], [ 112.799558335528062, -7.285403659582619 ], [ 112.799556189371884, -7.285409704853505 ], [ 112.799552650532135, -7.285419887884317 ], [ 112.799551229509746, -7.285424069707794 ], [ 112.799551259549773, -7.285431598090676 ], [ 112.799551269600599, -7.285434116941706 ], [ 112.799551868642808, -7.285440142994588 ], [ 112.799553609581238, -7.285443044320822 ], [ 112.799555518031852, -7.285446224811039 ], [ 112.799557367680407, -7.285449307305863 ], [ 112.799563419942103, -7.285453015116867 ], [ 112.799566956776815, -7.285454828471017 ], [ 112.799571198312421, -7.285457003129043 ], [ 112.799573694706666, -7.285457139792505 ], [ 112.799576702002113, -7.285457304424868 ], [ 112.799580262208394, -7.285457499325989 ], [ 112.799583073962211, -7.285457653253519 ], [ 112.799588474956948, -7.285457948927271 ], [ 112.799595440284719, -7.28545833023922 ], [ 112.799599223003838, -7.285458537321475 ], [ 112.799602567440019, -7.285458720410228 ], [ 112.799605418097997, -7.285458876467419 ], [ 112.799610286561673, -7.285459351263523 ], [ 112.799614522782974, -7.285459764400273 ], [ 112.799620171721358, -7.285460315311917 ], [ 112.799624579707427, -7.285460745199901 ], [ 112.799627860607757, -7.285461065169006 ], [ 112.799631857516331, -7.285461454966635 ], [ 112.799635171225646, -7.285461778135416 ], [ 112.799639356116899, -7.285462186265967 ], [ 112.799642141159865, -7.28546228077421 ], [ 112.799648904185233, -7.285462510272142 ], [ 112.799653652259366, -7.28546267139424 ], [ 112.799656311239019, -7.28546276162455 ], [ 112.79965906326116, -7.285462855012163 ], [ 112.799662071566445, -7.285462957096549 ], [ 112.79966555434271, -7.285462671466222 ], [ 112.799669607155337, -7.285462339085895 ], [ 112.799675523904682, -7.28546185383984 ], [ 112.799680235522487, -7.285461467429308 ], [ 112.799686300458305, -7.285460970030029 ], [ 112.799691811926309, -7.285460518021813 ], [ 112.799697903642766, -7.285460018426036 ], [ 112.799702879496721, -7.285459610344654 ], [ 112.799708574858769, -7.285459143254642 ], [ 112.799713972062335, -7.285458700617295 ], [ 112.799718943122201, -7.285458322507098 ], [ 112.799722265043414, -7.285458108211002 ], [ 112.799725736225454, -7.285457884286078 ], [ 112.799728943597657, -7.285457677379453 ], [ 112.799731578224808, -7.285457507420397 ], [ 112.799734219794331, -7.285457337013521 ], [ 112.799736223208001, -7.285457207773862 ], [ 112.799737995221179, -7.285456875495295 ], [ 112.799740826478981, -7.285456344592788 ], [ 112.799745041604808, -7.285455554194615 ], [ 112.799749054821987, -7.285454801657261 ], [ 112.799753492274078, -7.285453969569573 ], [ 112.799756665812296, -7.285453374484342 ], [ 112.79975825272318, -7.285453076915111 ], [ 112.79976143675384, -7.285452479862368 ], [ 112.79976334240807, -7.285452122524045 ], [ 112.799764376981244, -7.285451928526292 ], [ 112.799767610010321, -7.285450689302582 ], [ 112.799769941277731, -7.285449795725105 ], [ 112.799773151746251, -7.285448565148838 ], [ 112.799775803195132, -7.285447548845406 ], [ 112.799778812901152, -7.285446395221572 ], [ 112.799780408616442, -7.285445783582016 ], [ 112.799781528800509, -7.285445255674363 ], [ 112.799782231539737, -7.285444848474629 ], [ 112.799784446461643, -7.285443565046007 ], [ 112.799786068582037, -7.285442625114089 ], [ 112.799788512001953, -7.285441209283077 ], [ 112.799790145978335, -7.285440262481234 ], [ 112.799792499822018, -7.285438898554813 ], [ 112.799793557264167, -7.285438402329793 ], [ 112.799795556574338, -7.285437464115102 ], [ 112.799798697093394, -7.285435990366232 ], [ 112.799803915929303, -7.28543354132718 ], [ 112.799804839142965, -7.285433108091425 ], [ 112.799807127229556, -7.285432336407609 ], [ 112.799808763767516, -7.285431784466194 ], [ 112.799810279718429, -7.285431273194106 ], [ 112.799812433057795, -7.285430546955352 ], [ 112.799814862024618, -7.285429727758046 ], [ 112.799816326295371, -7.285429233915691 ], [ 112.799817807792849, -7.285428734263382 ], [ 112.799818620514927, -7.2854284601634 ], [ 112.799820897820894, -7.285427376471004 ], [ 112.799822710089515, -7.285426514074 ], [ 112.799824376207454, -7.285425721225201 ], [ 112.799827564064131, -7.285424204232651 ], [ 112.79983091224365, -7.285422610947879 ], [ 112.799832953924522, -7.285421639381321 ], [ 112.799833829044758, -7.28542122294138 ], [ 112.799834365601981, -7.28542083702607 ], [ 112.799835544328872, -7.285419989234358 ], [ 112.799836762828747, -7.285419112836221 ], [ 112.799839138361122, -7.285417404249893 ], [ 112.799842208112992, -7.285415196350649 ], [ 112.799844081059334, -7.285413849246035 ], [ 112.799845205550284, -7.28541304046316 ], [ 112.799846807317124, -7.285411888402657 ], [ 112.799847876142493, -7.285411119656861 ], [ 112.799848549843716, -7.285410409284029 ], [ 112.799849258737552, -7.285409661802937 ], [ 112.799850247549145, -7.285408619167289 ], [ 112.79985339337388, -7.285405302105691 ], [ 112.799853888307553, -7.285404780231246 ], [ 112.799855109643048, -7.285404023047795 ], [ 112.799855790222722, -7.285403601113241 ], [ 112.799856566808913, -7.285403119658134 ], [ 112.799857765823873, -7.285402376312624 ], [ 112.799859278460147, -7.285401438533319 ], [ 112.799860368667694, -7.285400762644412 ], [ 112.799861117518645, -7.285400298384118 ], [ 112.799867599026385, -7.285396280085633 ], [ 112.799868801322475, -7.285395534705879 ], [ 112.799869825212951, -7.285395063044608 ], [ 112.799873958698939, -7.285393158929492 ], [ 112.799878384041378, -7.285391120368903 ], [ 112.799881200731519, -7.28538982284364 ], [ 112.799882001976457, -7.285389453745336 ], [ 112.79988278021797, -7.285388873322358 ], [ 112.799884046128113, -7.28538792918959 ], [ 112.799884942776373, -7.285387260457269 ], [ 112.799886233364887, -7.285386297919016 ], [ 112.799887491962892, -7.285385359239676 ], [ 112.799888694806015, -7.285384462143117 ], [ 112.799889741394523, -7.285383681583329 ], [ 112.799898925155048, -7.285379626084106 ], [ 112.799903634787341, -7.28537851268708 ], [ 112.799915773650895, -7.285375618042371 ], [ 112.799919268377977, -7.285374772500814 ], [ 112.799920887170089, -7.285374380837601 ], [ 112.799922450736858, -7.285374002536036 ], [ 112.799923339209386, -7.28537378757205 ], [ 112.799923982654065, -7.285373512728869 ], [ 112.799926307151082, -7.2853725198352 ], [ 112.799928449383543, -7.285371604794609 ], [ 112.799930230832075, -7.285370843860555 ], [ 112.799930801443935, -7.285370600127407 ], [ 112.799931673831949, -7.285370101917119 ], [ 112.799932808665048, -7.285369453827622 ], [ 112.799934340110752, -7.285368579237431 ], [ 112.799935346599625, -7.285368004443765 ], [ 112.799937001564587, -7.285367059313208 ], [ 112.799939406779146, -7.285365685724101 ], [ 112.799941401537964, -7.285364679894762 ], [ 112.799943115412006, -7.285363815697616 ], [ 112.799944905798313, -7.285362912920236 ], [ 112.79994629288025, -7.285362213503476 ], [ 112.79994742904077, -7.285361877707649 ], [ 112.799949700587774, -7.285361206344788 ], [ 112.799951639856701, -7.285360633187733 ], [ 112.799952423503669, -7.285360401578376 ], [ 112.799953184709722, -7.285360176601541 ], [ 112.799954074658189, -7.285360339554318 ], [ 112.799955197988155, -7.285360545240072 ], [ 112.799955922941294, -7.285360677981597 ], [ 112.799957569719822, -7.285360979512665 ], [ 112.799959684359521, -7.285361366710798 ], [ 112.799962391383033, -7.285361862376513 ], [ 112.799963776762908, -7.285361946087962 ], [ 112.799966108414949, -7.285362086977856 ], [ 112.799969600350266, -7.285362297977721 ], [ 112.799971305979767, -7.285362401040237 ], [ 112.799973690975634, -7.285363012156854 ], [ 112.799977925209618, -7.285364097110844 ], [ 112.799981096806277, -7.285366381036888 ], [ 112.799982854994425, -7.28537469902188 ], [ 112.799974029458411, -7.285378443037994 ], [ 112.799977793228379, -7.285385030632451 ], [ 112.799981277524793, -7.285393628817149 ], [ 112.799979591516873, -7.285403395849026 ], [ 112.799965129836195, -7.285453690351384 ], [ 112.799972322909269, -7.28545509706996 ], [ 112.799978949014957, -7.285458515522743 ], [ 112.799983576413027, -7.285465386748641 ], [ 112.799987325289578, -7.285468242513941 ], [ 112.799981096668006, -7.28549238103808 ], [ 112.799980244498244, -7.285494968043955 ], [ 112.799960110766094, -7.285492751615018 ], [ 112.799956105330082, -7.285497647715078 ], [ 112.799931359093932, -7.28549229188754 ], [ 112.799919466520365, -7.285537983074009 ], [ 112.79994307538675, -7.285546501179017 ], [ 112.799927207325553, -7.285601191383821 ], [ 112.799892420490636, -7.285606932194919 ], [ 112.799890942837251, -7.285594649035069 ], [ 112.799883461122178, -7.285592956395903 ], [ 112.7998771431309, -7.285594703945977 ], [ 112.799868796642798, -7.285592440610923 ], [ 112.799865034017387, -7.285586140079435 ], [ 112.799861283994531, -7.285582997249419 ], [ 112.799854396743811, -7.285586182405971 ], [ 112.799846065149552, -7.285587650899545 ], [ 112.799837715224641, -7.285584526372484 ], [ 112.799831093700078, -7.285582256172962 ], [ 112.799823616567807, -7.285581711787823 ], [ 112.799822224924426, -7.285593200058772 ], [ 112.799823406978263, -7.285601233268891 ], [ 112.799818818532444, -7.285604122209717 ], [ 112.799810486937602, -7.285605590702757 ], [ 112.799805310901718, -7.285605324229714 ], [ 112.799804798449031, -7.285621392296598 ], [ 112.799711955239246, -7.285636714019141 ], [ 112.799699604789026, -7.285628710287217 ], [ 112.799687794626294, -7.285623015909507 ], [ 112.799677449427008, -7.285624205343451 ], [ 112.79963635955923, -7.285629823124644 ], [ 112.799637479419914, -7.285649004595317 ], [ 112.799548743662427, -7.285663648440639 ], [ 112.799497976757849, -7.285672026370961 ], [ 112.799465728326297, -7.285677348242789 ], [ 112.799448008192556, -7.285680272547743 ], [ 112.799429414487463, -7.285683341015067 ], [ 112.799398882489683, -7.285688379623823 ], [ 112.799367401691228, -7.285693574808271 ], [ 112.799330892868056, -7.285699599750239 ], [ 112.7992806679014, -7.285707888221421 ], [ 112.799245694348741, -7.285713659795542 ], [ 112.799218714037153, -7.285706792197833 ], [ 112.799201988989594, -7.285694227714028 ], [ 112.799185286848086, -7.285687404507035 ], [ 112.799176552082173, -7.285659880680606 ], [ 112.799183387804774, -7.285643777658259 ], [ 112.799196557557337, -7.285629945988999 ], [ 112.79920222268828, -7.285608680390951 ], [ 112.799205031203186, -7.285592019250479 ], [ 112.799229169245308, -7.285589052553243 ], [ 112.799238263687187, -7.285562606082771 ], [ 112.79923361339182, -7.285549993569225 ], [ 112.799228990583174, -7.285544270588609 ], [ 112.799212318224278, -7.285544911042139 ], [ 112.799203670500546, -7.285539204070715 ], [ 112.799202465552838, -7.28552542957861 ], [ 112.799211060594658, -7.285517931611637 ], [ 112.799242609340013, -7.285498859605698 ], [ 112.799260405331196, -7.285491612108118 ], [ 112.799277683598262, -7.285498720090648 ], [ 112.799292587080288, -7.285511100439821 ], [ 112.799299804969877, -7.28551872688647 ], [ 112.799316075294797, -7.285513399245009 ], [ 112.799329909750284, -7.285498033898055 ], [ 112.799334636413661, -7.285481747885769 ], [ 112.799333628470052, -7.285469312263841 ], [ 112.7993316583959, -7.285455923574373 ], [ 112.799333521573615, -7.285442519636858 ], [ 112.799344032473627, -7.28543482266833 ], [ 112.799354075670109, -7.285429998244286 ], [ 112.799369406767099, -7.285429458811477 ], [ 112.799374148699997, -7.285417000317336 ], [ 112.799376951100399, -7.285398808170282 ], [ 112.799373066309172, -7.285385905545097 ], [ 112.799367765046838, -7.285378271475241 ], [ 112.79936387452959, -7.285363933530602 ], [ 112.799363828716693, -7.285352450976313 ], [ 112.799369063167916, -7.285343339654655 ], [ 112.799377189736873, -7.285338522854688 ], [ 112.799382866180906, -7.285336108037672 ], [ 112.799391291696693, -7.285334160732412 ], [ 112.799398193074865, -7.28533451603722 ], [ 112.799407788418321, -7.285337539930597 ], [ 112.799418900263589, -7.285336347454536 ], [ 112.799423859055025, -7.285330203602611 ], [ 112.799416549917765, -7.285323725794281 ], [ 112.799407727333204, -7.285322229858551 ], [ 112.799398507679555, -7.285317290681253 ], [ 112.799401539156165, -7.285308475191097 ], [ 112.799405731297611, -7.285302334389081 ], [ 112.79940915831601, -7.285296579388504 ], [ 112.799408362650652, -7.28528931015397 ], [ 112.799404883710309, -7.285282051593241 ], [ 112.799396830830815, -7.285281318111042 ], [ 112.799394117013605, -7.285273673748708 ], [ 112.799394459106793, -7.285263337925158 ], [ 112.799395170781139, -7.285249555810555 ], [ 112.799396751048491, -7.285242529770307 ] ] ] ] } },
{ "type": "Feature", "properties": { "id": 27, "Id": 0, "Luas": 624.87146660099995 }, "geometry": { "type": "MultiPolygon", "coordinates": [ [ [ [ 112.797314812392713, -7.279263364176095 ], [ 112.79731020337023, -7.279273110916833 ], [ 112.797302531247965, -7.279271706031611 ], [ 112.797281925873875, -7.279271309387556 ], [ 112.797270430073269, -7.279272311921821 ], [ 112.797258441786852, -7.279269967274901 ], [ 112.79724979421853, -7.279264260229128 ], [ 112.797241156175431, -7.279260945385365 ], [ 112.797234429019198, -7.279256187611388 ], [ 112.797232010407043, -7.279250455836803 ], [ 112.797239170993549, -7.279243729137878 ], [ 112.797245846714404, -7.279235569019669 ], [ 112.797246784060164, -7.279230302370357 ], [ 112.797245821949346, -7.279229349293832 ], [ 112.797238138397816, -7.2792250737646 ], [ 112.797223786745292, -7.279230872114996 ], [ 112.797218974286395, -7.27922562829152 ], [ 112.797208431072335, -7.279225191698276 ], [ 112.797193105878762, -7.279227166328372 ], [ 112.797190729176108, -7.279231960243634 ], [ 112.797177828308264, -7.279241101969646 ], [ 112.797163453795008, -7.279241159032783 ], [ 112.797157213409747, -7.279238313117172 ], [ 112.797138988548795, -7.279234079431909 ], [ 112.797138047391925, -7.279238389200349 ], [ 112.797140504100867, -7.27925368978529 ], [ 112.797134313242694, -7.279263283321805 ], [ 112.797121881998649, -7.279270030942257 ], [ 112.797114679502343, -7.279266231949239 ], [ 112.797108429592512, -7.279260993830514 ], [ 112.797107442718598, -7.279253821027321 ], [ 112.797101188999306, -7.279247626027466 ], [ 112.797092071806489, -7.279244313082574 ], [ 112.797068601052757, -7.279246320043031 ], [ 112.79706385526363, -7.279257821634914 ], [ 112.797053810246624, -7.279262167541229 ], [ 112.797048039487848, -7.279256927519509 ], [ 112.797049919898569, -7.279247829542074 ], [ 112.79705277384862, -7.279242555284684 ], [ 112.797055606845774, -7.279232018181779 ], [ 112.797055580178551, -7.279225320014771 ], [ 112.797045021725381, -7.279221055893674 ], [ 112.797031584560102, -7.279215846302958 ], [ 112.797015659453081, -7.279223596581823 ], [ 112.79700415984189, -7.279223642228142 ], [ 112.79699184330498, -7.279211060087571 ], [ 112.796982629902203, -7.27920765183237 ], [ 112.796978392045389, -7.279202310035193 ], [ 112.796976802384535, -7.279188154281798 ], [ 112.796983311211605, -7.279186214654022 ], [ 112.796988654839822, -7.279180452066588 ], [ 112.796987839438415, -7.279168207032318 ], [ 112.796990458682302, -7.279152120780255 ], [ 112.796998833825754, -7.279137542715178 ], [ 112.797007627335972, -7.279131766434046 ], [ 112.797019493503385, -7.279127508990178 ], [ 112.797025984043799, -7.279120976333152 ], [ 112.797035913799888, -7.279111750715322 ], [ 112.797042011876712, -7.279102923065313 ], [ 112.797048497845026, -7.279095242150901 ], [ 112.797057285258433, -7.27908793485952 ], [ 112.797069151423997, -7.279083677414722 ], [ 112.797093597060353, -7.279061763147388 ], [ 112.797119197226422, -7.2790409925717 ], [ 112.79712877261197, -7.279039040769673 ], [ 112.79713759964342, -7.279041685039378 ], [ 112.797141086098151, -7.279050857402077 ], [ 112.797138080491578, -7.279066179670423 ], [ 112.797136983866665, -7.279079580568788 ], [ 112.797133216191156, -7.279096054137604 ], [ 112.797132884682853, -7.279109069240357 ], [ 112.797142863200449, -7.279112091697087 ], [ 112.797156287028628, -7.279113952201617 ], [ 112.79717085319804, -7.279113894378872 ], [ 112.797183872371008, -7.27911039787095 ], [ 112.797186519038448, -7.279101201162269 ], [ 112.797192627779253, -7.279095052777594 ], [ 112.797203334838599, -7.279088503380314 ], [ 112.797214040373632, -7.279081571230531 ], [ 112.797222464274483, -7.279079241239118 ], [ 112.797230130678585, -7.279079210805177 ], [ 112.797240122911276, -7.279085678031053 ], [ 112.797249736395955, -7.279093295035436 ], [ 112.797260121093345, -7.279102057253146 ], [ 112.797270487503141, -7.279106226442234 ], [ 112.797277052714975, -7.279118448647957 ], [ 112.797282840618678, -7.279127994630547 ], [ 112.797292063164576, -7.279133699393625 ], [ 112.797301649218554, -7.279134426854131 ], [ 112.79730622620086, -7.279128667307604 ], [ 112.797314659245885, -7.279128633828475 ], [ 112.797321571202346, -7.279131668455095 ], [ 112.797332291976275, -7.279128563826156 ], [ 112.797339932471701, -7.279122026600325 ], [ 112.797350233347359, -7.279109737436658 ], [ 112.797354494067662, -7.279120820514596 ], [ 112.797356060878158, -7.279129234978782 ], [ 112.797356848855657, -7.279134590467879 ], [ 112.79735458703621, -7.279144168407266 ], [ 112.797350010054529, -7.279149927954133 ], [ 112.797346198189132, -7.279155301705074 ], [ 112.797343931797243, -7.279163731387413 ], [ 112.797344969293505, -7.279168806177903 ], [ 112.797341297325772, -7.279175990115037 ], [ 112.797338649137572, -7.279184804071586 ], [ 112.79733560696053, -7.279190940283566 ], [ 112.797341031359309, -7.27920546356708 ], [ 112.797334556064413, -7.279215823751208 ], [ 112.797321562799951, -7.279225827053739 ], [ 112.797317045255724, -7.279246513942049 ], [ 112.797314812392713, -7.279263364176095 ] ] ] ] } },
{ "type": "Feature", "properties": { "id": 16, "Id": 0, "Luas": 940.19326951999994 }, "geometry": { "type": "MultiPolygon", "coordinates": [ [ [ [ 112.799185286848086, -7.285687404507035 ], [ 112.79917206222261, -7.285689083830753 ], [ 112.799155168418807, -7.285682261384812 ], [ 112.799155965609415, -7.285689913372372 ], [ 112.799156778070014, -7.28570139287837 ], [ 112.799152990625558, -7.285712890680895 ], [ 112.799137104579671, -7.285731580002054 ], [ 112.799106536645198, -7.285736624521329 ], [ 112.799082664964303, -7.285740563979843 ], [ 112.799080219869424, -7.285728490444164 ], [ 112.799078634651906, -7.285715482979394 ], [ 112.799071685932233, -7.285703262363245 ], [ 112.799057082919617, -7.285694134254388 ], [ 112.799045622855914, -7.285704131541583 ], [ 112.799037247718061, -7.285718709654225 ], [ 112.799015042324996, -7.285725687614925 ], [ 112.798980588837765, -7.285737307383582 ], [ 112.798955313784631, -7.285743532034551 ], [ 112.798926202421768, -7.285749006425745 ], [ 112.798910890776426, -7.285754425933004 ], [ 112.798898079391137, -7.285770399183625 ], [ 112.79888562182758, -7.285762181588157 ], [ 112.798874864284429, -7.28575610024332 ], [ 112.798854925249941, -7.28575464850828 ], [ 112.798841879967966, -7.285751638324573 ], [ 112.798828853006796, -7.285753221163442 ], [ 112.798828889648263, -7.285762407209415 ], [ 112.798816672085891, -7.285774704052835 ], [ 112.798808241977099, -7.285775503094214 ], [ 112.798797478327359, -7.285767890739635 ], [ 112.798795908384349, -7.285758710791171 ], [ 112.798794326227835, -7.28574646882729 ], [ 112.798785893066025, -7.285746502364261 ], [ 112.798760608847047, -7.285750430493533 ], [ 112.798752194004933, -7.285755057053081 ], [ 112.798745358264625, -7.285771160073014 ], [ 112.798723152861143, -7.285778138021098 ], [ 112.79871393472763, -7.285773581582307 ], [ 112.798702447173326, -7.285776689328165 ], [ 112.798697117254065, -7.285785896715554 ], [ 112.798688645155877, -7.285803596536396 ], [ 112.79867223689773, -7.285806197399929 ], [ 112.798643339366322, -7.28581077792951 ], [ 112.798636609819582, -7.285800682131093 ], [ 112.79863120357021, -7.285790751920241 ], [ 112.798628088115322, -7.285778516051813 ], [ 112.798615830855454, -7.285780861340304 ], [ 112.798608949313149, -7.285785481800595 ], [ 112.798610540624466, -7.285800020278077 ], [ 112.79860050987854, -7.285817566801313 ], [ 112.798590435051366, -7.285819163754438 ], [ 112.798556584908155, -7.285824529313027 ], [ 112.798515830642856, -7.285830989234953 ], [ 112.798507852096321, -7.285811145825435 ], [ 112.798501670039158, -7.285798922148823 ], [ 112.798501584557599, -7.285777488037672 ], [ 112.798504568734046, -7.285756807237169 ], [ 112.798502216881161, -7.285743802814644 ], [ 112.798508289032654, -7.285728468348655 ], [ 112.79851898551388, -7.28571923962433 ], [ 112.798539685094582, -7.285719157318545 ], [ 112.798557342494391, -7.285725211237052 ], [ 112.798571123896764, -7.285720563341767 ], [ 112.798571856964884, -7.285712139749957 ], [ 112.798572574768002, -7.285699888638467 ], [ 112.798587113661412, -7.285692941182688 ], [ 112.798603961666572, -7.285688281092909 ], [ 112.798620861573482, -7.285696634569265 ], [ 112.798630024749087, -7.285687411940069 ], [ 112.798652202672926, -7.285673544462061 ], [ 112.798678271860183, -7.285674206314468 ], [ 112.79869666843085, -7.285673367643893 ], [ 112.798717410752687, -7.285684002384864 ], [ 112.798721292859554, -7.285696235203578 ], [ 112.798742022969734, -7.285703807927506 ], [ 112.798751983326369, -7.285702237286351 ], [ 112.798763418971902, -7.285686115974122 ], [ 112.798778785578222, -7.285694475541364 ], [ 112.798794894409042, -7.285696708028365 ], [ 112.798820984969751, -7.285702728398996 ], [ 112.798837115174862, -7.285710319411158 ], [ 112.798841681492817, -7.285701880575764 ], [ 112.798851608260378, -7.285691889390444 ], [ 112.798868474581298, -7.285691822314397 ], [ 112.798885368383793, -7.285698644772007 ], [ 112.798905295201294, -7.28569703449108 ], [ 112.798912937282125, -7.285690879970722 ], [ 112.7989205671484, -7.285681663435115 ], [ 112.798935909327326, -7.285683898966024 ], [ 112.79895203647898, -7.285690724470008 ], [ 112.798967396980089, -7.285697553022407 ], [ 112.798987311581556, -7.285692880722877 ], [ 112.798998783861606, -7.285685945451965 ], [ 112.799006413725706, -7.28567672891532 ], [ 112.799017146837755, -7.285676686227053 ], [ 112.799040909960453, -7.28567582619837 ], [ 112.799062376184054, -7.285675740819952 ], [ 112.799090733103213, -7.285673331485743 ], [ 112.799103708143377, -7.285658735076904 ], [ 112.799108243916564, -7.285642641202934 ], [ 112.79910507653581, -7.285617391777432 ], [ 112.799126506109076, -7.285608120352112 ], [ 112.799130379063314, -7.285618056653695 ], [ 112.799133409019234, -7.285608858411811 ], [ 112.799131817693677, -7.285594319940028 ], [ 112.799119511582518, -7.285584417180874 ], [ 112.79910188167112, -7.285585252818304 ], [ 112.799084245651869, -7.285584557447586 ], [ 112.799065079384931, -7.285584633678344 ], [ 112.799042098186774, -7.285589318176671 ], [ 112.799019116987893, -7.285594002673944 ], [ 112.798999199337501, -7.285597909469971 ], [ 112.798977766706912, -7.285606415385981 ], [ 112.798956337128942, -7.285615686805001 ], [ 112.798933340658934, -7.285616543779465 ], [ 112.798917989321751, -7.285612011736526 ], [ 112.798911840847765, -7.285608208609256 ], [ 112.798902677680516, -7.285617431242422 ], [ 112.798882781401289, -7.285626696560525 ], [ 112.798854436694455, -7.28563216789655 ], [ 112.798831437168744, -7.285632259362271 ], [ 112.798823727912648, -7.285621572796845 ], [ 112.798816751720665, -7.285602462640123 ], [ 112.798812066321787, -7.285581046825262 ], [ 112.798825056637853, -7.285570277941988 ], [ 112.798835783641664, -7.285568704250967 ], [ 112.798845707353777, -7.285557947562584 ], [ 112.798858709881941, -7.285550240693996 ], [ 112.798867943278253, -7.285558624649743 ], [ 112.798884824861375, -7.285562385093392 ], [ 112.798894076579245, -7.28557536207127 ], [ 112.798907121855805, -7.285578372254673 ], [ 112.798908606301097, -7.285566118095903 ], [ 112.798916981442048, -7.285551539985247 ], [ 112.798933832489382, -7.285547645389078 ], [ 112.798962943839669, -7.285542171000566 ], [ 112.798979810153952, -7.285542103921741 ], [ 112.79899435514065, -7.285536687463106 ], [ 112.799008157905618, -7.285537398083329 ], [ 112.799018133524783, -7.285539654956217 ], [ 112.799043408565424, -7.285533430304694 ], [ 112.799065607841456, -7.285524921337507 ], [ 112.799093152293693, -7.28551103249872 ], [ 112.799118473138407, -7.285516290399412 ], [ 112.799130052297087, -7.285536147756625 ], [ 112.799128586181155, -7.285552994936932 ], [ 112.799123277650509, -7.285567560852614 ], [ 112.799142462239544, -7.28557207764179 ], [ 112.799177700682392, -7.285565047837581 ], [ 112.799198391086492, -7.285562668992335 ], [ 112.799212248823508, -7.285577158672242 ], [ 112.799205031203186, -7.285592019250479 ], [ 112.799196557557337, -7.285629945988999 ], [ 112.799183387804774, -7.285643777658259 ], [ 112.799176552082173, -7.285659880680606 ], [ 112.799185286848086, -7.285687404507035 ] ] ] ] } },
{ "type": "Feature", "properties": { "id": 18, "Id": 0, "Luas": 905.39385792099995 }, "geometry": { "type": "MultiPolygon", "coordinates": [ [ [ [ 112.796304359964125, -7.287219272493164 ], [ 112.796301125228112, -7.287217941762202 ], [ 112.796297448635798, -7.287216429256886 ], [ 112.796292545201283, -7.287212429769544 ], [ 112.796280422357512, -7.287200421029651 ], [ 112.796281564333839, -7.287198407011644 ], [ 112.796282982369121, -7.287193521208454 ], [ 112.796284401547993, -7.28718892246963 ], [ 112.79628409918503, -7.287185191775407 ], [ 112.796282086716786, -7.287185199768966 ], [ 112.796279485533788, -7.287181765274513 ], [ 112.796279177452632, -7.287176599258605 ], [ 112.796281186489921, -7.287175730072129 ], [ 112.796283154760502, -7.28717591871098 ], [ 112.796285478420089, -7.287176141410261 ], [ 112.796286938686436, -7.287176281362033 ], [ 112.796289224926269, -7.287172827454694 ], [ 112.796290069114178, -7.287168230999741 ], [ 112.796288763802607, -7.28716579261532 ], [ 112.796287462213002, -7.287163361183692 ], [ 112.796286976012155, -7.287161923852657 ], [ 112.796286298507383, -7.287159920979621 ], [ 112.796285345217029, -7.287157848807063 ], [ 112.796284848449972, -7.287156768981756 ], [ 112.796282833694562, -7.287156202846626 ], [ 112.796279673531913, -7.287156789536533 ], [ 112.796277599376339, -7.287157015874581 ], [ 112.796276121402428, -7.287157177155518 ], [ 112.796274213405653, -7.287157385361821 ], [ 112.796271617941102, -7.287155386188891 ], [ 112.796271024651972, -7.287150795443551 ], [ 112.796272060627146, -7.287149005830515 ], [ 112.796273203950378, -7.287147030777169 ], [ 112.796273904028737, -7.287145821414779 ], [ 112.796275022140847, -7.287143889912838 ], [ 112.796276262898004, -7.287142641120373 ], [ 112.796277885658839, -7.287141007850331 ], [ 112.796279591873969, -7.287139767089958 ], [ 112.796281220482214, -7.287138582765381 ], [ 112.796283045709373, -7.287137255459398 ], [ 112.796285108937695, -7.287138196368069 ], [ 112.796286790011905, -7.287138963000257 ], [ 112.796288957424068, -7.287140823583856 ], [ 112.796291117310915, -7.287142677707442 ], [ 112.796292845714504, -7.28714353204876 ], [ 112.796295142247033, -7.287142661720327 ], [ 112.796294286626846, -7.28714111014967 ], [ 112.796293404694254, -7.287139510864423 ], [ 112.796293692315828, -7.287138193788844 ], [ 112.796293969392252, -7.287136925001634 ], [ 112.796296147610065, -7.287135910663655 ], [ 112.796297699970978, -7.28713518777051 ], [ 112.79629751307408, -7.287132546846812 ], [ 112.796297357783359, -7.287130352530049 ], [ 112.796297216511931, -7.28712835631127 ], [ 112.796297090670535, -7.287126578124822 ], [ 112.796298785908135, -7.287119107600863 ], [ 112.796300618364924, -7.287118254274516 ], [ 112.796303770248869, -7.2871167865261 ], [ 112.796306247065232, -7.287115633138631 ], [ 112.796311110470526, -7.28710958537493 ], [ 112.796310408387924, -7.287101741614744 ], [ 112.79631142154814, -7.287100361471754 ], [ 112.796312930990567, -7.287098305285128 ], [ 112.79631364913314, -7.28709732701983 ], [ 112.796314226508528, -7.287096745905161 ], [ 112.796314703761439, -7.287096265561373 ], [ 112.79631527646491, -7.287095689148869 ], [ 112.796315849168408, -7.287095112736349 ], [ 112.796316326421319, -7.287094632392579 ], [ 112.79631677981159, -7.287094176065998 ], [ 112.796317467156413, -7.28709348426968 ], [ 112.796318338605857, -7.287092899161378 ], [ 112.796319165720178, -7.287092343820532 ], [ 112.796320114144578, -7.287091707029704 ], [ 112.796320908174309, -7.2870911739025 ], [ 112.796321349301948, -7.287090877720724 ], [ 112.796322054883788, -7.287090403979181 ], [ 112.796323648656028, -7.287089919655898 ], [ 112.796324957087009, -7.287089522043487 ], [ 112.796325883581119, -7.28708924049594 ], [ 112.796327788577329, -7.287089323491521 ], [ 112.796329909279152, -7.28708941588482 ], [ 112.796331196984966, -7.287090123525487 ], [ 112.796332208160862, -7.287090679203011 ], [ 112.796334124502323, -7.287091732301568 ], [ 112.796335343621664, -7.287092402251479 ], [ 112.796336078762877, -7.287092806237998 ], [ 112.796336477524989, -7.287093025372135 ], [ 112.796336824417651, -7.287093216002111 ], [ 112.796337673513236, -7.287093540319336 ], [ 112.796338371443952, -7.287093806898212 ], [ 112.796339597669444, -7.287094275262483 ], [ 112.796340258441816, -7.287094527648504 ], [ 112.796340721305597, -7.287094704442115 ], [ 112.796341213249804, -7.287094892343224 ], [ 112.796341681768112, -7.287095071296616 ], [ 112.79634228680294, -7.287095302393349 ], [ 112.796342775138655, -7.28709548891613 ], [ 112.796343304700642, -7.287095965786213 ], [ 112.796343942350191, -7.287096539989044 ], [ 112.79634467622158, -7.28709720083957 ], [ 112.796345418709905, -7.287097869449613 ], [ 112.796346103752313, -7.28709848632962 ], [ 112.796346752890997, -7.287099070878419 ], [ 112.796349560514614, -7.28710182918489 ], [ 112.796350339840146, -7.287102601175207 ], [ 112.796351047934053, -7.28710330260437 ], [ 112.796351743201441, -7.287103634348618 ], [ 112.796352230817476, -7.287103867012815 ], [ 112.796352734007172, -7.287104107107875 ], [ 112.79635356263222, -7.287104502483225 ], [ 112.796354621639736, -7.287105007784721 ], [ 112.796355396025561, -7.287105377280024 ], [ 112.796356191892272, -7.28710575702484 ], [ 112.796356616852933, -7.287105959793233 ], [ 112.796357479670476, -7.287105898914928 ], [ 112.796359692543646, -7.287105742780007 ], [ 112.796360834589663, -7.287105662200021 ], [ 112.796361849459089, -7.287105590593315 ], [ 112.796362365236092, -7.287105554201367 ], [ 112.796368488559366, -7.287103041948509 ], [ 112.796368944786735, -7.287102263979454 ], [ 112.796369269208455, -7.287101710768331 ], [ 112.796369486752937, -7.287101339806655 ], [ 112.796369744471122, -7.287100900339876 ], [ 112.796371359653094, -7.287097854757346 ], [ 112.796372117241148, -7.287096005880794 ], [ 112.796372465047114, -7.287095157068089 ], [ 112.796373241263694, -7.287093262728993 ], [ 112.796373603762234, -7.28709186472673 ], [ 112.796373953908912, -7.287090514360206 ], [ 112.796374335353633, -7.28708904329049 ], [ 112.796374885025259, -7.287086923441315 ], [ 112.79637512892603, -7.287085982820006 ], [ 112.796375106814608, -7.287080432910036 ], [ 112.796374758464054, -7.287078645525385 ], [ 112.796374184394779, -7.287075699979191 ], [ 112.796373541482509, -7.287072401199947 ], [ 112.796372798312163, -7.287068055541029 ], [ 112.796372560290749, -7.287066663720322 ], [ 112.796375559488297, -7.287058148189649 ], [ 112.796374697518075, -7.287055348135278 ], [ 112.796373847634854, -7.287052587344721 ], [ 112.796373034333882, -7.287049945389092 ], [ 112.796372646792875, -7.287048686487212 ], [ 112.796371283601601, -7.287045638848714 ], [ 112.796367135202544, -7.287036364419313 ], [ 112.796359945531222, -7.287035818839817 ], [ 112.796355633100802, -7.287035835969232 ], [ 112.796340403852312, -7.287037905943055 ], [ 112.796337242546983, -7.287038205568805 ], [ 112.796330063168469, -7.287040243567678 ], [ 112.796324596181876, -7.287039117007306 ], [ 112.796321129082671, -7.287034824745821 ], [ 112.796313356414956, -7.28703227199922 ], [ 112.796305305401091, -7.287032016908929 ], [ 112.796301581685029, -7.287035476525825 ], [ 112.796294105661801, -7.287035219151481 ], [ 112.796284610309158, -7.287033247384531 ], [ 112.796278844391026, -7.287029251322235 ], [ 112.796268759180734, -7.287023550002453 ], [ 112.796267858955318, -7.287014080305397 ], [ 112.79626610310558, -7.287006336419973 ], [ 112.796262637150775, -7.287002331222137 ], [ 112.796258018927418, -7.286997756463207 ], [ 112.796251389380274, -7.286993476761737 ], [ 112.796248758465367, -7.286982578594184 ], [ 112.796249580925462, -7.286972527917014 ], [ 112.796252979407598, -7.286959596319587 ], [ 112.796254900079816, -7.286951297779384 ], [ 112.796256371028008, -7.286944942336206 ], [ 112.796263509236113, -7.286932570022974 ], [ 112.796266932876989, -7.286925953840796 ], [ 112.796268057698995, -7.286919633858047 ], [ 112.796262272341508, -7.286910757701552 ], [ 112.79626130289634, -7.28689720007512 ], [ 112.796263552540523, -7.286884560109614 ], [ 112.796265815907802, -7.28687536491604 ], [ 112.796270965663609, -7.286869028946986 ], [ 112.796280697045916, -7.28685808167856 ], [ 112.796284124117008, -7.2868523266894 ], [ 112.796289862586065, -7.286849433208405 ], [ 112.796299067008547, -7.286850544925138 ], [ 112.796307680429933, -7.286847640024989 ], [ 112.796316270978807, -7.286838993838269 ], [ 112.796319691187563, -7.286831516463047 ], [ 112.796311684623703, -7.286826381024772 ], [ 112.796293248333399, -7.28681726804754 ], [ 112.796288996666377, -7.286808481489181 ], [ 112.796289349497457, -7.286800824917982 ], [ 112.796293935697804, -7.286797361875955 ], [ 112.796306580912969, -7.286796163375617 ], [ 112.796320020228606, -7.28680185137355 ], [ 112.796333074692697, -7.286807158141156 ], [ 112.796341529233501, -7.286812483179006 ], [ 112.796348435218164, -7.286813986782657 ], [ 112.796356104807089, -7.286814721836219 ], [ 112.796360683382602, -7.286809345031505 ], [ 112.79636603471134, -7.286805496191281 ], [ 112.796374845131695, -7.286803930162326 ], [ 112.79638330729712, -7.286811168961349 ], [ 112.796392916393884, -7.286817637687532 ], [ 112.796398301269932, -7.286822209400022 ], [ 112.796408258621398, -7.28681987329774 ], [ 112.796423967401836, -7.286817897108322 ], [ 112.796434709705863, -7.286820150989099 ], [ 112.796445859735812, -7.286828527385354 ], [ 112.796446699586568, -7.286846896455308 ], [ 112.796450184602904, -7.286855686056644 ], [ 112.796453661994704, -7.286862561895897 ], [ 112.796453695543534, -7.286870982448694 ], [ 112.796455250200779, -7.286876334891627 ], [ 112.796460250226147, -7.286880525373345 ], [ 112.79646410027064, -7.286884720422989 ], [ 112.796466047404863, -7.286892367857544 ], [ 112.796467980814484, -7.286896570520501 ], [ 112.796470670203391, -7.286898090871315 ], [ 112.796469924898915, -7.286903452450214 ], [ 112.796469184169368, -7.286909962286293 ], [ 112.796474191820153, -7.286916066529682 ], [ 112.796480731254221, -7.286921781929821 ], [ 112.796481526882943, -7.286929051179889 ], [ 112.796480025599479, -7.286937095070929 ], [ 112.796475054547841, -7.28694017688512 ], [ 112.796472413957957, -7.286950904610989 ], [ 112.796477452109116, -7.286964663902053 ], [ 112.796482088633667, -7.286973831687028 ], [ 112.796484057118917, -7.286986837654784 ], [ 112.796484495345979, -7.287000615218098 ], [ 112.79648107132715, -7.287007135713182 ], [ 112.796469594389066, -7.287012922680347 ], [ 112.796468096155436, -7.287021732076218 ], [ 112.796468893309523, -7.287029384078697 ], [ 112.796468613682194, -7.287055412764137 ], [ 112.796468341680225, -7.287083355211519 ], [ 112.796471093595784, -7.287100568410104 ], [ 112.79647456946563, -7.287107061496198 ], [ 112.796482257359585, -7.287112389575022 ], [ 112.796488399744717, -7.287114661725516 ], [ 112.796490330105925, -7.287118098883269 ], [ 112.796491506013055, -7.287124601105626 ], [ 112.796493074397659, -7.287133398319526 ], [ 112.79649463058206, -7.287139133514319 ], [ 112.796503462358217, -7.287142926014757 ], [ 112.796508473062858, -7.287149795761747 ], [ 112.796508873165678, -7.287154004515164 ], [ 112.796503149183295, -7.287160534147179 ], [ 112.79650088124599, -7.287168581083837 ], [ 112.796503223910889, -7.287179289013991 ], [ 112.796508625163796, -7.287198952515467 ], [ 112.796379207829233, -7.287225332249851 ], [ 112.796380323783751, -7.28721690478947 ], [ 112.796376069059647, -7.287207352728607 ], [ 112.796366108649877, -7.28720892332746 ], [ 112.796347734863545, -7.287215503205752 ], [ 112.796333173000761, -7.287216709323232 ], [ 112.796324361047439, -7.287217892600929 ], [ 112.7963143960623, -7.287218314941486 ], [ 112.796306052065376, -7.287220948667642 ], [ 112.796304359964125, -7.287219272493164 ] ] ] ] } },
{ "type": "Feature", "properties": { "id": 17, "Id": 0, "Luas": 1608.0681639300001 }, "geometry": { "type": "MultiPolygon", "coordinates": [ [ [ [ 112.795902972212389, -7.287322405230879 ], [ 112.795896106655462, -7.287323804660591 ], [ 112.795812688753259, -7.287340808005423 ], [ 112.795770059070932, -7.287349497347404 ], [ 112.795749158556177, -7.287353757563407 ], [ 112.7957421303296, -7.287344713100604 ], [ 112.795733946508491, -7.287335176632829 ], [ 112.795726251374788, -7.287328030465516 ], [ 112.795723819372668, -7.287318949605976 ], [ 112.7957295368914, -7.287310793282333 ], [ 112.795731896483204, -7.287301693396058 ], [ 112.795732797636006, -7.28728733637033 ], [ 112.795722162759645, -7.287263934635544 ], [ 112.795737938812863, -7.287254781474767 ], [ 112.795753260478079, -7.28725184994506 ], [ 112.795770042487646, -7.2872546539948 ], [ 112.795773137256433, -7.287258501188127 ], [ 112.795773641360654, -7.287240700911986 ], [ 112.795773584193867, -7.287226347691892 ], [ 112.795777538245105, -7.287208533716318 ], [ 112.795793562535863, -7.287189523535015 ], [ 112.795803677538089, -7.287183054619427 ], [ 112.795811745706843, -7.287187615684018 ], [ 112.795817845406646, -7.287179170773422 ], [ 112.795817430065355, -7.287171134492541 ], [ 112.79582198883304, -7.287160781908092 ], [ 112.795829244612378, -7.287153863441013 ], [ 112.795823826197292, -7.287140871165746 ], [ 112.795821882120123, -7.287133989231181 ], [ 112.795816100196291, -7.287125974260791 ], [ 112.79580728824088, -7.28712715752831 ], [ 112.795796903340445, -7.287118395318446 ], [ 112.795797639506262, -7.287110737223492 ], [ 112.79579952108071, -7.287101926304446 ], [ 112.795797184530272, -7.287092749376612 ], [ 112.795793323817335, -7.287085875052486 ], [ 112.795798291827978, -7.287082027739189 ], [ 112.795804032590866, -7.28707970839173 ], [ 112.795808220226746, -7.287072419349915 ], [ 112.795809697131546, -7.287058251417644 ], [ 112.795806957436412, -7.287044100229053 ], [ 112.79580652837609, -7.287032619175246 ], [ 112.795810320488968, -7.287022269635406 ], [ 112.795819880803592, -7.287016490293637 ], [ 112.795832895636394, -7.287011845509848 ], [ 112.795839824491338, -7.287019090408821 ], [ 112.79585094098131, -7.287019046265679 ], [ 112.795861346139532, -7.287013646326902 ], [ 112.795871777518585, -7.287014829731262 ], [ 112.795878387821219, -7.287019090377581 ], [ 112.795891292618066, -7.287025316372549 ], [ 112.795900970148736, -7.287029717941718 ], [ 112.795909720986259, -7.287032439052918 ], [ 112.795921837175996, -7.287033156455183 ], [ 112.795929042508419, -7.287032821634889 ], [ 112.79593287578075, -7.287032806412364 ], [ 112.795935161108531, -7.287029122854802 ], [ 112.795935153790737, -7.287027285642753 ], [ 112.795932688300198, -7.287024233365131 ], [ 112.795930525202735, -7.287020108162685 ], [ 112.795925771335334, -7.287019973937545 ], [ 112.795916691685875, -7.287018108959781 ], [ 112.795902784640091, -7.287015293496868 ], [ 112.795895591537729, -7.287013886716586 ], [ 112.795890303637734, -7.287009601681277 ], [ 112.795884513711457, -7.286999577260897 ], [ 112.795883986912116, -7.286987618147498 ], [ 112.795882497983683, -7.286974705958342 ], [ 112.795878105517545, -7.286954628575839 ], [ 112.795875200074235, -7.286946984941901 ], [ 112.795876110752388, -7.286935020120212 ], [ 112.795874117893206, -7.286915890105148 ], [ 112.795872628965782, -7.286902977915759 ], [ 112.79586397933285, -7.286896792436176 ], [ 112.795860596636999, -7.2868896291453 ], [ 112.795859126765791, -7.286881501362283 ], [ 112.795863406801374, -7.286873350746856 ], [ 112.79588486795565, -7.286847907770375 ], [ 112.795897765227437, -7.286837809143217 ], [ 112.79591115880784, -7.286832014578874 ], [ 112.795908713468179, -7.286819584635889 ], [ 112.795901022154425, -7.286813395351216 ], [ 112.795883696214418, -7.286794326223097 ], [ 112.795878849365351, -7.286780470471217 ], [ 112.795874964645336, -7.28676756779514 ], [ 112.795880638328754, -7.286748407336792 ], [ 112.795876291600251, -7.28673981252921 ], [ 112.795875776236315, -7.286730724059471 ], [ 112.795876219189907, -7.286721631784388 ], [ 112.795877620460985, -7.286712535703939 ], [ 112.795875205612091, -7.286707760810795 ], [ 112.795873747175179, -7.286702503671615 ], [ 112.795872284927256, -7.286696289651091 ], [ 112.795874654043445, -7.286689581968603 ], [ 112.795873195606632, -7.286684324829403 ], [ 112.7958674190252, -7.286677649492143 ], [ 112.795863566700675, -7.286672880306804 ], [ 112.795857309055364, -7.286665728431315 ], [ 112.795850579873544, -7.286660492221002 ], [ 112.795841000511118, -7.286661487154896 ], [ 112.795836669028333, -7.286656719871864 ], [ 112.795835206781192, -7.286650505851062 ], [ 112.795829441633529, -7.286646701157078 ], [ 112.795821322612696, -7.28665343167068 ], [ 112.795810739202167, -7.28664294783302 ], [ 112.795791498544304, -7.286624364749683 ], [ 112.795778076716928, -7.286617049939606 ], [ 112.795773153858434, -7.286608170348847 ], [ 112.795762734295025, -7.286590700514473 ], [ 112.795753794507462, -7.286583846355384 ], [ 112.795745704630249, -7.286573831063008 ], [ 112.795740491991424, -7.286564378484298 ], [ 112.795740994959687, -7.286546291143125 ], [ 112.79574210378486, -7.28653595225819 ], [ 112.795748093168058, -7.286523871581388 ], [ 112.795761245921526, -7.286505734014473 ], [ 112.795771254519323, -7.286492202034558 ], [ 112.795776944974065, -7.286477251855082 ], [ 112.795777177594744, -7.286463471621832 ], [ 112.795773687641244, -7.286453438065472 ], [ 112.795774783890636, -7.286439941472114 ], [ 112.795778879121627, -7.286433514005468 ], [ 112.795781427707979, -7.28642374354203 ], [ 112.795767315299486, -7.28641748405821 ], [ 112.795758953935618, -7.286411488808607 ], [ 112.795758644719854, -7.286406035726221 ], [ 112.795759776016496, -7.286394785173718 ], [ 112.795764446452353, -7.28639501202673 ], [ 112.795775393601716, -7.286395358029451 ], [ 112.795779712054767, -7.286395471535661 ], [ 112.795784687680779, -7.286393537986975 ], [ 112.795784670913719, -7.286389327708971 ], [ 112.795784153133056, -7.28638597202207 ], [ 112.795783490448045, -7.28638167722401 ], [ 112.795785393363104, -7.286378224841107 ], [ 112.795787546328128, -7.286375860866838 ], [ 112.795789591665525, -7.286373615068594 ], [ 112.795794956715085, -7.286373211008086 ], [ 112.795803791520711, -7.286377769032469 ], [ 112.795811833759984, -7.286375823307545 ], [ 112.795824906499831, -7.286385723124838 ], [ 112.795825327934381, -7.286395290416294 ], [ 112.795824451279358, -7.286399395561531 ], [ 112.795823446360004, -7.286404101334849 ], [ 112.795822322293176, -7.286410612694085 ], [ 112.79582410151616, -7.286414332442437 ], [ 112.795827019059004, -7.286420432029176 ], [ 112.795829612430538, -7.286425853884023 ], [ 112.795832372625995, -7.286431624510682 ], [ 112.795834031618071, -7.286434282772534 ], [ 112.795837668373395, -7.286440110074439 ], [ 112.795840474315, -7.286444606133891 ], [ 112.795843681140084, -7.286450316167237 ], [ 112.795846265373541, -7.286454917621418 ], [ 112.795848965428704, -7.28645911724488 ], [ 112.795850791565513, -7.286459002708188 ], [ 112.795855480459323, -7.286458708617173 ], [ 112.795860228506342, -7.286457864670181 ], [ 112.795864290877375, -7.286457142599372 ], [ 112.795869529840118, -7.28645892318798 ], [ 112.795875422597064, -7.286460925984326 ], [ 112.79588138462762, -7.286462731823898 ], [ 112.795885401287805, -7.286463948430146 ], [ 112.795886423406543, -7.286467764931224 ], [ 112.795887346884854, -7.286471213117616 ], [ 112.795889713741843, -7.286476357992809 ], [ 112.795891213689018, -7.286479618452108 ], [ 112.795894294022702, -7.286483051047992 ], [ 112.795897518826024, -7.286484003098875 ], [ 112.795901969704559, -7.286485317120915 ], [ 112.795904675857997, -7.286491047753917 ], [ 112.795907300038223, -7.2864940369496 ], [ 112.795909973628127, -7.286497082427657 ], [ 112.795912377454997, -7.286499820619396 ], [ 112.795915258584571, -7.286504276511947 ], [ 112.795918548793935, -7.28650936507828 ], [ 112.795920868572125, -7.286514331728199 ], [ 112.795924504191731, -7.286514559242846 ], [ 112.795930100545888, -7.286515432694316 ], [ 112.795935444136902, -7.286516570401854 ], [ 112.795939005996374, -7.2865181538598 ], [ 112.795943124392736, -7.286519984731402 ], [ 112.795948506212312, -7.286523790946315 ], [ 112.795949794079448, -7.286525703330808 ], [ 112.795953133573974, -7.286530662225521 ], [ 112.795956612479856, -7.286537920823638 ], [ 112.795955865644146, -7.286542899650621 ], [ 112.795960085288016, -7.286543648411734 ], [ 112.795962922088506, -7.286545520550214 ], [ 112.795967878571787, -7.286548858706285 ], [ 112.795973538313717, -7.286552781195477 ], [ 112.795975861141741, -7.286558513349918 ], [ 112.795975885533366, -7.286564637389994 ], [ 112.795974753846608, -7.286569234986614 ], [ 112.795972857030648, -7.286574218380147 ], [ 112.795974016158041, -7.286576510328604 ], [ 112.795975756064848, -7.286580945874133 ], [ 112.795977185966734, -7.286584591123749 ], [ 112.795978663339071, -7.28658835738984 ], [ 112.795981752821149, -7.28659408649975 ], [ 112.795982542583275, -7.286598327775528 ], [ 112.795983290752346, -7.286602345683172 ], [ 112.795984103090476, -7.28660670819909 ], [ 112.795983653856979, -7.286609232275604 ], [ 112.795983170181643, -7.286611949868237 ], [ 112.795982603321903, -7.286615134842951 ], [ 112.795977641415476, -7.286620513166723 ], [ 112.79597697611527, -7.286626004962266 ], [ 112.795976528022621, -7.286629703793406 ], [ 112.795976550890003, -7.286635445080933 ], [ 112.795979252472179, -7.286640027455479 ], [ 112.795982717659186, -7.286643841280601 ], [ 112.795985992198169, -7.286644980665741 ], [ 112.795989243363366, -7.286646111917898 ], [ 112.79599346910625, -7.286648391688375 ], [ 112.795995877141067, -7.286650355808884 ], [ 112.796000007006668, -7.286653724345489 ], [ 112.79600347981652, -7.286659451932819 ], [ 112.796006572348659, -7.286665946547376 ], [ 112.796008767375767, -7.286666779532548 ], [ 112.796011563221086, -7.286667840520652 ], [ 112.796018858628571, -7.286670873617883 ], [ 112.796027675147428, -7.286670838606002 ], [ 112.796033428100117, -7.286671581277095 ], [ 112.796035391995744, -7.286683438992926 ], [ 112.796041578585957, -7.286696810973682 ], [ 112.796044327430764, -7.28671325867471 ], [ 112.796045177721055, -7.286724768398325 ], [ 112.796045379678205, -7.286727502136226 ], [ 112.796045542968059, -7.286729712464807 ], [ 112.79604569343195, -7.286731312092203 ], [ 112.796045964077862, -7.286734189410502 ], [ 112.796046190919668, -7.286736601034358 ], [ 112.796046403199355, -7.286738857843774 ], [ 112.796046589125993, -7.286740834485816 ], [ 112.796046743818877, -7.286742479072584 ], [ 112.796047748340371, -7.286743739221975 ], [ 112.796049633254597, -7.286746103803994 ], [ 112.796050400679306, -7.286747259829714 ], [ 112.79605137009554, -7.286748720129528 ], [ 112.796052533698443, -7.286750472946366 ], [ 112.796054068194877, -7.286752784466098 ], [ 112.796055276479507, -7.286754446146643 ], [ 112.796056226159394, -7.286755752183784 ], [ 112.796057537194955, -7.286757555171437 ], [ 112.796058885633471, -7.2867595063157 ], [ 112.796060043303868, -7.286761181425057 ], [ 112.79606075929955, -7.286763878005743 ], [ 112.796061210817612, -7.286765578511668 ], [ 112.796061434485452, -7.28676762206941 ], [ 112.796061608628222, -7.286769213137982 ], [ 112.796061617245897, -7.286771376621446 ], [ 112.79606162539875, -7.286773423415255 ], [ 112.796061347260718, -7.286775365549756 ], [ 112.796061103305277, -7.286777069000041 ], [ 112.79606069299939, -7.286779934013261 ], [ 112.79605987677121, -7.286782411834252 ], [ 112.796059138202466, -7.286784653904773 ], [ 112.79605823110353, -7.286787407581671 ], [ 112.796055697211017, -7.286789038237568 ], [ 112.79605437806191, -7.286789887160012 ], [ 112.796051348750311, -7.286791836636793 ], [ 112.796050247077289, -7.286792222319639 ], [ 112.796047848943573, -7.286793061878243 ], [ 112.796046372359925, -7.28679357881292 ], [ 112.796044366819473, -7.286794484259284 ], [ 112.796042408507475, -7.286795368383289 ], [ 112.796039102105695, -7.286796861132714 ], [ 112.796036064862932, -7.286798223465023 ], [ 112.796033936338517, -7.286799178198591 ], [ 112.796032593423718, -7.286799977761981 ], [ 112.796031035725363, -7.286800905206199 ], [ 112.796029729651082, -7.286801682834926 ], [ 112.796026919599498, -7.286803778568482 ], [ 112.796024569982052, -7.286805530910687 ], [ 112.796022676696381, -7.286806422292877 ], [ 112.796021210468879, -7.286807112610846 ], [ 112.796018830748665, -7.28680823301239 ], [ 112.796016349032683, -7.286810730798405 ], [ 112.796015593050569, -7.286813413110369 ], [ 112.796016179475345, -7.286816281470679 ], [ 112.79601829396357, -7.28681915072438 ], [ 112.796020039910246, -7.286821519885829 ], [ 112.796021726336022, -7.286823808280341 ], [ 112.796023984154616, -7.28682687202603 ], [ 112.796025110129548, -7.28682937480409 ], [ 112.796026304698628, -7.286832030050897 ], [ 112.796027180554049, -7.286834334248117 ], [ 112.796028919598612, -7.286838909320194 ], [ 112.79603059376592, -7.286842082493452 ], [ 112.79603239584111, -7.286845498099942 ], [ 112.796033286204633, -7.286847520827426 ], [ 112.796034054951861, -7.286849267267081 ], [ 112.796035297093155, -7.286852089163073 ], [ 112.796034979962911, -7.286855848638318 ], [ 112.796034802280204, -7.286857955008734 ], [ 112.796034473484298, -7.286861852776696 ], [ 112.796034332002975, -7.286864510535904 ], [ 112.796034148601251, -7.286867955779684 ], [ 112.796033938514199, -7.286871902312894 ], [ 112.796034147609674, -7.286874576457207 ], [ 112.796034282613419, -7.286876303034139 ], [ 112.796034544377832, -7.286879650767328 ], [ 112.796034674030579, -7.286882378289505 ], [ 112.796034858172419, -7.286886252105975 ], [ 112.796034877611021, -7.286891132200175 ], [ 112.796034167206116, -7.286896618732176 ], [ 112.79603376193316, -7.28689974869804 ], [ 112.796031107985144, -7.286904261348907 ], [ 112.796029192881008, -7.286907517703651 ], [ 112.79602662600503, -7.286912695137806 ], [ 112.796024069420056, -7.286920456151289 ], [ 112.796021798043455, -7.286927641894281 ], [ 112.796018857789818, -7.286932162038767 ], [ 112.796016368791726, -7.286935988453783 ], [ 112.796010638323168, -7.286940891382569 ], [ 112.796007212391132, -7.286946933435009 ], [ 112.796001192140125, -7.286951263376723 ], [ 112.795996539387346, -7.286956107762545 ], [ 112.795991681229268, -7.286961166013532 ], [ 112.795987732386052, -7.286965277497683 ], [ 112.795984586014598, -7.286968553458571 ], [ 112.795983032489971, -7.286972740557546 ], [ 112.795981172659722, -7.286977753219039 ], [ 112.795981189128796, -7.286981887877938 ], [ 112.795981219540266, -7.28698952285825 ], [ 112.79598133451195, -7.28699373791284 ], [ 112.795981556203174, -7.287001865484549 ], [ 112.795979574608012, -7.287009624214627 ], [ 112.795978141704722, -7.287010778180678 ], [ 112.795972059535217, -7.287012242067511 ], [ 112.795967227170138, -7.287013405145103 ], [ 112.795962493368293, -7.287018895086985 ], [ 112.795958853191976, -7.287023116716109 ], [ 112.795954062982446, -7.287028672075471 ], [ 112.795949378690139, -7.287031851050718 ], [ 112.795945212740136, -7.287034678255039 ], [ 112.795940873063643, -7.287036245275178 ], [ 112.79593449482303, -7.28703854840338 ], [ 112.795930008073753, -7.287040960682931 ], [ 112.795922503384219, -7.287044995543591 ], [ 112.795917276903921, -7.287047805535837 ], [ 112.795911543973375, -7.287050887818498 ], [ 112.795906711679123, -7.28705599463522 ], [ 112.795903285218429, -7.287059615752933 ], [ 112.795896274912778, -7.28706702431341 ], [ 112.795892303072108, -7.287075345659333 ], [ 112.795886390727262, -7.287087732527047 ], [ 112.795882456716825, -7.287101690835072 ], [ 112.795877318930948, -7.287119920271732 ], [ 112.795873769695802, -7.287140603542953 ], [ 112.795871556995834, -7.287153498115924 ], [ 112.795869826178659, -7.287163584503094 ], [ 112.795870144286198, -7.287175619059777 ], [ 112.795870412926163, -7.287185782170165 ], [ 112.795866700638769, -7.287192112428466 ], [ 112.795877367701905, -7.287199533860463 ], [ 112.795886731856626, -7.287202068566549 ], [ 112.795907592466094, -7.287208887107472 ], [ 112.79592740123482, -7.287219717061357 ], [ 112.79592983705119, -7.287229754800211 ], [ 112.795918430609149, -7.287253244059809 ], [ 112.795921855235903, -7.287270933043085 ], [ 112.795916634277233, -7.287286399016721 ], [ 112.79590667691086, -7.287288735111268 ], [ 112.795898274198109, -7.28729642365162 ], [ 112.795902972212389, -7.287322405230879 ] ] ] ] } },
{ "type": "Feature", "properties": { "id": 22, "Id": 0, "Luas": 1513.66230152 }, "geometry": { "type": "MultiPolygon", "coordinates": [ [ [ [ 112.795027141012199, -7.28070798566998 ], [ 112.7949717572249, -7.280757963957607 ], [ 112.794956553743674, -7.280790558752279 ], [ 112.794956660311328, -7.280817351449412 ], [ 112.794958710132406, -7.28085083472006 ], [ 112.794947263750686, -7.280864276672895 ], [ 112.794941532947618, -7.280869083885148 ], [ 112.794932942451695, -7.280877730026557 ], [ 112.794903269232975, -7.280886459774202 ], [ 112.794881235816419, -7.280888460943887 ], [ 112.794865864868541, -7.280878952926292 ], [ 112.794854372813205, -7.280880912292536 ], [ 112.79482752503354, -7.280877191167749 ], [ 112.794810256504178, -7.28087247515863 ], [ 112.794791999224074, -7.280860107891833 ], [ 112.794780427249975, -7.280841972731355 ], [ 112.794763094027076, -7.280820989723613 ], [ 112.794751487805399, -7.280794242622527 ], [ 112.79475526774948, -7.280780831072857 ], [ 112.794760930054281, -7.280758799984087 ], [ 112.79476274772081, -7.280733913448547 ], [ 112.794762663999052, -7.280712862041334 ], [ 112.794773125440642, -7.28069272571758 ], [ 112.794782617159612, -7.280669722547305 ], [ 112.794780639660615, -7.28065442003284 ], [ 112.794773843997717, -7.280632438342701 ], [ 112.794767995224319, -7.280607582205972 ], [ 112.794763161838873, -7.280597075501476 ], [ 112.794755503009497, -7.280599019664257 ], [ 112.794745973235166, -7.280612454012434 ], [ 112.794740276680756, -7.280625873161414 ], [ 112.794725940158173, -7.280635498979645 ], [ 112.794706770250031, -7.280634618092232 ], [ 112.794694308477787, -7.280633710606229 ], [ 112.794686634425929, -7.28063182723931 ], [ 112.794665544102017, -7.280629997067264 ], [ 112.794642483894535, -7.280614778142339 ], [ 112.794628029408571, -7.280594740609017 ], [ 112.794612609008624, -7.280572793109961 ], [ 112.794612529100874, -7.280552698583096 ], [ 112.794615369769744, -7.280544075244586 ], [ 112.794598101254238, -7.280539359223661 ], [ 112.794576041213972, -7.280534662198929 ], [ 112.794561681858951, -7.2805385467186 ], [ 112.79454732630856, -7.280543388120143 ], [ 112.794532001037894, -7.280545362673762 ], [ 112.794519463168939, -7.280525317536584 ], [ 112.794522277205317, -7.280509996022299 ], [ 112.794522208716984, -7.280492772141219 ], [ 112.79450490215504, -7.280478487293078 ], [ 112.794502008216071, -7.280473714279251 ], [ 112.794493314984948, -7.2804565245906 ], [ 112.794498981107978, -7.280435450384999 ], [ 112.794500814011556, -7.280414391376103 ], [ 112.79451889243758, -7.280381785193748 ], [ 112.794528426021529, -7.280369307732068 ], [ 112.794540819299385, -7.280352991343527 ], [ 112.79455894718437, -7.280332824630292 ], [ 112.794573298923481, -7.280327026347736 ], [ 112.79459244598975, -7.280322165950563 ], [ 112.794600104816112, -7.28032022179148 ], [ 112.794606812947791, -7.280320195196126 ], [ 112.794610589090979, -7.280305826765091 ], [ 112.794631641349483, -7.280298088121174 ], [ 112.794660394288371, -7.280298931020939 ], [ 112.794676708294801, -7.280304607723319 ], [ 112.794701666067581, -7.280315034640211 ], [ 112.794695973318511, -7.280329410670376 ], [ 112.794691219847763, -7.280338998490049 ], [ 112.794689352706044, -7.280351445557722 ], [ 112.794687489369466, -7.280364849507593 ], [ 112.794681785204105, -7.28037635489121 ], [ 112.794675118928694, -7.280386907192152 ], [ 112.794680906808352, -7.28039645321704 ], [ 112.794696266319249, -7.280403090599472 ], [ 112.794702103667746, -7.280425076092389 ], [ 112.794716516291004, -7.280434587920006 ], [ 112.794720433226402, -7.280455624129408 ], [ 112.794723365220378, -7.280469965963078 ], [ 112.794728202408251, -7.280481429550824 ], [ 112.79474545189467, -7.28048136115618 ], [ 112.79475406902705, -7.280479413194283 ], [ 112.794785784415822, -7.280502252973278 ], [ 112.794810704146499, -7.280503111059487 ], [ 112.794833688239478, -7.280499192333553 ], [ 112.794842351038412, -7.28050872695535 ], [ 112.794850093589048, -7.280527834197931 ], [ 112.794863574552807, -7.280544047993915 ], [ 112.79487988476393, -7.280548767804024 ], [ 112.79489043753459, -7.280551596649709 ], [ 112.794906751551807, -7.280557273340794 ], [ 112.794914467465787, -7.28056968240685 ], [ 112.794919316077085, -7.28058401663726 ], [ 112.794919357940842, -7.280594542340022 ], [ 112.79490988145335, -7.280621373039449 ], [ 112.794911824703959, -7.280628063613666 ], [ 112.794953123160809, -7.280650865374575 ], [ 112.794970391681247, -7.280655581379972 ], [ 112.794992474563088, -7.280666019675131 ], [ 112.795006891005173, -7.28067648837201 ], [ 112.795027141012199, -7.28070798566998 ] ] ] ] } },
{ "type": "Feature", "properties": { "id": 19, "Id": 0, "Luas": 794.109081909 }, "geometry": { "type": "MultiPolygon", "coordinates": [ [ [ [ 112.796186104599315, -7.28619396214183 ], [ 112.796194699715429, -7.286186464217082 ], [ 112.796204160746072, -7.286179824060095 ], [ 112.796214404061644, -7.286174355520866 ], [ 112.79621952865682, -7.286161704138412 ], [ 112.796230412295714, -7.286151326435911 ], [ 112.796240734666014, -7.286144395788884 ], [ 112.796246459406021, -7.286138057538396 ], [ 112.796253525025961, -7.286131522583429 ], [ 112.796253874810702, -7.286123100507125 ], [ 112.796252294241981, -7.286111241270443 ], [ 112.796250339494719, -7.286101680070741 ], [ 112.796251851455622, -7.286096315447054 ], [ 112.796258351233107, -7.286092079290433 ], [ 112.796275968999524, -7.286088181738209 ], [ 112.796290915678156, -7.286087356861444 ], [ 112.796312775952856, -7.286089949353421 ], [ 112.796323531960766, -7.286095648013214 ], [ 112.796334691116172, -7.286106320931995 ], [ 112.796340883800937, -7.28612122391847 ], [ 112.79634708715912, -7.286138806171796 ], [ 112.796347910225961, -7.286152964966953 ], [ 112.796349141014744, -7.286173246278616 ], [ 112.796350710913529, -7.286182426247254 ], [ 112.796351785466982, -7.286187544563975 ], [ 112.796359258045214, -7.286186940747815 ], [ 112.796366440841467, -7.286185763944728 ], [ 112.796375079408577, -7.286189174461445 ], [ 112.796380286334866, -7.286197191709198 ], [ 112.796385769320565, -7.286202337171853 ], [ 112.796396802661633, -7.286213501794475 ], [ 112.796403100330792, -7.286230700913079 ], [ 112.796408433966491, -7.286246468516127 ], [ 112.796409455179827, -7.286262253247134 ], [ 112.796408519735351, -7.286267998339648 ], [ 112.796406618350744, -7.286271833476315 ], [ 112.796399461474607, -7.286279517071475 ], [ 112.796399018529954, -7.286288609344572 ], [ 112.79640097328199, -7.286298170542549 ], [ 112.796402452687985, -7.286308690524709 ], [ 112.796401053333156, -7.286318265044556 ], [ 112.796398212691855, -7.286326888392759 ], [ 112.796397758311457, -7.286333110022683 ], [ 112.79639682286691, -7.286338855115247 ], [ 112.796389175395717, -7.28634366997049 ], [ 112.796388239951085, -7.286349415063065 ], [ 112.79639257905859, -7.286356096102293 ], [ 112.796400726654014, -7.286356542189549 ], [ 112.796409361031593, -7.286358900135579 ], [ 112.796416592242835, -7.28636987572023 ], [ 112.796419586024001, -7.286383655892839 ], [ 112.796418083213979, -7.286391317031235 ], [ 112.796415796977797, -7.286394770938159 ], [ 112.796415816800391, -7.286399746719554 ], [ 112.796412007931465, -7.286405885983485 ], [ 112.796407814211037, -7.286411644017519 ], [ 112.796407061281144, -7.286415091834321 ], [ 112.796407858430612, -7.286422743837583 ], [ 112.796408643381639, -7.286427333821514 ], [ 112.796410605759291, -7.286438808781277 ], [ 112.7964106759011, -7.286456415392334 ], [ 112.796408817211159, -7.286470967596807 ], [ 112.796400043392993, -7.28648171968281 ], [ 112.796371704665788, -7.28648872189314 ], [ 112.79635332938166, -7.286494919012233 ], [ 112.796338011561772, -7.286498807436213 ], [ 112.796320398355604, -7.286503853251886 ], [ 112.796310054633594, -7.28650542536826 ], [ 112.796294709367416, -7.286502424247084 ], [ 112.796287410912711, -7.28649862564918 ], [ 112.796283536478128, -7.286488306557702 ], [ 112.796275805906163, -7.286472261403835 ], [ 112.796267305632142, -7.286455453789627 ], [ 112.79625922070403, -7.286446682454058 ], [ 112.796254578092757, -7.286435983654421 ], [ 112.796245718888599, -7.286425301601006 ], [ 112.796241075280221, -7.286425121352766 ], [ 112.796239915008741, -7.286422542340888 ], [ 112.796236168425906, -7.286420260669415 ], [ 112.796233292332545, -7.286419985022957 ], [ 112.796230698016672, -7.286418272912974 ], [ 112.796228288838321, -7.286414604055023 ], [ 112.796226349000065, -7.286409103980833 ], [ 112.79622776932257, -7.286404792306828 ], [ 112.796228049956596, -7.286403068779009 ], [ 112.796228030927495, -7.286398291684403 ], [ 112.796228022512764, -7.286396179234811 ], [ 112.796226838228151, -7.286387571871729 ], [ 112.796226185487171, -7.286380307643157 ], [ 112.796225935721154, -7.286377528045145 ], [ 112.796224751436711, -7.286368920681982 ], [ 112.796222151403811, -7.286365773250171 ], [ 112.796218396817167, -7.286361482128042 ], [ 112.7962143490183, -7.286355756825923 ], [ 112.79620886145787, -7.286349463103845 ], [ 112.796205074854399, -7.286337134179874 ], [ 112.796205262748558, -7.286328993810988 ], [ 112.796205320041068, -7.286326511657346 ], [ 112.796206558361789, -7.286319830678116 ], [ 112.796207290197287, -7.2863158822843 ], [ 112.79621071726703, -7.286310127296379 ], [ 112.796213643937847, -7.286307017982661 ], [ 112.796215870449672, -7.286304652522245 ], [ 112.796220745285041, -7.286301475404593 ], [ 112.796222749745127, -7.286299457961855 ], [ 112.796225037126192, -7.286296291119998 ], [ 112.796225884745738, -7.286292555858286 ], [ 112.796225866450158, -7.286287962828809 ], [ 112.796224699318486, -7.2862836614307 ], [ 112.79622325040927, -7.286280796496061 ], [ 112.796221225366807, -7.286277646780594 ], [ 112.796222070699457, -7.286273337390201 ], [ 112.796223198953129, -7.286267878600666 ], [ 112.796223790839292, -7.28626235969649 ], [ 112.796224307767815, -7.286257539717282 ], [ 112.796223863261048, -7.286253892148176 ], [ 112.796223118910447, -7.286247784096649 ], [ 112.79622080179945, -7.286243487265485 ], [ 112.79621820519786, -7.286241201026503 ], [ 112.796214734677122, -7.286236047569274 ], [ 112.796212418709729, -7.286232037802418 ], [ 112.796210674301804, -7.286227164559009 ], [ 112.796208645829381, -7.286223153650351 ], [ 112.796202609580646, -7.286223464691187 ], [ 112.796198008519369, -7.286223195894601 ], [ 112.796183907549548, -7.2862198070671 ], [ 112.796180152964794, -7.28621551594421 ], [ 112.79617998049136, -7.286212326063596 ], [ 112.796179842601262, -7.286209775798956 ], [ 112.796181212505374, -7.286205266550787 ], [ 112.796182112830905, -7.286202302992081 ], [ 112.796184089533909, -7.28619817264634 ], [ 112.796186104599315, -7.28619396214183 ] ] ] ] } },
{ "type": "Feature", "properties": { "id": 20, "Id": 0, "Luas": 917.60346965199994 }, "geometry": { "type": "MultiPolygon", "coordinates": [ [ [ [ 112.7961273625274, -7.286748238388844 ], [ 112.796124174923492, -7.286741935532534 ], [ 112.796119849917091, -7.28673879495115 ], [ 112.796116391970259, -7.286736799201837 ], [ 112.796114654420791, -7.286733648344494 ], [ 112.796112309863801, -7.286722461968743 ], [ 112.796109118829904, -7.286715297919186 ], [ 112.796102503010005, -7.286714462986391 ], [ 112.796094143923639, -7.286709041874244 ], [ 112.79609041563377, -7.286711353231745 ], [ 112.79608524300717, -7.286711947911749 ], [ 112.796080892845424, -7.286702491913939 ], [ 112.796069930294607, -7.286693062175741 ], [ 112.796067019896284, -7.286684174597752 ], [ 112.79606097906715, -7.286683337380758 ], [ 112.796055788145864, -7.286679339030558 ], [ 112.796054336948856, -7.286675899966766 ], [ 112.796049422088672, -7.286669029831085 ], [ 112.796048547025521, -7.28666587554819 ], [ 112.796046518551464, -7.286661864638992 ], [ 112.796042183255594, -7.286656140477253 ], [ 112.7960387253097, -7.286654144727069 ], [ 112.796038270642384, -7.286651833602222 ], [ 112.796037258105159, -7.286646686762014 ], [ 112.796037383208798, -7.286643823920937 ], [ 112.796037521588701, -7.286640657268593 ], [ 112.796037998333304, -7.286635697829002 ], [ 112.796038349771891, -7.286632041912508 ], [ 112.79604053585787, -7.286628739313318 ], [ 112.796041779132352, -7.286626861053525 ], [ 112.79604255527731, -7.286624504913189 ], [ 112.796043199456932, -7.286622549379543 ], [ 112.796043683347619, -7.286620283440935 ], [ 112.796044610634226, -7.286615941190616 ], [ 112.796045866103057, -7.286614044508316 ], [ 112.796047468434466, -7.286611623808148 ], [ 112.796049811495195, -7.286609141426815 ], [ 112.796052907973817, -7.286605860828563 ], [ 112.796055580095, -7.286603917661815 ], [ 112.796068102909217, -7.28659517893673 ], [ 112.796066361930571, -7.286591166885898 ], [ 112.796065131694405, -7.286587016730365 ], [ 112.796064322022673, -7.286584285333095 ], [ 112.796065001026022, -7.286580541098403 ], [ 112.796065728625976, -7.286576528886745 ], [ 112.796067400389219, -7.28657244899263 ], [ 112.796069145408183, -7.286568190319747 ], [ 112.796070971765076, -7.286565785826801 ], [ 112.796072863406451, -7.286563295383406 ], [ 112.796074875872165, -7.286563287391453 ], [ 112.796080904121936, -7.286560966900628 ], [ 112.796085778960958, -7.286557789783539 ], [ 112.796088351552271, -7.286554047671424 ], [ 112.796088032041212, -7.286546011011061 ], [ 112.796088285233523, -7.286537397938536 ], [ 112.796088257312263, -7.286530388120974 ], [ 112.796088247500506, -7.28652792481458 ], [ 112.7960876888814, -7.286524569664631 ], [ 112.79608700964323, -7.286520490058393 ], [ 112.796086480223408, -7.286517310283533 ], [ 112.79608703806224, -7.286513002034685 ], [ 112.79608702662803, -7.286510131391079 ], [ 112.796090171922458, -7.286505812866882 ], [ 112.796091756245076, -7.286504616544841 ], [ 112.796093611572417, -7.286503215587104 ], [ 112.796096486523027, -7.286503204169989 ], [ 112.796098308029599, -7.286502909575916 ], [ 112.796100302768863, -7.286502586964747 ], [ 112.796101945498904, -7.28650232128436 ], [ 112.7961035938865, -7.286501372056258 ], [ 112.796104817155907, -7.286500667633521 ], [ 112.796105961282308, -7.286500008785464 ], [ 112.796107613471776, -7.286499952226036 ], [ 112.796109444568202, -7.286499889542058 ], [ 112.796111968417833, -7.286499803143031 ], [ 112.796113691597938, -7.286499744153353 ], [ 112.796115447475756, -7.286499684044331 ], [ 112.796119271810468, -7.286500234251921 ], [ 112.796121557063231, -7.286500563031547 ], [ 112.796123214416028, -7.286500801475125 ], [ 112.796126327488878, -7.286500641062307 ], [ 112.796129250668727, -7.286500490434418 ], [ 112.79613229643661, -7.286499516735241 ], [ 112.796134706214062, -7.28649874635533 ], [ 112.796136613213505, -7.286498385897559 ], [ 112.796139189161707, -7.286497898996199 ], [ 112.796141402995787, -7.286497480541016 ], [ 112.796143870555639, -7.286496867261364 ], [ 112.796146174326921, -7.286496191452078 ], [ 112.796148492043571, -7.286495511551959 ], [ 112.796150946424575, -7.286494791561456 ], [ 112.796153375097049, -7.286494079112498 ], [ 112.79615496074841, -7.286492760559495 ], [ 112.796156735043027, -7.286491285139598 ], [ 112.796158216090276, -7.286490053570419 ], [ 112.796159965757312, -7.286488598629663 ], [ 112.79616159607896, -7.286487702276278 ], [ 112.796163308536393, -7.286486760764504 ], [ 112.796164619008493, -7.2864860402649 ], [ 112.796166276926613, -7.286485128738898 ], [ 112.796167861480768, -7.286485754322929 ], [ 112.796169430325037, -7.286486373704653 ], [ 112.796170596213017, -7.286486833998676 ], [ 112.796173215912006, -7.286488779621852 ], [ 112.796176363265914, -7.286491117128708 ], [ 112.796180470828162, -7.286492318732746 ], [ 112.796183155459346, -7.286493104080203 ], [ 112.79618701316069, -7.286494232591211 ], [ 112.796190304980144, -7.286495222641602 ], [ 112.796194014090361, -7.28649633819672 ], [ 112.796197375560538, -7.286497349195232 ], [ 112.796200274879951, -7.286497893990133 ], [ 112.796204856149089, -7.286498754830729 ], [ 112.79621330618636, -7.286506416447076 ], [ 112.796220523674762, -7.286513947263279 ], [ 112.796227967881393, -7.286520654248122 ], [ 112.796232592197214, -7.286526760018541 ], [ 112.796237175346477, -7.286522531472733 ], [ 112.796242519050367, -7.286516768872285 ], [ 112.796249774813617, -7.286509850402394 ], [ 112.796255889744728, -7.286505233014365 ], [ 112.79626124107169, -7.286501384176033 ], [ 112.796269278734925, -7.286498290185524 ], [ 112.796275025586112, -7.28649750184419 ], [ 112.796281540615382, -7.286497093210352 ], [ 112.79628539980277, -7.286503584777424 ], [ 112.796290046989995, -7.286515431833683 ], [ 112.796295063781585, -7.286523832595454 ], [ 112.796304280395162, -7.286528006333221 ], [ 112.796312736454468, -7.286533714125421 ], [ 112.79631968512804, -7.286545934798704 ], [ 112.796328915465196, -7.286553553307675 ], [ 112.796340080733842, -7.286565757232993 ], [ 112.796351206358352, -7.286568009594832 ], [ 112.796358862219705, -7.286565299877545 ], [ 112.796366516556134, -7.286562207407755 ], [ 112.796377643705355, -7.286564842521343 ], [ 112.796385710340019, -7.286569020824649 ], [ 112.796396087609097, -7.286575869259405 ], [ 112.796406087651121, -7.286584250226048 ], [ 112.796414937713209, -7.286592635760082 ], [ 112.796428393796262, -7.2866025340325 ], [ 112.796436483305087, -7.286612453620716 ], [ 112.796439991191562, -7.286626984508735 ], [ 112.796435794420418, -7.286631977038602 ], [ 112.796436979473114, -7.286640775776147 ], [ 112.796442379595803, -7.286649175012612 ], [ 112.796446243361714, -7.286656814834626 ], [ 112.796441293660905, -7.286665255181442 ], [ 112.796437865068043, -7.286670627418555 ], [ 112.796437512239066, -7.28667828398929 ], [ 112.79644098810374, -7.286684777076649 ], [ 112.79644254428456, -7.286690512272269 ], [ 112.79644373086272, -7.286699693762113 ], [ 112.796440696270892, -7.28670774374352 ], [ 112.796421227420495, -7.286728107274183 ], [ 112.796408620330354, -7.286738874587427 ], [ 112.796396369118739, -7.286742750834465 ], [ 112.796387586147333, -7.286751206407006 ], [ 112.796382650168397, -7.286763091525413 ], [ 112.796366580935185, -7.286770810521835 ], [ 112.796355093326326, -7.286773918218064 ], [ 112.796345866033093, -7.28676706521576 ], [ 112.796335099333135, -7.286758687293655 ], [ 112.796324751031193, -7.286759111154502 ], [ 112.796317073819168, -7.286756462338007 ], [ 112.796309367635999, -7.28674654122521 ], [ 112.796303177988108, -7.286732403745399 ], [ 112.796301217134769, -7.286721311537356 ], [ 112.796307330542703, -7.286716311395664 ], [ 112.796318792229229, -7.286706696909611 ], [ 112.7963245055371, -7.286697488013597 ], [ 112.796325605199257, -7.286684852615913 ], [ 112.796320961057944, -7.286673771065614 ], [ 112.796314030678971, -7.286666143422103 ], [ 112.796306677329156, -7.286648565737644 ], [ 112.796300108930922, -7.286635578037155 ], [ 112.796291642196181, -7.286627190978102 ], [ 112.796279372688645, -7.286626474192232 ], [ 112.796266727477899, -7.286627672690676 ], [ 112.796254848920668, -7.286628868143911 ], [ 112.79624721897757, -7.286638084651416 ], [ 112.796244172184259, -7.286643072612712 ], [ 112.796243436025037, -7.286650730706521 ], [ 112.796246531609569, -7.286657990823458 ], [ 112.796252710581157, -7.286669449037684 ], [ 112.796258121374635, -7.286680527544179 ], [ 112.796265063951139, -7.286691217208267 ], [ 112.796267383734161, -7.286696183855208 ], [ 112.796274312588366, -7.286703428747079 ], [ 112.79627971575907, -7.286712593490875 ], [ 112.796279350729378, -7.286717188042631 ], [ 112.796277875362975, -7.286731738725197 ], [ 112.796271383201812, -7.286737888646396 ], [ 112.796259133512933, -7.286742147642442 ], [ 112.796248798933576, -7.286746016273472 ], [ 112.796236963065823, -7.286757928795466 ], [ 112.796225081455518, -7.286758358743866 ], [ 112.796222410364763, -7.28676143142055 ], [ 112.79621666046063, -7.286761454257164 ], [ 112.796211258814907, -7.286752672264884 ], [ 112.796205098139126, -7.286745807079625 ], [ 112.796195101144818, -7.286738191613468 ], [ 112.796187039081786, -7.286735161564444 ], [ 112.796175177292568, -7.286740567293393 ], [ 112.796164077582873, -7.286744821719899 ], [ 112.79615105361485, -7.286747169995765 ], [ 112.796139175053497, -7.286748365446764 ], [ 112.796139043563841, -7.28674706281692 ], [ 112.7961273625274, -7.286748238388844 ] ] ] ] } },
{ "type": "Feature", "properties": { "id": 21, "Id": 0, "Luas": 1177.14462688 }, "geometry": { "type": "MultiPolygon", "coordinates": [ [ [ [ 112.795217892501114, -7.286052962403021 ], [ 112.795206112712648, -7.286051884803729 ], [ 112.795200610011975, -7.286053820437693 ], [ 112.795197967975696, -7.286052156354571 ], [ 112.795197000136113, -7.286049767953919 ], [ 112.795194593869681, -7.286047146038146 ], [ 112.79519146219981, -7.28604285243208 ], [ 112.795184748271325, -7.286041443734352 ], [ 112.795180685902125, -7.286044091324048 ], [ 112.795173018418751, -7.286043882531791 ], [ 112.795163663406413, -7.286041048970807 ], [ 112.795158871824484, -7.28604106798824 ], [ 112.795153854947884, -7.286044676262932 ], [ 112.795149552046993, -7.286047085582823 ], [ 112.795144765226425, -7.286048300702276 ], [ 112.79513973596984, -7.286048799111237 ], [ 112.795130398098493, -7.286050271517343 ], [ 112.795122250504363, -7.286049825405505 ], [ 112.795112671149198, -7.286050820321244 ], [ 112.795111227960916, -7.286049390703712 ], [ 112.79510570811874, -7.286047020368781 ], [ 112.79509826973927, -7.286044179199626 ], [ 112.795091795389823, -7.286042769549598 ], [ 112.795085806864421, -7.286043032540858 ], [ 112.795080787130246, -7.286045923153588 ], [ 112.795076499464855, -7.286052159999882 ], [ 112.795067419264754, -7.286058176642323 ], [ 112.795062374771831, -7.286054847523436 ], [ 112.795058305735822, -7.286055820569127 ], [ 112.795052565359413, -7.286058235593176 ], [ 112.795046583499328, -7.286060173127091 ], [ 112.795044436809619, -7.28606257388883 ], [ 112.795039658558466, -7.286065941991263 ], [ 112.79503559523566, -7.286068350359469 ], [ 112.795026259267516, -7.286070301204463 ], [ 112.795023631514923, -7.286072225426873 ], [ 112.795021009475661, -7.286075584971933 ], [ 112.79501599354947, -7.286079432465884 ], [ 112.795008109339079, -7.286084965912522 ], [ 112.795003560192086, -7.286085701638974 ], [ 112.794999951269489, -7.286081888373693 ], [ 112.794996338538112, -7.286077118226569 ], [ 112.794991558381909, -7.286080007887714 ], [ 112.794985813243599, -7.286081226808817 ], [ 112.794977666600616, -7.286081019914931 ], [ 112.79497239014627, -7.28607960550933 ], [ 112.794966866495244, -7.286076278290837 ], [ 112.794960629819997, -7.286074389247244 ], [ 112.794952962335316, -7.286074180451372 ], [ 112.794945536334112, -7.286074449145484 ], [ 112.79493908007565, -7.286077584681954 ], [ 112.794931194911825, -7.28608287890701 ], [ 112.794923549326953, -7.286088172181207 ], [ 112.794916615814131, -7.286091788059831 ], [ 112.794909690870711, -7.286097556922541 ], [ 112.794901790471457, -7.286099023619873 ], [ 112.794896274437761, -7.286097610164106 ], [ 112.794891464763467, -7.286093083990079 ], [ 112.794886420270913, -7.286089754868994 ], [ 112.794878505589281, -7.286087633258925 ], [ 112.794874174234778, -7.286085904110148 ], [ 112.794868974188262, -7.286079609225482 ], [ 112.794866083242354, -7.286075601730277 ], [ 112.79486029449528, -7.28606586435244 ], [ 112.79485681027856, -7.286057266105914 ], [ 112.794852691658917, -7.28603374278374 ], [ 112.794856020487146, -7.286003300249996 ], [ 112.794867465441698, -7.285989475517104 ], [ 112.794878342261129, -7.285977375453143 ], [ 112.794890394196216, -7.285971586245876 ], [ 112.794890946334576, -7.285965842672987 ], [ 112.7948851484485, -7.285953808778771 ], [ 112.794874191650479, -7.28594581432351 ], [ 112.794863777851191, -7.28592977977849 ], [ 112.794860291350986, -7.285920607402542 ], [ 112.794859077388963, -7.28590453635037 ], [ 112.794858442987078, -7.285889611274736 ], [ 112.794861854079073, -7.285879837389635 ], [ 112.794865258315696, -7.285868341117136 ], [ 112.794868662552219, -7.285856844844685 ], [ 112.794874373602596, -7.285847061832929 ], [ 112.794891093587168, -7.285831912245582 ], [ 112.794899015894259, -7.285826295072438 ], [ 112.794903599815555, -7.285822257915076 ], [ 112.794916824577058, -7.285822205435869 ], [ 112.794922533340852, -7.285811848294765 ], [ 112.794944341813121, -7.285801427265135 ], [ 112.794961591500837, -7.285801358812559 ], [ 112.794982870685885, -7.285802422645 ], [ 112.794996697858565, -7.285809257430811 ], [ 112.795004747712781, -7.285809225485392 ], [ 112.795028862996091, -7.285800517712175 ], [ 112.795036926561679, -7.285803930540644 ], [ 112.795042110608918, -7.285806206520154 ], [ 112.795050710314172, -7.285799856872309 ], [ 112.795057589621109, -7.285794662328163 ], [ 112.795080014213383, -7.285794573334155 ], [ 112.795103025221707, -7.285797352702345 ], [ 112.795118004659599, -7.285804757049214 ], [ 112.795128402464741, -7.285816772683665 ], [ 112.795143968320247, -7.285827045392606 ], [ 112.795152034172148, -7.285831032347758 ], [ 112.795164670229838, -7.285827537369062 ], [ 112.795174426768597, -7.285822905542234 ], [ 112.795188226517695, -7.285822850773049 ], [ 112.795216478712717, -7.28584225933781 ], [ 112.795232087995885, -7.285863440494199 ], [ 112.79524653815912, -7.285882329697935 ], [ 112.795254663437817, -7.285901244004812 ], [ 112.795266950709433, -7.285929526929574 ], [ 112.795268611753457, -7.285938507617367 ], [ 112.795273307667131, -7.285962602777507 ], [ 112.795273951225866, -7.28597982436508 ], [ 112.795275156060683, -7.285993598896479 ], [ 112.795263692836059, -7.286002830604694 ], [ 112.79525567726391, -7.286011474490564 ], [ 112.795246518568717, -7.286021845327716 ], [ 112.795235048485949, -7.286029354648509 ], [ 112.795226462494156, -7.286039149074276 ], [ 112.795217892501114, -7.286052962403021 ] ] ] ] } },
{ "type": "Feature", "properties": { "id": 23, "Id": 0, "Luas": 1243.1982843799999 }, "geometry": { "type": "MultiPolygon", "coordinates": [ [ [ [ 112.797866945330924, -7.278469166784378 ], [ 112.797885477613789, -7.27846237100225 ], [ 112.797893588855274, -7.278453726731637 ], [ 112.797895946492616, -7.278444148412412 ], [ 112.797902131608623, -7.278433119550992 ], [ 112.797912636690739, -7.27842398732662 ], [ 112.797921248040993, -7.278420603996349 ], [ 112.797924562070918, -7.278410543431455 ], [ 112.797927379801877, -7.278396178806721 ], [ 112.797930680493096, -7.278382769159861 ], [ 112.797928240919916, -7.278371774546643 ], [ 112.797924350560521, -7.278357436559411 ], [ 112.797915218141497, -7.278350296105695 ], [ 112.797907555563611, -7.278351283428809 ], [ 112.797902256339285, -7.278344127753538 ], [ 112.797897422926198, -7.27833362109342 ], [ 112.797899696723505, -7.27830299140124 ], [ 112.797900628345687, -7.278296289431813 ], [ 112.797900101560231, -7.278284330327027 ], [ 112.797900546411427, -7.278275716499037 ], [ 112.797900038680552, -7.278268541797174 ], [ 112.797900943626615, -7.278255141663603 ], [ 112.797900899801519, -7.278244137536766 ], [ 112.797891290141706, -7.278237477424814 ], [ 112.797882134860956, -7.278224595686027 ], [ 112.797876402219515, -7.278228924479884 ], [ 112.797866824952038, -7.278230397852455 ], [ 112.797854846222364, -7.278230445416757 ], [ 112.797843787683547, -7.27822092036937 ], [ 112.797836048892947, -7.278202770078143 ], [ 112.79782451692212, -7.278194682253509 ], [ 112.797813454574154, -7.278184200324334 ], [ 112.79780144154968, -7.27817563596107 ], [ 112.79778896080829, -7.278169944141803 ], [ 112.797771692386291, -7.278165228227448 ], [ 112.797738146230316, -7.278163926077451 ], [ 112.797730019747107, -7.278168742822034 ], [ 112.797718075312218, -7.278177402308585 ], [ 112.797710441314223, -7.278185566232992 ], [ 112.797701347005827, -7.278187994580272 ], [ 112.797693205280098, -7.278188983801563 ], [ 112.797684578689498, -7.278188539604054 ], [ 112.797674989990128, -7.278187142330367 ], [ 112.797667323603079, -7.278187172768129 ], [ 112.797662064392981, -7.2781900643362 ], [ 112.797658697012437, -7.278186728570095 ], [ 112.797655335347415, -7.278184828125049 ], [ 112.797646191504555, -7.278174817021793 ], [ 112.797643333755772, -7.27817913439907 ], [ 112.797642873658035, -7.278183920705054 ], [ 112.797637133393408, -7.27818633573482 ], [ 112.79762899738266, -7.278188760276118 ], [ 112.797618001717524, -7.278195023754114 ], [ 112.79761035247617, -7.278199360154322 ], [ 112.797609915239534, -7.278209887744885 ], [ 112.79760898742299, -7.278217546595486 ], [ 112.797592217199508, -7.27821761317576 ], [ 112.797580221322548, -7.278213354769269 ], [ 112.797577812240704, -7.278210015197935 ], [ 112.797571079385321, -7.278203822104614 ], [ 112.797566265032088, -7.278198099842527 ], [ 112.797564808533735, -7.278193321145388 ], [ 112.797561433533446, -7.278188071616847 ], [ 112.797549466233164, -7.278190989815172 ], [ 112.797532195905546, -7.278185795450853 ], [ 112.7975245542832, -7.278192045611358 ], [ 112.797517821428698, -7.278185852517011 ], [ 112.797510609425117, -7.278179661324686 ], [ 112.797498583069611, -7.278167747869096 ], [ 112.797481734743187, -7.278148198387989 ], [ 112.797474973315531, -7.278134828686476 ], [ 112.797471117262589, -7.278129102618624 ], [ 112.797474423683042, -7.278117128293345 ], [ 112.797481133676342, -7.278117580103818 ], [ 112.797495983490563, -7.2781165642564 ], [ 112.797491172949222, -7.278111798873836 ], [ 112.797490186076416, -7.278104626072008 ], [ 112.797493040016676, -7.278099351814621 ], [ 112.79750308690889, -7.278095484346123 ], [ 112.797512675606583, -7.278096881624066 ], [ 112.797517022238694, -7.278105476431757 ], [ 112.797520401047692, -7.278111682841732 ], [ 112.797519952378522, -7.278119339790319 ], [ 112.797528567538322, -7.278116913348969 ], [ 112.797532385491465, -7.278113070608225 ], [ 112.797538135281229, -7.278113047781861 ], [ 112.797540013777464, -7.278103471365139 ], [ 112.797539030713963, -7.278097255444382 ], [ 112.797542359992661, -7.278091022403824 ], [ 112.797545221552269, -7.278087661907881 ], [ 112.797552412599089, -7.278088590255595 ], [ 112.797556232456841, -7.278085225955151 ], [ 112.797560502888118, -7.278074683146597 ], [ 112.797560953461755, -7.278067504638541 ], [ 112.79756764630875, -7.278063650484385 ], [ 112.797579134456541, -7.278060734188681 ], [ 112.7975843974762, -7.278058799502574 ], [ 112.797594467227086, -7.278060673317064 ], [ 112.797608372075658, -7.278063010353595 ], [ 112.797617485433534, -7.278065366412426 ], [ 112.797620396524792, -7.278074445365901 ], [ 112.797629992842204, -7.278077756402896 ], [ 112.797637621125304, -7.278068157158784 ], [ 112.797651018248075, -7.278063319490684 ], [ 112.797658207389176, -7.278063769396375 ], [ 112.79766540605597, -7.278066611503815 ], [ 112.797676920874736, -7.2780703933708 ], [ 112.797685566514673, -7.278075621972598 ], [ 112.797692786138654, -7.278083726923428 ], [ 112.797698073925105, -7.27808801196067 ], [ 112.797698108218384, -7.278096623887049 ], [ 112.797701456546449, -7.278095175249414 ], [ 112.797703352185735, -7.278089904796048 ], [ 112.797703812282947, -7.278085118490149 ], [ 112.797699946702252, -7.278077000223062 ], [ 112.797699442785841, -7.278070782400809 ], [ 112.797699870495151, -7.278057862608843 ], [ 112.797698868378092, -7.278046862285398 ], [ 112.797699777141744, -7.278034419031465 ], [ 112.797705015393035, -7.278026264619548 ], [ 112.797707357793257, -7.278012858777872 ], [ 112.797717876208992, -7.278007075641747 ], [ 112.797724584294798, -7.278007049008616 ], [ 112.79773750988619, -7.278004127002361 ], [ 112.797748043542853, -7.278002171388469 ], [ 112.797761952199664, -7.278005465301199 ], [ 112.797773957597343, -7.278012115905533 ], [ 112.797784517927369, -7.278016858455444 ], [ 112.797787898643847, -7.278023543303039 ], [ 112.797787932938533, -7.278032155228997 ], [ 112.797789398964483, -7.278039326126666 ], [ 112.797796114671627, -7.278041213253668 ], [ 112.797803805824302, -7.2780474025386 ], [ 112.797813432626214, -7.278058368616687 ], [ 112.797822087793364, -7.278065989417185 ], [ 112.7978254704162, -7.278073152704567 ], [ 112.797825980050249, -7.278080805847222 ], [ 112.797819311975204, -7.278090879728883 ], [ 112.797813105901184, -7.278096645745126 ], [ 112.797804990851944, -7.278104333132557 ], [ 112.79780022222478, -7.278110093441287 ], [ 112.797799302032544, -7.278119666052784 ], [ 112.797800311773784, -7.278132580136648 ], [ 112.797803692491755, -7.278139264983808 ], [ 112.797803705828912, -7.278142614066113 ], [ 112.79781570742044, -7.278148307787607 ], [ 112.797827233673772, -7.278154960291847 ], [ 112.797832998705914, -7.278158764984161 ], [ 112.797839223833734, -7.278157783370671 ], [ 112.797849291681231, -7.27815917873835 ], [ 112.797856954256318, -7.278158191417031 ], [ 112.797862182978335, -7.278147644802138 ], [ 112.797863593750435, -7.278140940930133 ], [ 112.797864508225118, -7.2781299329979 ], [ 112.797868801513104, -7.278125131471844 ], [ 112.797876462182117, -7.278123665710004 ], [ 112.797886510974848, -7.27812027667399 ], [ 112.79789607680749, -7.278115932659728 ], [ 112.797902284785764, -7.278110645082842 ], [ 112.79791137527981, -7.278107259851578 ], [ 112.797919536056881, -7.27811105502978 ], [ 112.797933912433621, -7.278111476391747 ], [ 112.797941109196458, -7.278113840053873 ], [ 112.797950692177267, -7.278113802001236 ], [ 112.797967945353562, -7.278114690386552 ], [ 112.797983801098013, -7.27812563172506 ], [ 112.797991505592748, -7.278135170087723 ], [ 112.797996331382464, -7.278143762985769 ], [ 112.797998753804976, -7.278150451636143 ], [ 112.797997827900616, -7.278158588926192 ], [ 112.797993055464971, -7.278163392355935 ], [ 112.797986847487493, -7.27816867993397 ], [ 112.797983040971857, -7.278175393319342 ], [ 112.797979723132755, -7.278184497003447 ], [ 112.797975446995295, -7.278193604492901 ], [ 112.797972069937913, -7.278203880609341 ], [ 112.797968665796162, -7.278215376875371 ], [ 112.79796066639561, -7.278228039663822 ], [ 112.797948051156482, -7.278236701819492 ], [ 112.79794519226752, -7.278240732133894 ], [ 112.797944072035023, -7.278248200368738 ], [ 112.797945247145478, -7.278254511214116 ], [ 112.797953328864196, -7.278262517046008 ], [ 112.797961390003735, -7.278265355722625 ], [ 112.797971744199629, -7.278266462881122 ], [ 112.797985548269708, -7.27826755633986 ], [ 112.797996488877871, -7.278271531856147 ], [ 112.798006258948078, -7.278270344783767 ], [ 112.798014865340065, -7.278265717507874 ], [ 112.798023469445184, -7.278260516103527 ], [ 112.798034394046383, -7.278260472720651 ], [ 112.798048182108957, -7.278257547279289 ], [ 112.79805625468218, -7.278263256595623 ], [ 112.798068395556882, -7.278279858366038 ], [ 112.798068441291903, -7.278291340932129 ], [ 112.798066173390268, -7.278299387861852 ], [ 112.798063916922345, -7.278310305433107 ], [ 112.79806109919582, -7.278324670057549 ], [ 112.798059978965441, -7.278332138292284 ], [ 112.798066919876305, -7.278342445201217 ], [ 112.798072701682159, -7.278350460163568 ], [ 112.798069290682648, -7.278360234045015 ], [ 112.798059760292844, -7.278373477052467 ], [ 112.798050581969591, -7.278378872117356 ], [ 112.798042164186938, -7.278382733128853 ], [ 112.798031449536467, -7.278387368778012 ], [ 112.79802382888208, -7.278398881788941 ], [ 112.798015438539409, -7.278409632339873 ], [ 112.798009338966409, -7.27841807724412 ], [ 112.798010136094959, -7.278425729243912 ], [ 112.798017848219274, -7.278437181365657 ], [ 112.798020209115961, -7.278452482320657 ], [ 112.798017951884759, -7.27846320851598 ], [ 112.798008785755158, -7.278471665598283 ], [ 112.797998065004322, -7.278474770238394 ], [ 112.797991168301735, -7.278475563142811 ], [ 112.797985832317735, -7.278483239498183 ], [ 112.797985096168105, -7.278490897586917 ], [ 112.797995117357644, -7.278504637088891 ], [ 112.797995166141206, -7.278516885159753 ], [ 112.797984527711165, -7.278540658419462 ], [ 112.797976922298545, -7.278555998952639 ], [ 112.797964717050107, -7.278571357752408 ], [ 112.797952484360508, -7.278579827012051 ], [ 112.79793258527765, -7.278588326715415 ], [ 112.797920337342461, -7.278592968452148 ], [ 112.797903471278005, -7.278593035427903 ], [ 112.797890456702874, -7.27859768020829 ], [ 112.797877402492887, -7.278592373430193 ], [ 112.797868935923802, -7.27858398636808 ], [ 112.79786657503027, -7.278568685411305 ], [ 112.79786343835147, -7.278551090985262 ], [ 112.79786490150839, -7.278533478293681 ], [ 112.797857940780531, -7.278518195602121 ], [ 112.797857876757021, -7.278502120007944 ], [ 112.797860885387635, -7.278487563245799 ], [ 112.797866945330924, -7.278469166784378 ] ] ] ] } },
{ "type": "Feature", "properties": { "id": 24, "Id": 0, "Luas": 682.9363662 }, "geometry": { "type": "MultiPolygon", "coordinates": [ [ [ [ 112.79778090255995, -7.27905414783408 ], [ 112.797775437218746, -7.279061429186023 ], [ 112.797769399927589, -7.279061453159974 ], [ 112.797756816676596, -7.279078153113925 ], [ 112.797755108885696, -7.279082465926449 ], [ 112.797753694301406, -7.27908821291834 ], [ 112.797752570637044, -7.279094819961169 ], [ 112.797749743754935, -7.279106888073329 ], [ 112.797744880432745, -7.2791129358287 ], [ 112.797742296451801, -7.279113807295725 ], [ 112.797737118200232, -7.279112966652032 ], [ 112.797733648883096, -7.279108100259947 ], [ 112.797731927372411, -7.279108968302095 ], [ 112.797722756271625, -7.279116181438075 ], [ 112.797718162146481, -7.27911763502454 ], [ 112.79771872226398, -7.279113900906787 ], [ 112.797721553720095, -7.27910298105141 ], [ 112.797723256938212, -7.279097519982156 ], [ 112.79772207610921, -7.279089773815214 ], [ 112.797718908001926, -7.279088351051693 ], [ 112.797711723036429, -7.279088953719687 ], [ 112.797703668741022, -7.27908783742715 ], [ 112.797700481198206, -7.279081534572091 ], [ 112.797690990595754, -7.279080711051329 ], [ 112.797680356892485, -7.279081614481838 ], [ 112.797674316170998, -7.279080777261972 ], [ 112.797672859285328, -7.279075902878283 ], [ 112.79766451750001, -7.279074787726507 ], [ 112.797655321247106, -7.279075685448634 ], [ 112.797643997954552, -7.279075886703217 ], [ 112.797639898503036, -7.279069204710084 ], [ 112.797637240312781, -7.279063473889916 ], [ 112.797635535659438, -7.279056543163768 ], [ 112.797638390553743, -7.279051508124776 ], [ 112.79764290913576, -7.279043117344443 ], [ 112.797652215407851, -7.279033750657773 ], [ 112.797662033120432, -7.279020458667412 ], [ 112.797663456851865, -7.279017008189222 ], [ 112.797666030543411, -7.279013553144867 ], [ 112.797668320174637, -7.279010960434672 ], [ 112.797671752906538, -7.279006640773066 ], [ 112.797673180067576, -7.279004051487479 ], [ 112.797674606085351, -7.279001175137726 ], [ 112.797674598082679, -7.278999165688271 ], [ 112.797671712893248, -7.278996593525878 ], [ 112.797671126480836, -7.278993725166915 ], [ 112.797674278581994, -7.278991129032096 ], [ 112.797674839843225, -7.278987681978537 ], [ 112.797674542064073, -7.278985099542213 ], [ 112.797673664731946, -7.278981371132191 ], [ 112.797671346520048, -7.278976787237219 ], [ 112.797671331658037, -7.278973055402527 ], [ 112.797671894062518, -7.278969895413185 ], [ 112.797675623430038, -7.278967871123745 ], [ 112.797678498330157, -7.278967859708327 ], [ 112.797681358368166, -7.278964116458237 ], [ 112.797685668431811, -7.278963525206637 ], [ 112.797688075995367, -7.27896648202387 ], [ 112.797691899668422, -7.278964074601509 ], [ 112.797687961671443, -7.278937775603493 ], [ 112.797687442508192, -7.278927730258948 ], [ 112.797686927155809, -7.278918641795044 ], [ 112.797688818985591, -7.278912414460335 ], [ 112.797694074391941, -7.278908566009376 ], [ 112.797698386741487, -7.278908548886206 ], [ 112.797711802940029, -7.278908495613865 ], [ 112.797716581101568, -7.278905127505612 ], [ 112.79771702976484, -7.278897470557673 ], [ 112.797713652850391, -7.278891742591824 ], [ 112.797706931413558, -7.278888420145667 ], [ 112.797694950759976, -7.278887989269658 ], [ 112.797682023238735, -7.278890432840535 ], [ 112.797679646542804, -7.278895226756723 ], [ 112.797671506709904, -7.278896694421078 ], [ 112.79766525680165, -7.278891456310309 ], [ 112.797662847714463, -7.278888116740545 ], [ 112.797658518216863, -7.278883827900213 ], [ 112.797652756985585, -7.2788809800884 ], [ 112.797648919975458, -7.278880038427848 ], [ 112.797638395824848, -7.278884386246275 ], [ 112.79763166676716, -7.278879150037408 ], [ 112.797616797876628, -7.278875381491738 ], [ 112.797603864638916, -7.278876389739267 ], [ 112.797589980722208, -7.278879315552839 ], [ 112.797580825431055, -7.278866433809421 ], [ 112.797579306055141, -7.278845866580852 ], [ 112.797576851242795, -7.278831044441488 ], [ 112.797579697563407, -7.278823856421383 ], [ 112.797582540073464, -7.278815711520505 ], [ 112.797587780238075, -7.278808035547843 ], [ 112.797598279619436, -7.278797468006116 ], [ 112.797608819011003, -7.278796947711927 ], [ 112.797616500650904, -7.278800744795523 ], [ 112.797622731504333, -7.278801198503818 ], [ 112.797627022894801, -7.278795918537637 ], [ 112.797633206115677, -7.278784411236907 ], [ 112.797633168009781, -7.278774842429764 ], [ 112.797638875891096, -7.278764293912224 ], [ 112.797644114148909, -7.278756139498914 ], [ 112.797656085272649, -7.278754178175339 ], [ 112.797666156944999, -7.278756530424672 ], [ 112.797676194321369, -7.278750270747458 ], [ 112.797680961049849, -7.278744031997836 ], [ 112.797684777100031, -7.278739710814587 ], [ 112.797695784207349, -7.278736317974159 ], [ 112.797708257344183, -7.278740096030941 ], [ 112.797713071706298, -7.278745818289528 ], [ 112.797720287533565, -7.278752966356259 ], [ 112.797724128353352, -7.278754864897093 ], [ 112.79773468108084, -7.278757693682564 ], [ 112.797749107020351, -7.278770554493888 ], [ 112.797751533256019, -7.278778200026119 ], [ 112.797768845528168, -7.278793920062856 ], [ 112.797789053660594, -7.278814891526209 ], [ 112.797805415257713, -7.278832529127391 ], [ 112.797816960586005, -7.278843966030555 ], [ 112.7978270322604, -7.278846318275585 ], [ 112.797828494481735, -7.278852532291435 ], [ 112.797828049631264, -7.278861146119641 ], [ 112.797825201409353, -7.278867855700096 ], [ 112.797823309581645, -7.278874083034846 ], [ 112.797826192103017, -7.27887598537988 ], [ 112.79783626377818, -7.27887833762448 ], [ 112.797842053593158, -7.278888362038205 ], [ 112.797843046192781, -7.278896970158128 ], [ 112.797843097642655, -7.278909888046215 ], [ 112.797846970858672, -7.278919920070635 ], [ 112.797849880058322, -7.278928520579549 ], [ 112.797848946530792, -7.278934744108897 ], [ 112.797848024436661, -7.278943838280007 ], [ 112.797843278670669, -7.278955339874601 ], [ 112.79783761843251, -7.278977849401548 ], [ 112.797833830966098, -7.278989347190657 ], [ 112.797831948666229, -7.27899796672705 ], [ 112.797830537894086, -7.279004670599467 ], [ 112.79783200392761, -7.279011841495731 ], [ 112.797830110194312, -7.279017590390331 ], [ 112.797829184288886, -7.279025727680917 ], [ 112.797822499055059, -7.279031495602929 ], [ 112.797812937015166, -7.279036796500972 ], [ 112.797798102418767, -7.279041639888473 ], [ 112.797788049795031, -7.279044072046972 ], [ 112.79778090255995, -7.27905414783408 ] ] ] ] } },
{ "type": "Feature", "properties": { "id": 25, "Id": 0, "Luas": 367.11213658700001 }, "geometry": { "type": "MultiPolygon", "coordinates": [ [ [ [ 112.797509155095284, -7.27894957279382 ], [ 112.797490242977261, -7.278970087177557 ], [ 112.797480279704047, -7.278970892251449 ], [ 112.797473375370558, -7.278969771388444 ], [ 112.797467619473125, -7.278968263207404 ], [ 112.797459568227723, -7.278967912414449 ], [ 112.797451135186378, -7.278967945895545 ], [ 112.797436953868115, -7.27896838495663 ], [ 112.797427767903415, -7.278971866251916 ], [ 112.797421646975067, -7.278974952620005 ], [ 112.797417063899218, -7.278979181157679 ], [ 112.797415168636121, -7.27898454729946 ], [ 112.797414423333294, -7.278989908875766 ], [ 112.797417893027358, -7.278994870959464 ], [ 112.797425951893914, -7.278997135514646 ], [ 112.797430185180133, -7.27900132904988 ], [ 112.797429051985091, -7.279005543891016 ], [ 112.797422550784447, -7.279009397285753 ], [ 112.797419872116023, -7.279010556195646 ], [ 112.797414896575162, -7.279012489741289 ], [ 112.797411072518656, -7.279014801473654 ], [ 112.79740493787277, -7.279014443070719 ], [ 112.797402245487461, -7.279012157209594 ], [ 112.797394579085235, -7.279012187646169 ], [ 112.79739036103993, -7.279011821633894 ], [ 112.797385394643285, -7.279016051693231 ], [ 112.797383119107764, -7.279022184861494 ], [ 112.797376999702436, -7.279025653981552 ], [ 112.79737469520947, -7.279024514855403 ], [ 112.797374684540983, -7.279021835589068 ], [ 112.79737429512457, -7.279020306101517 ], [ 112.797367784778714, -7.279021862981613 ], [ 112.797358994324767, -7.279028404772804 ], [ 112.79735172343463, -7.279031495705657 ], [ 112.797341372266828, -7.279031154041626 ], [ 112.79733561484457, -7.279029263106612 ], [ 112.797334451167799, -7.279025822900853 ], [ 112.797331740494286, -7.279018944011074 ], [ 112.797330187401371, -7.279013974317681 ], [ 112.797328246416313, -7.279007857888987 ], [ 112.797321726926171, -7.279007118254317 ], [ 112.797320946569755, -7.279003676526686 ], [ 112.797322078241891, -7.27899907893324 ], [ 112.797322059953657, -7.27899448590506 ], [ 112.79732434006209, -7.278989500993945 ], [ 112.797327021778813, -7.278989107589276 ], [ 112.797333159472601, -7.278990231498067 ], [ 112.797337759313848, -7.278990213236817 ], [ 112.797340810634381, -7.278986373539184 ], [ 112.797340415122036, -7.278983313042204 ], [ 112.797339631717506, -7.278979105809944 ], [ 112.797339231633089, -7.278974897055928 ], [ 112.797339210296698, -7.278969538523123 ], [ 112.797340341968649, -7.278964940929671 ], [ 112.797345699305609, -7.278962623110776 ], [ 112.79735105359444, -7.2789595397872 ], [ 112.797357557843398, -7.278956451898201 ], [ 112.797362915180159, -7.27895413407916 ], [ 112.797367878528419, -7.27894913851549 ], [ 112.797366330007705, -7.278945317079275 ], [ 112.797365154138774, -7.278938814854854 ], [ 112.797367428150366, -7.278932298934371 ], [ 112.797363953885295, -7.278926188592966 ], [ 112.797361638724638, -7.278922370200249 ], [ 112.79735280712336, -7.27891857767766 ], [ 112.797347039034449, -7.278914007476067 ], [ 112.797340869337447, -7.278904845767953 ], [ 112.797335478472831, -7.278898743034994 ], [ 112.797330475500416, -7.278893787037233 ], [ 112.797331199468374, -7.278883066928007 ], [ 112.797335002188447, -7.278875396663589 ], [ 112.797343035144493, -7.278871154431037 ], [ 112.797356833140526, -7.278870716895383 ], [ 112.797366391756029, -7.278864554813737 ], [ 112.797368671863609, -7.278859569902653 ], [ 112.79737478364693, -7.278854187021518 ], [ 112.797379359102123, -7.278848044722783 ], [ 112.797388919240859, -7.278842265393155 ], [ 112.79739654601498, -7.278832283396672 ], [ 112.797406095484732, -7.278823824800499 ], [ 112.797410689227917, -7.278822275529608 ], [ 112.797420655546532, -7.278822235962706 ], [ 112.797426393153145, -7.278819151116894 ], [ 112.797436701641445, -7.278808775715051 ], [ 112.797443966431118, -7.278804153772524 ], [ 112.797451237316977, -7.278801062839192 ], [ 112.797459670355209, -7.278801029358861 ], [ 112.797471553272658, -7.278800982181767 ], [ 112.797482671074334, -7.278801320800394 ], [ 112.797491875324596, -7.278802432532706 ], [ 112.7975010795749, -7.278803544264809 ], [ 112.797505699227585, -7.278808501782386 ], [ 112.797512647758566, -7.27882072246248 ], [ 112.797519976561631, -7.278832176115847 ], [ 112.797524620601337, -7.278843257670032 ], [ 112.797530419173697, -7.278855482915289 ], [ 112.797535067786541, -7.278867712726131 ], [ 112.797533955930945, -7.2788772860995 ], [ 112.797530759706419, -7.278888054299496 ], [ 112.797529091922968, -7.278902414359576 ], [ 112.797527412708234, -7.278913903777361 ], [ 112.797523449577227, -7.278929421225904 ], [ 112.797516590969565, -7.278939782932704 ], [ 112.797509155095284, -7.27894957279382 ] ] ] ] } },
{ "type": "Feature", "properties": { "id": 28, "Id": 0, "Luas": 1244.55888461 }, "geometry": { "type": "MultiPolygon", "coordinates": [ [ [ [ 112.791790061194774, -7.276369003233036 ], [ 112.791805325611392, -7.276351718661459 ], [ 112.791818696213682, -7.276340182975679 ], [ 112.791829229892713, -7.276338227502611 ], [ 112.791845910724817, -7.276339788234442 ], [ 112.791856828481983, -7.276338022620988 ], [ 112.791862530424041, -7.27632594313557 ], [ 112.791869382322815, -7.276313859100398 ], [ 112.791877391012974, -7.276303492906363 ], [ 112.791879672700802, -7.276298890764325 ], [ 112.791877922704657, -7.276292582155588 ], [ 112.791878463509391, -7.276283967926013 ], [ 112.791883040554382, -7.276278208423801 ], [ 112.791889935739022, -7.276277032864465 ], [ 112.791890474265301, -7.276267844504659 ], [ 112.791892728613774, -7.276256352798911 ], [ 112.791895580723192, -7.276250600121377 ], [ 112.791899596458876, -7.276248287675825 ], [ 112.791906681783587, -7.276246728604511 ], [ 112.791915099611344, -7.276242867703725 ], [ 112.791919682730892, -7.27623863921548 ], [ 112.791925037044777, -7.276235555954575 ], [ 112.791928852007516, -7.276230947745979 ], [ 112.791932292764457, -7.276228637575187 ], [ 112.791939575823591, -7.276228608759244 ], [ 112.791946483158156, -7.276230495227433 ], [ 112.791951090579374, -7.27623239079541 ], [ 112.79195722671956, -7.276233132036137 ], [ 112.79196260685417, -7.276236555584761 ], [ 112.791965697707752, -7.276242667507884 ], [ 112.791971071766909, -7.276244560042276 ], [ 112.791979121463967, -7.276244528192312 ], [ 112.791984883398868, -7.276247567470385 ], [ 112.791989878695986, -7.276250609781759 ], [ 112.791995616328222, -7.276247525003393 ], [ 112.79199944344154, -7.276245978822503 ], [ 112.792007493138499, -7.276245946972028 ], [ 112.792012864159915, -7.276247073998838 ], [ 112.792022439537675, -7.276245122313759 ], [ 112.792032405828962, -7.27624508287932 ], [ 112.792038157131316, -7.276245442882092 ], [ 112.792043911471623, -7.276246568391777 ], [ 112.792040498056664, -7.276255768126433 ], [ 112.792044340359482, -7.276258049480252 ], [ 112.792051238580754, -7.276257639425619 ], [ 112.792058139839952, -7.276257994877898 ], [ 112.792066209283632, -7.27626293882184 ], [ 112.792073136365758, -7.276269801083339 ], [ 112.792079295291259, -7.276276283624751 ], [ 112.792083917903255, -7.276282006726055 ], [ 112.792088271672711, -7.276308527490928 ], [ 112.792101782774736, -7.276332396496953 ], [ 112.792098017941512, -7.276349635572038 ], [ 112.792084639753085, -7.276359257496906 ], [ 112.792078026609587, -7.276383206134098 ], [ 112.792075231465702, -7.276403312068541 ], [ 112.792075368178146, -7.276437759883251 ], [ 112.792075444129793, -7.276456897558055 ], [ 112.792061111437945, -7.276467480158816 ], [ 112.792057323817858, -7.276478977931609 ], [ 112.792057395971597, -7.276497158722855 ], [ 112.792061301316735, -7.276515324346138 ], [ 112.792063297661869, -7.276535411320778 ], [ 112.792079702654377, -7.276564053368522 ], [ 112.792078877274605, -7.276597548091233 ], [ 112.792086642398274, -7.276622396731565 ], [ 112.792092460545192, -7.276639597885982 ], [ 112.792089646414539, -7.276654919401929 ], [ 112.792078218993936, -7.276673145698063 ], [ 112.792052360135116, -7.276677075619041 ], [ 112.7920351183637, -7.276679057643137 ], [ 112.792019796985883, -7.276681988966376 ], [ 112.791993938125231, -7.27668591888428 ], [ 112.791984309573138, -7.276674474198141 ], [ 112.791970813651659, -7.276654432725095 ], [ 112.79194290148854, -7.276623922406662 ], [ 112.791945719421847, -7.276609557774263 ], [ 112.791946632151195, -7.276598071376864 ], [ 112.791935128777425, -7.276597159994316 ], [ 112.791923621606287, -7.276595291727675 ], [ 112.791914000652724, -7.276585760806733 ], [ 112.791891940811752, -7.276581063596352 ], [ 112.791877566341341, -7.276581120471032 ], [ 112.791860260018794, -7.276566835462312 ], [ 112.7918506504585, -7.276560175191108 ], [ 112.791838196381562, -7.276561181365114 ], [ 112.791818056934858, -7.276557433451441 ], [ 112.79180647002616, -7.276535470620026 ], [ 112.791798731498659, -7.276517320157833 ], [ 112.791786250843401, -7.276511628142919 ], [ 112.791772724560232, -7.276483931589302 ], [ 112.791767845741106, -7.276461942216338 ], [ 112.791758175433714, -7.276439971799718 ], [ 112.791749490003383, -7.276424695778798 ], [ 112.791747493673583, -7.276404608799135 ], [ 112.791747448111224, -7.276393126192136 ], [ 112.791756989322565, -7.276382562556442 ], [ 112.791790061194774, -7.276369003233036 ] ] ] ] } },
{ "type": "Feature", "properties": { "id": 29, "Id": 0, "Luas": 751.50463919900005 }, "geometry": { "type": "MultiPolygon", "coordinates": [ [ [ [ 112.791399146175479, -7.276428569633441 ], [ 112.791392173544622, -7.276410224750532 ], [ 112.791393266560419, -7.276395866940401 ], [ 112.791393795985854, -7.276384382056861 ], [ 112.791395468535768, -7.276371170233372 ], [ 112.791402336392835, -7.276363105115275 ], [ 112.791413801801426, -7.27635444767216 ], [ 112.791427551180334, -7.276341762218365 ], [ 112.79144072785752, -7.276329653169125 ], [ 112.791452768243062, -7.276320993451023 ], [ 112.79146596997397, -7.276315199836227 ], [ 112.791473440140408, -7.276314022008426 ], [ 112.791472890216951, -7.276320339717622 ], [ 112.791483235276488, -7.276319150517721 ], [ 112.791485546579722, -7.276322012072322 ], [ 112.791490166908545, -7.276327161050974 ], [ 112.791501086946681, -7.276325969576242 ], [ 112.791514306899131, -7.27632476900352 ], [ 112.79152694959501, -7.276322996574463 ], [ 112.791528108663485, -7.276325288547215 ], [ 112.7915275678521, -7.276333902777999 ], [ 112.791527017929482, -7.27634022048708 ], [ 112.791532224626664, -7.276348237842757 ], [ 112.791542031153142, -7.27635623700251 ], [ 112.791551235367052, -7.276357348871555 ], [ 112.791563303084786, -7.276355578715772 ], [ 112.791575945780963, -7.276353806285186 ], [ 112.791586288562499, -7.276352042952424 ], [ 112.79159837905884, -7.276356014099733 ], [ 112.791614503517437, -7.276362265846268 ], [ 112.791629471185232, -7.276366799750124 ], [ 112.791632314186913, -7.276358750551729 ], [ 112.791639182038736, -7.276350685431127 ], [ 112.791651815622046, -7.276346616476994 ], [ 112.79166446742903, -7.276347140565598 ], [ 112.791677116957928, -7.276347090523452 ], [ 112.791691516480824, -7.276353349090996 ], [ 112.791693848287679, -7.276361377817436 ], [ 112.791701343511861, -7.276366515419844 ], [ 112.791705382030386, -7.276369944279215 ], [ 112.79170599801401, -7.27638027635102 ], [ 112.791703155013707, -7.276388325549617 ], [ 112.791711227495185, -7.276394035007383 ], [ 112.791723288377923, -7.276390542456203 ], [ 112.791730194955704, -7.276392237550516 ], [ 112.791741699084369, -7.276393340316453 ], [ 112.791747448111224, -7.276393126192136 ], [ 112.791749490003383, -7.276424695778798 ], [ 112.791758175433714, -7.276439971799718 ], [ 112.791762778438397, -7.276450429578361 ], [ 112.791767845741106, -7.276461942216338 ], [ 112.791761596913972, -7.2764811049172 ], [ 112.791749595261393, -7.276499524858913 ], [ 112.791733532306296, -7.276508774638358 ], [ 112.79171053087714, -7.276508291498351 ], [ 112.791699585777522, -7.276503167545092 ], [ 112.791686336206823, -7.27649690442962 ], [ 112.79167658207021, -7.276502110272892 ], [ 112.791667945998213, -7.276499273741408 ], [ 112.791656973562667, -7.276487260222443 ], [ 112.791644885340403, -7.276483863208051 ], [ 112.791628797324776, -7.276486797549983 ], [ 112.791622522673961, -7.276499453439381 ], [ 112.791614502584565, -7.276506948979177 ], [ 112.791611648192344, -7.276512127525762 ], [ 112.79160133957707, -7.276522502815869 ], [ 112.791596789861686, -7.276535151881357 ], [ 112.791596267276162, -7.27654835915502 ], [ 112.791585383680953, -7.276558736719618 ], [ 112.791561845993542, -7.276568016064068 ], [ 112.791533740364173, -7.276585351429667 ], [ 112.791517084198119, -7.27659001043445 ], [ 112.791501557488701, -7.276589497715896 ], [ 112.791489489764288, -7.276591267871564 ], [ 112.791475090234243, -7.276585009298825 ], [ 112.791466456438684, -7.276582746894061 ], [ 112.791464697334604, -7.276574141760913 ], [ 112.791465215368262, -7.27655978622562 ], [ 112.791467460616488, -7.276545997997406 ], [ 112.79146970358687, -7.276531635638772 ], [ 112.791468514906441, -7.27652187997028 ], [ 112.791461578715314, -7.276512721176544 ], [ 112.791458662820858, -7.276502398200799 ], [ 112.791458065064205, -7.276496659170828 ], [ 112.791452856088, -7.276488067684001 ], [ 112.791441901879296, -7.276480647201905 ], [ 112.791432672607371, -7.276473219896313 ], [ 112.791421700177494, -7.276461206369952 ], [ 112.791419368374193, -7.27645317764107 ], [ 112.791423379559461, -7.276449716937861 ], [ 112.791423931761045, -7.276443973359001 ], [ 112.791419313709014, -7.276439398510241 ], [ 112.79140837316821, -7.276435422809597 ], [ 112.791399146175479, -7.276428569633441 ] ] ] ] } },
{ "type": "Feature", "properties": { "id": 30, "Id": 0, "Luas": 6418.2229345300002 }, "geometry": { "type": "MultiPolygon", "coordinates": [ [ [ [ 112.799512756621013, -7.275404278982796 ], [ 112.799490991071437, -7.27539453622825 ], [ 112.799479459546717, -7.275386544122511 ], [ 112.799476557220828, -7.275379666008563 ], [ 112.799465600671567, -7.275371671618081 ], [ 112.799450060336781, -7.275367714396476 ], [ 112.799436815326501, -7.27536259978164 ], [ 112.799422429516866, -7.275359786246446 ], [ 112.799400010071636, -7.275361023584552 ], [ 112.799373565801758, -7.275362276910382 ], [ 112.799346546556436, -7.275363532518747 ], [ 112.799322409047377, -7.275366499089261 ], [ 112.799291942238739, -7.275368342526762 ], [ 112.799269518216448, -7.275368431602592 ], [ 112.799249971355877, -7.275369083385561 ], [ 112.799240000073553, -7.275319747204144 ], [ 112.799239972625983, -7.275312857668036 ], [ 112.799238790654144, -7.275304824443798 ], [ 112.799231861221102, -7.275297388186686 ], [ 112.799224354526174, -7.275289380085279 ], [ 112.799209934409959, -7.275277954622197 ], [ 112.799192082743204, -7.275271135885734 ], [ 112.799164983448662, -7.275252297000956 ], [ 112.799153477090741, -7.275250620292956 ], [ 112.799145443453298, -7.275254671162314 ], [ 112.799147198110859, -7.275262127975454 ], [ 112.799148393803847, -7.275273605968623 ], [ 112.799138630667102, -7.275276515433283 ], [ 112.799128285693882, -7.275277704797396 ], [ 112.799115624811208, -7.275274884400011 ], [ 112.799101222994267, -7.275268051957097 ], [ 112.799086255351142, -7.275263518309536 ], [ 112.799075876071754, -7.275256095751524 ], [ 112.79906717597612, -7.275237183780839 ], [ 112.799063657515774, -7.275219973640958 ], [ 112.799048069159269, -7.275203959713878 ], [ 112.799026185812082, -7.27519543457087 ], [ 112.799023128721998, -7.275190118719771 ], [ 112.798993972271873, -7.275184110388984 ], [ 112.798987735533316, -7.275158107606931 ], [ 112.798964669460673, -7.275141357857761 ], [ 112.798956917753983, -7.275119954188874 ], [ 112.798910810009033, -7.275092578717493 ], [ 112.798892349837772, -7.275077341703934 ], [ 112.798863187297002, -7.275069802354095 ], [ 112.798800366081522, -7.275080769057345 ], [ 112.798782037357057, -7.275050412568921 ], [ 112.798760920652796, -7.275041884365615 ], [ 112.798757083677259, -7.275040942706877 ], [ 112.798729289423221, -7.275040096181799 ], [ 112.798712032560701, -7.27503825091668 ], [ 112.798708165098134, -7.275029654215064 ], [ 112.798706191352721, -7.275015308620992 ], [ 112.798686995043866, -7.275007729683274 ], [ 112.798658181527671, -7.27499157687319 ], [ 112.798653374829271, -7.274987768377541 ], [ 112.79862560344128, -7.274992663127348 ], [ 112.798616012908909, -7.274990787417313 ], [ 112.798600543068687, -7.27495640060484 ], [ 112.798599516186684, -7.274939180563271 ], [ 112.798597546256332, -7.274925791848117 ], [ 112.798586959328759, -7.274914351138332 ], [ 112.798580148407368, -7.274888542002749 ], [ 112.79858295850093, -7.274872263621519 ], [ 112.798603972309564, -7.274854956066081 ], [ 112.798626940804169, -7.274847209703576 ], [ 112.798634549971098, -7.27483282605817 ], [ 112.798627788587311, -7.274819456368225 ], [ 112.798619106811998, -7.274805137407681 ], [ 112.798605625962836, -7.27478892371073 ], [ 112.798578793823609, -7.274789030247983 ], [ 112.79855009463806, -7.274801583838467 ], [ 112.798545364151124, -7.274816912948963 ], [ 112.798549265902082, -7.274834121576826 ], [ 112.798561796081529, -7.274852252841231 ], [ 112.798558993608083, -7.274870444983272 ], [ 112.798543737163101, -7.274889643468945 ], [ 112.798524586586169, -7.274893547087218 ], [ 112.798506432403556, -7.27490701570414 ], [ 112.798472907460138, -7.27491097639202 ], [ 112.798444147298838, -7.274908219891159 ], [ 112.798418242959556, -7.274900667572259 ], [ 112.79838856641895, -7.274908440557502 ], [ 112.79835021572633, -7.274903808334705 ], [ 112.798334833539045, -7.274891429759054 ], [ 112.798321364124604, -7.274878086693381 ], [ 112.798326060330027, -7.274854145658623 ], [ 112.798346112049842, -7.274835885036775 ], [ 112.79838340157329, -7.274814685292731 ], [ 112.79840432508081, -7.27482283152679 ], [ 112.798413411892824, -7.274794471341382 ], [ 112.798404120858592, -7.274771542733311 ], [ 112.798395654371262, -7.274763155664555 ], [ 112.798401741710876, -7.274751648750126 ], [ 112.798406301881286, -7.274741678931656 ], [ 112.798417792225194, -7.274739336764579 ], [ 112.798426185557759, -7.274729351727967 ], [ 112.798428439733769, -7.274717860031537 ], [ 112.798429927277269, -7.274706371378698 ], [ 112.798423739351904, -7.274692616648818 ], [ 112.798422163413917, -7.274681905674742 ], [ 112.798420593572189, -7.274672725709381 ], [ 112.798411320829914, -7.274654390127115 ], [ 112.798416623247647, -7.274638293230176 ], [ 112.798414222765302, -7.274613040716249 ], [ 112.798410319499169, -7.274595449333122 ], [ 112.798410273778941, -7.274583966767362 ], [ 112.798412527955563, -7.274572475071006 ], [ 112.798428587608427, -7.274562459599726 ], [ 112.798453089359015, -7.274554707161761 ], [ 112.798475294260001, -7.274547729357934 ], [ 112.798494429583258, -7.274539998223426 ], [ 112.798495862259173, -7.274514730492529 ], [ 112.79849658621751, -7.274504010387991 ], [ 112.798508827946023, -7.274497837654788 ], [ 112.798527972410966, -7.274492403032537 ], [ 112.798547886555511, -7.274487730870166 ], [ 112.798564731123065, -7.274482305377727 ], [ 112.798580063763808, -7.274482244502518 ], [ 112.798600765876898, -7.274482927824464 ], [ 112.79861607108252, -7.274475977409334 ], [ 112.798630585268867, -7.274462906003263 ], [ 112.798646651008426, -7.274454421534927 ], [ 112.798678849550399, -7.274454293691055 ], [ 112.798687322131343, -7.274464211763299 ], [ 112.798692715991024, -7.274471079994078 ], [ 112.798704267294411, -7.274484047907046 ], [ 112.798718091058021, -7.274490117149156 ], [ 112.798730384606458, -7.274496957983136 ], [ 112.798740372162129, -7.274502276940322 ], [ 112.798745769071616, -7.274509910674368 ], [ 112.798751960050396, -7.274524430902431 ], [ 112.798753526848714, -7.274532845360926 ], [ 112.798752812042451, -7.274545861977129 ], [ 112.798745948936627, -7.274555075424851 ], [ 112.79873447384368, -7.274561245119933 ], [ 112.798718386763554, -7.27456437106211 ], [ 112.798706881184771, -7.274562885714063 ], [ 112.798680794353373, -7.274557630680131 ], [ 112.798666988878296, -7.274556154462933 ], [ 112.798656259076964, -7.274556962582398 ], [ 112.798640966063445, -7.27456697501654 ], [ 112.798638699699325, -7.27457540469547 ], [ 112.798649508760093, -7.274594499687693 ], [ 112.798662571991841, -7.274602102983334 ], [ 112.798671038479142, -7.274610490046683 ], [ 112.798684889683301, -7.274623448827381 ], [ 112.798700249764522, -7.274630277485294 ], [ 112.798710173304002, -7.274619520853064 ], [ 112.798714718223536, -7.27460572351214 ], [ 112.798730005138793, -7.2745941800671 ], [ 112.798739165093252, -7.274584191982905 ], [ 112.798746831414633, -7.274584161541993 ], [ 112.798773678782354, -7.274587882518941 ], [ 112.798772878615324, -7.274579465016519 ], [ 112.798771275232852, -7.274561864507443 ], [ 112.79876890826722, -7.27454503254668 ], [ 112.798776562393343, -7.274541940088499 ], [ 112.798790367867497, -7.274543416302373 ], [ 112.798799622327934, -7.274557158848411 ], [ 112.798804267850414, -7.274568623146641 ], [ 112.79881506167348, -7.274583890612145 ], [ 112.798828082224361, -7.274580776843511 ], [ 112.798841130213674, -7.27458455261234 ], [ 112.798844221132057, -7.274590664468934 ], [ 112.798858823727343, -7.27459979267801 ], [ 112.798863466203102, -7.274610491470904 ], [ 112.798875011417238, -7.274621928368997 ], [ 112.798881159718533, -7.274625731535233 ], [ 112.79889112593645, -7.274625691958669 ], [ 112.798894943852915, -7.274621849215968 ], [ 112.798904149536298, -7.274623343691838 ], [ 112.798904167829491, -7.27462793671689 ], [ 112.798911094958711, -7.27463479885496 ], [ 112.798921833906618, -7.274636287241597 ], [ 112.798927942572533, -7.274630138852923 ], [ 112.79893023332221, -7.274627833207143 ], [ 112.798934857506367, -7.274633938973865 ], [ 112.798939509131074, -7.27464693427794 ], [ 112.798942603100201, -7.274653811637551 ], [ 112.798954142219316, -7.274663717524503 ], [ 112.798962566026375, -7.2746613875227 ], [ 112.798970220152142, -7.274658295061098 ], [ 112.798976353209468, -7.274658270705 ], [ 112.798981753173763, -7.274666669938902 ], [ 112.79898715008926, -7.274674303668555 ], [ 112.798985647315178, -7.274681964798999 ], [ 112.798979547796776, -7.274690409700852 ], [ 112.798981872085648, -7.274696524600383 ], [ 112.798987244609307, -7.27469803429683 ], [ 112.799000268209966, -7.274695686026869 ], [ 112.799009479992861, -7.274698711508377 ], [ 112.79901333754664, -7.274704820318447 ], [ 112.799023352551259, -7.274717028804477 ], [ 112.799026409932907, -7.274714720113648 ], [ 112.799035636961918, -7.274721573115079 ], [ 112.799037967350017, -7.27472921902232 ], [ 112.799047203526968, -7.274738368535741 ], [ 112.799024986436564, -7.274742284351245 ], [ 112.798998157355399, -7.27474315641676 ], [ 112.798962122587895, -7.274742534006903 ], [ 112.798952174661807, -7.274747166610549 ], [ 112.798961395592812, -7.274752488605325 ], [ 112.798972892028715, -7.27475167743308 ], [ 112.798980555302876, -7.274750881483382 ], [ 112.798987506827856, -7.274763867652573 ], [ 112.799002842523691, -7.274764572264838 ], [ 112.799022689633389, -7.274781564455455 ], [ 112.799030762141726, -7.274787273767465 ], [ 112.799035348214687, -7.274783810730944 ], [ 112.79903990684511, -7.274773458157375 ], [ 112.799042147283473, -7.274758521693161 ], [ 112.799050155758906, -7.27474815541859 ], [ 112.799059364493857, -7.274750415394638 ], [ 112.799061682685846, -7.27475499928519 ], [ 112.799068618966913, -7.274764157932045 ], [ 112.799072055090846, -7.274760699462352 ], [ 112.799080081860794, -7.274754926211976 ], [ 112.799089258578931, -7.274749148394377 ], [ 112.799103062533661, -7.274750241844868 ], [ 112.799105435612816, -7.274768604808626 ], [ 112.799095122667808, -7.274777831962137 ], [ 112.799087100471652, -7.274784753468941 ], [ 112.799081373598398, -7.274790517585314 ], [ 112.799081428484726, -7.274804296659011 ], [ 112.799081474223414, -7.274815779220423 ], [ 112.799082665336897, -7.274826108958544 ], [ 112.799079256655958, -7.27483645696526 ], [ 112.799086183791175, -7.274843319099118 ], [ 112.799102260202474, -7.274837513877836 ], [ 112.799114882193479, -7.274830574101674 ], [ 112.79912864498462, -7.274821333245742 ], [ 112.799139035687915, -7.274831626445204 ], [ 112.799141390473537, -7.27484539638382 ], [ 112.799160948748153, -7.274847615251278 ], [ 112.799179325055164, -7.27484180089272 ], [ 112.79919421949667, -7.27482796244339 ], [ 112.799183815070151, -7.274814224477279 ], [ 112.799182596509795, -7.274797005203516 ], [ 112.799189491626464, -7.274795829543096 ], [ 112.799202154782009, -7.274799224069697 ], [ 112.799217131557214, -7.274806054229089 ], [ 112.799229817584319, -7.274815190035012 ], [ 112.79924366270896, -7.274826617784997 ], [ 112.79925178096326, -7.274843809652492 ], [ 112.799260994274661, -7.274847217879759 ], [ 112.799273629985507, -7.274843722867748 ], [ 112.799287433942226, -7.274844816311792 ], [ 112.799296633530389, -7.274844779770248 ], [ 112.799304701467847, -7.274849340820239 ], [ 112.799323100644173, -7.274849267736215 ], [ 112.799342640619685, -7.27484689357168 ], [ 112.799369057412534, -7.274838750719269 ], [ 112.799404719538515, -7.274842053881248 ], [ 112.799420818816643, -7.274841989929278 ], [ 112.799442713584867, -7.27485338569551 ], [ 112.799453145468107, -7.274874013188906 ], [ 112.799472795240462, -7.274899197159985 ], [ 112.799482090902785, -7.274923273987948 ], [ 112.799499555157652, -7.274977173490103 ], [ 112.799543930338871, -7.275146941756154 ], [ 112.799569787414413, -7.275286928456938 ], [ 112.799571074626698, -7.275321371562463 ], [ 112.799567693409529, -7.275338609105649 ], [ 112.799563166818075, -7.275356999473366 ], [ 112.799552881327017, -7.275373116172966 ], [ 112.799541436734771, -7.275386940929517 ], [ 112.799528837616705, -7.275399621998758 ], [ 112.799512756621013, -7.275404278982796 ] ] ] ] } },
{ "type": "Feature", "properties": { "id": 31, "Id": 0, "Luas": 342.85774368199998 }, "geometry": { "type": "MultiPolygon", "coordinates": [ [ [ [ 112.791629195140615, -7.27999010886267 ], [ 112.791624002058697, -7.279985536301744 ], [ 112.791621677055758, -7.279979229971317 ], [ 112.79162395647684, -7.279974053695774 ], [ 112.79163025394304, -7.279967139099365 ], [ 112.791634237801688, -7.279956788824018 ], [ 112.791630762832483, -7.279950487045062 ], [ 112.791624997047009, -7.27994649089009 ], [ 112.791627240002626, -7.279932128529824 ], [ 112.791629485237308, -7.279918340299878 ], [ 112.791626571577268, -7.279908591463277 ], [ 112.79162363512674, -7.279893101323661 ], [ 112.791625921384792, -7.279889647439108 ], [ 112.791634537015142, -7.279887316782558 ], [ 112.791643164040778, -7.27988785677731 ], [ 112.791651800182805, -7.279890693293045 ], [ 112.791661577174665, -7.279891228735965 ], [ 112.791674828608052, -7.279886864828821 ], [ 112.791691809034674, -7.279889339435865 ], [ 112.791705632939923, -7.279895408873403 ], [ 112.791715204113331, -7.279899889566602 ], [ 112.791720057637178, -7.279902161717467 ], [ 112.791727486500278, -7.279905639499342 ], [ 112.791734820117441, -7.279909072692112 ], [ 112.791746773885109, -7.2799078698161 ], [ 112.791758438009069, -7.279906696085879 ], [ 112.791773298286515, -7.279905200734693 ], [ 112.791796176971033, -7.27990423671825 ], [ 112.791825542457758, -7.279905076103285 ], [ 112.791842618758707, -7.279906490715806 ], [ 112.791849810655705, -7.279907086497298 ], [ 112.791863544668431, -7.279912077238587 ], [ 112.791872457282409, -7.279915315953065 ], [ 112.791878985679375, -7.27991768827761 ], [ 112.791890658706436, -7.279918538404924 ], [ 112.791898924504039, -7.279919140389128 ], [ 112.791907247664184, -7.279928723655625 ], [ 112.791910172727285, -7.27994134313993 ], [ 112.791911940986083, -7.279952244785682 ], [ 112.791911416150924, -7.279964877926312 ], [ 112.791906823124336, -7.279966618525495 ], [ 112.791908002723446, -7.279974077666058 ], [ 112.791901714380145, -7.279983288786151 ], [ 112.79189310558904, -7.27998734183856 ], [ 112.791883367346287, -7.279996566614856 ], [ 112.791876490342503, -7.280002335229559 ], [ 112.791865581617984, -7.280006397385748 ], [ 112.791857545529808, -7.280009874031373 ], [ 112.791843180067502, -7.280012227452548 ], [ 112.791832243989859, -7.280009400045258 ], [ 112.791820748884547, -7.28001059382532 ], [ 112.791814996773169, -7.280010042454755 ], [ 112.791806910538924, -7.280000888234366 ], [ 112.791802860583985, -7.279994588733365 ], [ 112.791799374215699, -7.279985416305156 ], [ 112.791793622104606, -7.279984864934251 ], [ 112.791791919948182, -7.279990613064465 ], [ 112.79179252456241, -7.279998074481719 ], [ 112.791787370227411, -7.280003262137273 ], [ 112.791781636350464, -7.280007303808247 ], [ 112.791775902473432, -7.280011345479172 ], [ 112.791760955188963, -7.280011978782978 ], [ 112.79175175773662, -7.280012589327501 ], [ 112.791744837424531, -7.280007449465725 ], [ 112.791736773983942, -7.280004036546339 ], [ 112.791728131001705, -7.27999947764208 ], [ 112.791720090353536, -7.280001806025012 ], [ 112.791709742934685, -7.280002421120309 ], [ 112.791701718240674, -7.280008768414834 ], [ 112.79168964131344, -7.28000824207661 ], [ 112.791685579963868, -7.279999071922797 ], [ 112.791678086948508, -7.279994508465848 ], [ 112.791672369024468, -7.280002569047627 ], [ 112.791658003559974, -7.280004922463069 ], [ 112.791649362857328, -7.280000937687431 ], [ 112.791638994925904, -7.279996385608499 ], [ 112.791629195140615, -7.27999010886267 ] ] ] ] } },
{ "type": "Feature", "properties": { "id": 32, "Id": 0, "Luas": 707.15872940899999 }, "geometry": { "type": "MultiPolygon", "coordinates": [ [ [ [ 112.791539940565968, -7.279871568043444 ], [ 112.791532002916313, -7.279888870864167 ], [ 112.791527475977446, -7.279907261239267 ], [ 112.791520058169795, -7.279921644079891 ], [ 112.791498788349642, -7.279922876535883 ], [ 112.791475800416208, -7.279925838208444 ], [ 112.791464300752068, -7.279925883718452 ], [ 112.791462623658788, -7.279937947282288 ], [ 112.791458085322503, -7.279953467005702 ], [ 112.791448381252124, -7.279971303729925 ], [ 112.791436338507353, -7.279979389340001 ], [ 112.791412189209211, -7.279979484909278 ], [ 112.791388610336455, -7.279978429941097 ], [ 112.791373078950983, -7.279976768985884 ], [ 112.791358111155063, -7.279972235102786 ], [ 112.791352956814066, -7.279977422754581 ], [ 112.791347793357986, -7.279980313884774 ], [ 112.791340882164533, -7.279977470537144 ], [ 112.791335691363628, -7.279973472102559 ], [ 112.791326491630656, -7.279973508507978 ], [ 112.791314996521763, -7.279974702275264 ], [ 112.791306937640556, -7.279972437608069 ], [ 112.791301744561238, -7.279967865042613 ], [ 112.791297735628802, -7.279971899882501 ], [ 112.791294301679557, -7.279975932447083 ], [ 112.791285672372339, -7.27997481831557 ], [ 112.791275895377112, -7.279974282864846 ], [ 112.791267261512601, -7.279972020472163 ], [ 112.791262057040427, -7.279964577254098 ], [ 112.791255702601845, -7.279957138586389 ], [ 112.791246502868802, -7.279957174990104 ], [ 112.791235585021525, -7.279958940610546 ], [ 112.791229846581217, -7.279961834014745 ], [ 112.791220078700334, -7.279963595084439 ], [ 112.7912091517384, -7.279963064182581 ], [ 112.791205706395488, -7.279964226094492 ], [ 112.791202858821435, -7.279971127035529 ], [ 112.791200611294798, -7.279984341136174 ], [ 112.791196054720359, -7.27999526781576 ], [ 112.791188609557494, -7.280002761088603 ], [ 112.791186352916299, -7.280013678667533 ], [ 112.79117660554077, -7.280020606910526 ], [ 112.79117088988454, -7.280029241618645 ], [ 112.791166310523806, -7.280034426993826 ], [ 112.791161363856673, -7.280031575869923 ], [ 112.791141796191695, -7.280027060180715 ], [ 112.791129710147061, -7.280024237305717 ], [ 112.791115303662565, -7.280016256356567 ], [ 112.791104347079099, -7.280008261756461 ], [ 112.791096283640513, -7.280004848824484 ], [ 112.791089936038617, -7.27999913254534 ], [ 112.791083602107335, -7.27999686104886 ], [ 112.791076661295079, -7.279986554000726 ], [ 112.791073749923726, -7.279977379288291 ], [ 112.791074863436236, -7.279968188650734 ], [ 112.791070797541622, -7.279957870227292 ], [ 112.791064438548858, -7.279949283295171 ], [ 112.79105691819791, -7.279937830260468 ], [ 112.791059177120843, -7.279927486811956 ], [ 112.791061429208639, -7.279915420972011 ], [ 112.79106829711138, -7.279907355845596 ], [ 112.79107632409395, -7.279901582691003 ], [ 112.791083194274606, -7.279894091694927 ], [ 112.791089514533994, -7.279892918408954 ], [ 112.791102166444603, -7.279893442489071 ], [ 112.791112525257304, -7.279895698060408 ], [ 112.791119399994017, -7.27988935532486 ], [ 112.791121665750723, -7.279880734267794 ], [ 112.791125106536555, -7.279878424095694 ], [ 112.791135447121349, -7.279876086622908 ], [ 112.791145774035257, -7.279870304367194 ], [ 112.791150912429117, -7.279861097804322 ], [ 112.791157741595541, -7.279843272459465 ], [ 112.791163439022881, -7.279830044708387 ], [ 112.79116280252137, -7.279814545461408 ], [ 112.791164468231017, -7.279799611244552 ], [ 112.791173045130449, -7.279787520379053 ], [ 112.791180508518707, -7.279784620150711 ], [ 112.791199423751095, -7.279781154356229 ], [ 112.791224020915081, -7.279801810819913 ], [ 112.791234900290277, -7.279810947214234 ], [ 112.791245546171567, -7.279819887521959 ], [ 112.791253273374252, -7.279826376751235 ], [ 112.791259184725391, -7.279831341045944 ], [ 112.791276767967318, -7.279837730569175 ], [ 112.791291391053662, -7.279843044409349 ], [ 112.791307908737224, -7.279849046720848 ], [ 112.791324743530907, -7.279853444488784 ], [ 112.791353346642182, -7.279857014725652 ], [ 112.791388166862703, -7.279862103414594 ], [ 112.791423970206793, -7.279866428340639 ], [ 112.791456866360406, -7.279867825683839 ], [ 112.791489743073583, -7.279869261008967 ], [ 112.791518483585477, -7.279870581899392 ], [ 112.791532825158185, -7.27987124102564 ], [ 112.791539940565968, -7.279871568043444 ] ] ] ] } },
{ "type": "Feature", "properties": { "id": 33, "Id": 0, "Luas": 2013.3311460299999 }, "geometry": { "type": "MultiPolygon", "coordinates": [ [ [ [ 112.792339924859277, -7.283341479498231 ], [ 112.792354482839727, -7.2833393166538 ], [ 112.792365432690019, -7.283345588807434 ], [ 112.792373452857476, -7.283338093229869 ], [ 112.792387247989595, -7.283336890304695 ], [ 112.792392961364072, -7.283327681447886 ], [ 112.79240327919851, -7.283319602629077 ], [ 112.792423403751599, -7.283319522907704 ], [ 112.792435483045722, -7.283320623334379 ], [ 112.792456778103855, -7.283325706225486 ], [ 112.792468312066731, -7.283334272618334 ], [ 112.792476376236024, -7.28334388142224 ], [ 112.792483588290096, -7.283350072690183 ], [ 112.792490785135954, -7.283352436425059 ], [ 112.792500839808511, -7.28335048279592 ], [ 112.79250560855607, -7.283344722514248 ], [ 112.792514714421657, -7.283345164889358 ], [ 112.792522380918072, -7.283345134517425 ], [ 112.792535321932888, -7.283346040147702 ], [ 112.792551628446489, -7.283349803139228 ], [ 112.792559319657443, -7.283355992507435 ], [ 112.792568431226485, -7.28335787020615 ], [ 112.792576578780043, -7.283358316376554 ], [ 112.792579472727695, -7.2833630894026 ], [ 112.792587637391733, -7.283367841547084 ], [ 112.79259430565169, -7.283357767697104 ], [ 112.792598583834859, -7.283349138663556 ], [ 112.792610079776665, -7.28334813622028 ], [ 112.792626863545124, -7.283351418869026 ], [ 112.792640295122879, -7.283355193247293 ], [ 112.792651330920719, -7.283358977117057 ], [ 112.792662372422413, -7.283364196311226 ], [ 112.792667179192449, -7.283368004859716 ], [ 112.792669120532693, -7.283374217006448 ], [ 112.792671523917775, -7.28337612128067 ], [ 112.792679667668807, -7.283375610565959 ], [ 112.792682063448893, -7.283375601073831 ], [ 112.792689260295447, -7.283377964805175 ], [ 112.792692139034088, -7.283378910297683 ], [ 112.792698835810612, -7.28337601307014 ], [ 112.792706477590031, -7.283369762954682 ], [ 112.792709806965306, -7.283363529925277 ], [ 112.792716969588369, -7.283357281708174 ], [ 112.792723058469363, -7.283357359652543 ], [ 112.792731090037321, -7.28335273471934 ], [ 112.792739427351307, -7.283352701685835 ], [ 112.792746607846155, -7.283350950818985 ], [ 112.792754346216114, -7.283344891699921 ], [ 112.792766115199882, -7.283340251957975 ], [ 112.792771855944864, -7.283337932656432 ], [ 112.792779048988194, -7.283339339503315 ], [ 112.792786544355721, -7.283344477054968 ], [ 112.792795464642225, -7.283346451196686 ], [ 112.792800061116907, -7.283345571775917 ], [ 112.792809547263886, -7.283345247119735 ], [ 112.792813574455536, -7.283345805301681 ], [ 112.792820487991264, -7.283349222741405 ], [ 112.792833450300563, -7.283355486908056 ], [ 112.792842070544296, -7.283354304473829 ], [ 112.79285299529991, -7.283354261185828 ], [ 112.792864497324345, -7.283354789749045 ], [ 112.792870840436805, -7.283359357725859 ], [ 112.792877153886522, -7.283356462014904 ], [ 112.792886924104195, -7.283355275023152 ], [ 112.792897269308881, -7.283354085752808 ], [ 112.792907044089958, -7.283354047020259 ], [ 112.792917966563351, -7.283353429600907 ], [ 112.792931195830619, -7.283354525456977 ], [ 112.79294096832966, -7.283353912593896 ], [ 112.79295362032785, -7.283354436597953 ], [ 112.792958229352124, -7.283356714889515 ], [ 112.792972031324481, -7.283357234336115 ], [ 112.792989867334086, -7.283360034351939 ], [ 112.793001951190831, -7.283362283022411 ], [ 112.793017503225713, -7.283369111059516 ], [ 112.793035927914516, -7.283375353573404 ], [ 112.793045768872688, -7.283391964600886 ], [ 112.793057864140224, -7.283397083918357 ], [ 112.79306822988255, -7.283401061811813 ], [ 112.793080891009481, -7.283403882330963 ], [ 112.793090688611059, -7.283409584891649 ], [ 112.793098168007873, -7.283410703528746 ], [ 112.79310737008403, -7.283411241199963 ], [ 112.793121174339205, -7.283412334771281 ], [ 112.793130374133213, -7.283412298312284 ], [ 112.7931407467225, -7.283417998593023 ], [ 112.793144799017796, -7.283424872198794 ], [ 112.793139078813894, -7.283432358672443 ], [ 112.793128774687275, -7.283443882283821 ], [ 112.793124793137054, -7.283454806699697 ], [ 112.79312469336746, -7.283477925749951 ], [ 112.793129742010677, -7.283494364386827 ], [ 112.793129798303056, -7.283508526253578 ], [ 112.793133295390589, -7.283520377929027 ], [ 112.793132945537039, -7.28352880001758 ], [ 112.793131059341277, -7.283536462676435 ], [ 112.793134163975807, -7.28354601935204 ], [ 112.793140313909362, -7.283550205330104 ], [ 112.793141876116124, -7.283557471563345 ], [ 112.793142692973376, -7.28357009937901 ], [ 112.793141582556203, -7.283580055518472 ], [ 112.7931381737111, -7.283590403526117 ], [ 112.793130154316941, -7.283598090491747 ], [ 112.793116371355922, -7.283602355466279 ], [ 112.793112577968074, -7.283612398790544 ], [ 112.79311435541949, -7.283625596938247 ], [ 112.793123596296681, -7.283635894813504 ], [ 112.793127080453601, -7.283644493086936 ], [ 112.793127126096934, -7.283655975681527 ], [ 112.793121992288988, -7.283666330525554 ], [ 112.793111076656032, -7.283668670340826 ], [ 112.793101272201454, -7.283661245392872 ], [ 112.79308971539939, -7.283646937723839 ], [ 112.793082235998497, -7.283645819087579 ], [ 112.793078238471708, -7.283652724595442 ], [ 112.793068459120917, -7.283651615073757 ], [ 112.793059215962217, -7.283640743067417 ], [ 112.793054556728933, -7.283625833923183 ], [ 112.793047045379566, -7.283616677469651 ], [ 112.793033236553541, -7.283614435638027 ], [ 112.793023434383215, -7.283607584817512 ], [ 112.793014761649943, -7.283595562271579 ], [ 112.793000930004624, -7.283587579141052 ], [ 112.792991146091126, -7.283585321357769 ], [ 112.792981357613741, -7.283581915314683 ], [ 112.792963517031126, -7.283577967041095 ], [ 112.792904255298339, -7.283568632896047 ], [ 112.792879716417843, -7.28356719909662 ], [ 112.792853632067875, -7.283562709345841 ], [ 112.792829862879415, -7.283562038012177 ], [ 112.792801496833704, -7.283562150410286 ], [ 112.792769297538015, -7.283562277995178 ], [ 112.792725613703809, -7.283566278674813 ], [ 112.792701844513701, -7.283565607334423 ], [ 112.792675708447689, -7.283548103962417 ], [ 112.792666444765317, -7.28353206477623 ], [ 112.792651841912857, -7.283522936410781 ], [ 112.792624221222852, -7.283517687214042 ], [ 112.792604260948082, -7.283510876628365 ], [ 112.792593494388484, -7.283502498580008 ], [ 112.792581994640301, -7.283502544140644 ], [ 112.792565155719714, -7.283509500521355 ], [ 112.79254755623225, -7.283517990951955 ], [ 112.792529196177682, -7.283528015432426 ], [ 112.792509293696895, -7.283535749467159 ], [ 112.792500127356803, -7.283544206486487 ], [ 112.792487136891651, -7.283554975211589 ], [ 112.792473352400123, -7.283558857414389 ], [ 112.792452655891083, -7.283559704925052 ], [ 112.792428098756531, -7.283553678061032 ], [ 112.792411211164278, -7.283548386331225 ], [ 112.792405744240668, -7.283523145872574 ], [ 112.79238802916818, -7.283502547046174 ], [ 112.792371147661171, -7.283498786327544 ], [ 112.792353496462852, -7.283494263138524 ], [ 112.792345081562218, -7.28349888958505 ], [ 112.792328921083296, -7.283483643228013 ], [ 112.792311215139847, -7.283465340917315 ], [ 112.792305763430747, -7.283443927989049 ], [ 112.792308738788037, -7.283420950641791 ], [ 112.792315450069538, -7.283373461897181 ], [ 112.792339924859277, -7.283341479498231 ] ] ] ] } },
{ "type": "Feature", "properties": { "id": 34, "Id": 0, "Luas": 434.44495984500003 }, "geometry": { "type": "MultiPolygon", "coordinates": [ [ [ [ 112.792306664023087, -7.283436973118985 ], [ 112.79229839085184, -7.283433112345125 ], [ 112.792280538869718, -7.283426293391632 ], [ 112.792266177870417, -7.283429795111924 ], [ 112.792258139451505, -7.283432697648303 ], [ 112.79224033308904, -7.283437361293404 ], [ 112.792222542692684, -7.283446043848059 ], [ 112.792204695272275, -7.283440373151521 ], [ 112.792201818054096, -7.283439810409114 ], [ 112.792175345822244, -7.283434173874003 ], [ 112.792147210211354, -7.283444045680715 ], [ 112.792128822016267, -7.283446989209151 ], [ 112.792121328932382, -7.283442425775275 ], [ 112.792109799532255, -7.28343500763279 ], [ 112.792110319780434, -7.283421226234045 ], [ 112.792107406069633, -7.283411477410027 ], [ 112.792105598998887, -7.283390815560102 ], [ 112.792090571779966, -7.283371354349643 ], [ 112.792087653508617, -7.283360457265165 ], [ 112.792089344259466, -7.283351838482148 ], [ 112.79209447809221, -7.283341483644796 ], [ 112.792092696111339, -7.283327137225229 ], [ 112.792086343881678, -7.283320272715235 ], [ 112.792079402980534, -7.283309965701969 ], [ 112.792076482429493, -7.283298494487193 ], [ 112.792074127743092, -7.283284724474747 ], [ 112.792075227542043, -7.283272089058546 ], [ 112.792080356813258, -7.283260585961322 ], [ 112.792084356636181, -7.283254254589358 ], [ 112.792090065455739, -7.283243897474944 ], [ 112.792094037909791, -7.283230676542157 ], [ 112.792096894600064, -7.283226072115014 ], [ 112.792100898984032, -7.283220889003134 ], [ 112.792107212439603, -7.283217993302213 ], [ 112.792115264541096, -7.283218535549524 ], [ 112.792134834632591, -7.283223625289933 ], [ 112.792147523124285, -7.283233335398463 ], [ 112.792155034450758, -7.283242491873098 ], [ 112.792156827836592, -7.283259708942292 ], [ 112.792162627886938, -7.283272317029143 ], [ 112.792175293572271, -7.283276285836022 ], [ 112.792187927325784, -7.283272216821943 ], [ 112.792206897342908, -7.283270993405575 ], [ 112.792218978917489, -7.283272667968472 ], [ 112.792231658288387, -7.283280081553777 ], [ 112.792238037890101, -7.283293835621595 ], [ 112.792246724284198, -7.283309302969122 ], [ 112.792254253861515, -7.283323052481411 ], [ 112.792264069702782, -7.283333348103099 ], [ 112.792279619450596, -7.283339602038555 ], [ 112.792294553153241, -7.283335523910994 ], [ 112.792310664202418, -7.28333833078767 ], [ 112.792334544183475, -7.283348510689604 ], [ 112.792315450069538, -7.283373461897181 ], [ 112.792306664023087, -7.283436973118985 ] ] ] ] } },
{ "type": "Feature", "properties": { "id": 35, "Id": 0, "Luas": 926.76215820300001 }, "geometry": { "type": "MultiPolygon", "coordinates": [ [ [ [ 112.792433117719199, -7.281277873191414 ], [ 112.792438814352849, -7.281264454053065 ], [ 112.79245195689893, -7.281243732998379 ], [ 112.792454811296849, -7.281238554442534 ], [ 112.792462845116873, -7.281234503652239 ], [ 112.792472019783546, -7.281228151787477 ], [ 112.792476599134773, -7.28122296640004 ], [ 112.792480601220788, -7.281217209159809 ], [ 112.792479430726573, -7.281212046544189 ], [ 112.792478828375224, -7.281205159261432 ], [ 112.792489178096503, -7.281205118272086 ], [ 112.792496655175739, -7.281205662798497 ], [ 112.79249951641475, -7.281202206632562 ], [ 112.792499493608815, -7.281196465332641 ], [ 112.792497745849417, -7.281190730864352 ], [ 112.792499443435844, -7.281183834472866 ], [ 112.792501713726097, -7.281176361674161 ], [ 112.792503997699839, -7.281172333655463 ], [ 112.792514347420237, -7.281172292665724 ], [ 112.792520081300609, -7.281168250983632 ], [ 112.792520624356527, -7.281160210886648 ], [ 112.792517133399016, -7.281149890210179 ], [ 112.792521121800405, -7.281140688189934 ], [ 112.792523951110439, -7.28112919420419 ], [ 112.792531934754422, -7.281112512553655 ], [ 112.79253708452714, -7.281106176628874 ], [ 112.792552020436972, -7.281102672640984 ], [ 112.792559492953046, -7.281102068906826 ], [ 112.792564649567112, -7.281097455371767 ], [ 112.792569228916108, -7.28109226998398 ], [ 112.792575530937327, -7.28108650363438 ], [ 112.792580678428422, -7.281079593579372 ], [ 112.792580653341204, -7.281073278149723 ], [ 112.792576601083184, -7.281066404530934 ], [ 112.792573694232601, -7.281058378097628 ], [ 112.792575964521433, -7.281050905299001 ], [ 112.79258573469302, -7.281049718325654 ], [ 112.792586850451755, -7.281041101821609 ], [ 112.792589091091841, -7.281026165333407 ], [ 112.792597661119757, -7.281012352055242 ], [ 112.79260799943259, -7.281009440414463 ], [ 112.792611408285822, -7.280999092411471 ], [ 112.792613664889885, -7.280988174833116 ], [ 112.792614766964192, -7.280976113549397 ], [ 112.792616448584013, -7.280965198248324 ], [ 112.792622175618945, -7.280959434175897 ], [ 112.79263137536546, -7.28095939773925 ], [ 112.792642877329229, -7.280959926323139 ], [ 112.792651536302202, -7.28096850411259 ], [ 112.792669410987315, -7.280981064373916 ], [ 112.792684383383303, -7.280986746461886 ], [ 112.792698176161096, -7.280984969414966 ], [ 112.792711980342645, -7.280986063017266 ], [ 112.792717764396329, -7.280994652192052 ], [ 112.792720691775884, -7.281007845793259 ], [ 112.792721894203041, -7.281021046226678 ], [ 112.792723101192038, -7.281035394919914 ], [ 112.792717976512066, -7.281048046275171 ], [ 112.792711692740099, -7.281058405665594 ], [ 112.792713476994265, -7.281073326211377 ], [ 112.792713531734137, -7.281087105329594 ], [ 112.792708961510513, -7.281094587238158 ], [ 112.792704982236828, -7.281106085778744 ], [ 112.792704450588204, -7.281116996524815 ], [ 112.792703923501264, -7.281129055530737 ], [ 112.792698789697013, -7.281139410366425 ], [ 112.792693653611693, -7.281149191072132 ], [ 112.792693137928794, -7.28116412072778 ], [ 112.792689160935311, -7.281176193398387 ], [ 112.792693238285395, -7.281189382444673 ], [ 112.792693320395628, -7.281210051122136 ], [ 112.792685334476616, -7.281226158644489 ], [ 112.792682532541008, -7.281244542189532 ], [ 112.792676246485641, -7.28125432745028 ], [ 112.792668803618483, -7.281262394876115 ], [ 112.792666547016069, -7.281273312454647 ], [ 112.792673501570732, -7.281287064243726 ], [ 112.792670122369444, -7.281304875936401 ], [ 112.792667893137235, -7.281322683074157 ], [ 112.792664482003929, -7.281332456947782 ], [ 112.792658754966098, -7.281338221021659 ], [ 112.792656496082671, -7.281348564470324 ], [ 112.792654830430578, -7.281363498681032 ], [ 112.792658337359782, -7.281377838264718 ], [ 112.792662398746273, -7.281387008401414 ], [ 112.792663019348197, -7.281398488722608 ], [ 112.792659033229882, -7.281408264873819 ], [ 112.792653899422845, -7.281418619709873 ], [ 112.792646472519166, -7.281430706045614 ], [ 112.792637329784228, -7.281445095733433 ], [ 112.792629896037255, -7.281455459679263 ], [ 112.792609219392915, -7.281461282966443 ], [ 112.792594858457576, -7.281464784681542 ], [ 112.792566025588997, -7.28144384711902 ], [ 112.792566919275643, -7.281427576307791 ], [ 112.792569718174434, -7.281408427255548 ], [ 112.792433117719199, -7.281277873191414 ] ] ] ] } },
{ "type": "Feature", "properties": { "id": 36, "Id": 0, "Luas": 4639.9949432699996 }, "geometry": { "type": "MultiPolygon", "coordinates": [ [ [ [ 112.791775030053657, -7.284816975508379 ], [ 112.791745653978055, -7.284755850348109 ], [ 112.791730193209588, -7.284723759789194 ], [ 112.791707041593682, -7.284685575538024 ], [ 112.791688429078093, -7.284632062929133 ], [ 112.791732815839495, -7.28461198364198 ], [ 112.791787996545494, -7.284607171977693 ], [ 112.791824662038181, -7.284573343924959 ], [ 112.791856739778012, -7.284542596117219 ], [ 112.791896496196969, -7.284514879969268 ], [ 112.791924095664811, -7.284514770649942 ], [ 112.791968567555813, -7.284516125534333 ], [ 112.791994633718929, -7.284516022284177 ], [ 112.792014487591501, -7.284496040151788 ], [ 112.792008220557975, -7.284462382149256 ], [ 112.792021880387395, -7.284427114176514 ], [ 112.792038673731653, -7.284408675204831 ], [ 112.792087739436582, -7.284408480845595 ], [ 112.79209847255936, -7.284408438328805 ], [ 112.79213216873228, -7.284399118622573 ], [ 112.792222657951527, -7.28440488430367 ], [ 112.792265608689206, -7.284409307262134 ], [ 112.7922993717754, -7.284416828690111 ], [ 112.792339280242061, -7.284427387843068 ], [ 112.792363825259372, -7.284430352673983 ], [ 112.792374467122912, -7.284407344952558 ], [ 112.792398963467278, -7.284398061676391 ], [ 112.792451101851299, -7.284399386141457 ], [ 112.792475689455728, -7.28441306805827 ], [ 112.792484980537211, -7.284435996803952 ], [ 112.792503380173315, -7.284435923901445 ], [ 112.792521712881026, -7.284419009854376 ], [ 112.792544694171454, -7.284414325685325 ], [ 112.792587730090247, -7.284440182794425 ], [ 112.79262922662555, -7.284464514960912 ], [ 112.792690558744169, -7.284464271929153 ], [ 112.792713600883587, -7.284474897880445 ], [ 112.792739691374322, -7.284480918639481 ], [ 112.792778017862474, -7.284479235723071 ], [ 112.792796520948656, -7.284505190026434 ], [ 112.792814963182565, -7.284515834200294 ], [ 112.792854883830714, -7.284529455328182 ], [ 112.792859587195409, -7.284555464315885 ], [ 112.792899532190887, -7.284575209489605 ], [ 112.792928737981057, -7.284593466184027 ], [ 112.792964107416367, -7.284619353631661 ], [ 112.792987216515215, -7.284646820704754 ], [ 112.793022652906942, -7.284689549284854 ], [ 112.793054998352858, -7.284726165964804 ], [ 112.793061259382981, -7.284758292919872 ], [ 112.793058381457286, -7.284805766465113 ], [ 112.793034025103751, -7.28485026306907 ], [ 112.793003620739526, -7.284916218158981 ], [ 112.7929622641294, -7.284927099333765 ], [ 112.79293315569258, -7.284933338850442 ], [ 112.792902629586393, -7.28496867368403 ], [ 112.792876630356687, -7.284985618132959 ], [ 112.792829152687986, -7.284999585631208 ], [ 112.792816679332105, -7.284947579810814 ], [ 112.792791921288895, -7.284891029563752 ], [ 112.792767181509987, -7.284839072352242 ], [ 112.792734756961693, -7.284782552480888 ], [ 112.792699381434801, -7.284755134002493 ], [ 112.792676339279595, -7.284744508053996 ], [ 112.792634854883346, -7.28472323792496 ], [ 112.79260872178331, -7.28470650007215 ], [ 112.792578000943195, -7.284692842470495 ], [ 112.792561043330252, -7.28466994410763 ], [ 112.792541000857881, -7.284642464855635 ], [ 112.79250112887749, -7.284641091804832 ], [ 112.792478141490676, -7.284644244961474 ], [ 112.792429087939126, -7.284647501395547 ], [ 112.792399906493827, -7.284635368717469 ], [ 112.792356961819863, -7.284632476790575 ], [ 112.792324713768878, -7.284620356256677 ], [ 112.792292520473012, -7.284622014839325 ], [ 112.792268042365095, -7.284635891152994 ], [ 112.792260412347716, -7.284645107605622 ], [ 112.79225744916242, -7.284671146980531 ], [ 112.792242219544349, -7.284697234952211 ], [ 112.792231547251859, -7.284712587607053 ], [ 112.792199341780474, -7.284711184158099 ], [ 112.792176342217417, -7.284711275274089 ], [ 112.792161051759038, -7.284722053110915 ], [ 112.792145773466615, -7.284735892974147 ], [ 112.792145822133577, -7.28474814108107 ], [ 112.792136707474327, -7.284769611713926 ], [ 112.792130592506567, -7.284774229051117 ], [ 112.792104568913345, -7.284785049406529 ], [ 112.792063127108847, -7.284774496313425 ], [ 112.792055418004594, -7.284763809589393 ], [ 112.792027806357552, -7.284760856893532 ], [ 112.791998728317736, -7.28477475141807 ], [ 112.791966577583679, -7.284787127075051 ], [ 112.791928324041947, -7.284807182092353 ], [ 112.791919160709398, -7.284816404615163 ], [ 112.791890070496223, -7.284827237107198 ], [ 112.791775030053657, -7.284816975508379 ] ] ] ] } },
{ "type": "Feature", "properties": { "id": 37, "Id": 0, "Luas": 5354.5810663700004 }, "geometry": { "type": "MultiPolygon", "coordinates": [ [ [ [ 112.798609098572541, -7.284126664377848 ], [ 112.798599763693801, -7.284232215127027 ], [ 112.798545911103247, -7.28457002183255 ], [ 112.798541659191244, -7.284657307575059 ], [ 112.79851759603612, -7.284967437274492 ], [ 112.798509271158352, -7.28498164277709 ], [ 112.798508797413547, -7.285117540510994 ], [ 112.798407790625006, -7.285116383959865 ], [ 112.798396236386154, -7.284782313980434 ], [ 112.798400495374707, -7.284768900516028 ], [ 112.798397588008072, -7.284760778464585 ], [ 112.798380349838808, -7.284763717678614 ], [ 112.798361689462425, -7.284770490126784 ], [ 112.798338718588823, -7.284777758157372 ], [ 112.798321453711438, -7.284773999208728 ], [ 112.7983241588704, -7.284731406615783 ], [ 112.798302102435187, -7.2847276667134 ], [ 112.798278154174412, -7.284730154149469 ], [ 112.798256565449918, -7.284723541699671 ], [ 112.798262273355874, -7.284712993162018 ], [ 112.798273713965131, -7.284698115807555 ], [ 112.798286639730236, -7.284695193740358 ], [ 112.798297606904995, -7.28468175361045 ], [ 112.798303763444451, -7.284663548127015 ], [ 112.798296545585103, -7.284655921656732 ], [ 112.798302744090734, -7.284648241854624 ], [ 112.798317557864038, -7.284638135567296 ], [ 112.798330380617614, -7.284609377736642 ], [ 112.798376843471942, -7.284605365455411 ], [ 112.798379494552961, -7.284638941939573 ], [ 112.798399479324686, -7.284651876268843 ], [ 112.798414097551671, -7.284664831931075 ], [ 112.798420340629761, -7.284692365694675 ], [ 112.798457130645346, -7.28468992288909 ], [ 112.798471635936352, -7.284674554900056 ], [ 112.798469992751834, -7.284647002850996 ], [ 112.798462704241459, -7.284645692173137 ], [ 112.798460198259946, -7.284594029794814 ], [ 112.798449857651931, -7.284596367451772 ], [ 112.798445274316833, -7.284571697776043 ], [ 112.798382025754847, -7.28457194921039 ], [ 112.79838214936899, -7.284602952124843 ], [ 112.798313150930454, -7.284603226407965 ], [ 112.798276351762127, -7.284603372687998 ], [ 112.798249916093354, -7.284606922593417 ], [ 112.798228062008391, -7.284605861188373 ], [ 112.798226861677264, -7.284593234941394 ], [ 112.798208411736255, -7.284580677259965 ], [ 112.798173917093493, -7.284581962645409 ], [ 112.798162394464441, -7.284576267073423 ], [ 112.798135913018015, -7.284568334409583 ], [ 112.798125453388707, -7.284540817396794 ], [ 112.798120629190961, -7.28448457112321 ], [ 112.798117014477754, -7.2844432476099 ], [ 112.798065311433902, -7.284454935851383 ], [ 112.798067881450393, -7.284522673831556 ], [ 112.798069328961105, -7.284597305919745 ], [ 112.798070703234345, -7.284653565907052 ], [ 112.798068645896777, -7.284714432631495 ], [ 112.798082614962411, -7.284756863264397 ], [ 112.798096611497812, -7.284806183433707 ], [ 112.798097967470511, -7.284857850394419 ], [ 112.798114199873694, -7.284891085832492 ], [ 112.798120055038197, -7.284917472871104 ], [ 112.798108669734575, -7.284946224987131 ], [ 112.798089243759875, -7.284977305612476 ], [ 112.79806855794132, -7.284980832658154 ], [ 112.798019063234406, -7.284969546641674 ], [ 112.79801069755591, -7.284890348951837 ], [ 112.797988610003571, -7.284830726465863 ], [ 112.79794357331609, -7.284783826206999 ], [ 112.797903929493174, -7.28464733909144 ], [ 112.797864817797631, -7.284355832778228 ], [ 112.797866806521256, -7.284277742201029 ], [ 112.797887419083295, -7.284255843069263 ], [ 112.797899826217673, -7.284194935209189 ], [ 112.79795719672282, -7.284162555527296 ], [ 112.798011396502062, -7.284200233187894 ], [ 112.798032178407965, -7.284220819536316 ], [ 112.798150286912318, -7.284135377812244 ], [ 112.798245478312992, -7.284070696095839 ], [ 112.798609098572541, -7.284126664377848 ] ] ] ] } },
{ "type": "Feature", "properties": { "id": 38, "Id": 0, "Luas": 162.21750632499999 }, "geometry": { "type": "MultiPolygon", "coordinates": [ [ [ [ 112.798140943111633, -7.284647379490679 ], [ 112.798179749018857, -7.284645789901279 ], [ 112.798217123179683, -7.284645641342715 ], [ 112.798238692825137, -7.284647469394719 ], [ 112.798245475400208, -7.284666101892542 ], [ 112.798256986587248, -7.284668926821146 ], [ 112.798265166573273, -7.284677506362957 ], [ 112.798267130885208, -7.284689459745895 ], [ 112.798265260042186, -7.284700949926218 ], [ 112.798253794634746, -7.284709607559673 ], [ 112.798245687133701, -7.284719208740418 ], [ 112.798235695436006, -7.284736951021006 ], [ 112.79821990236303, -7.284741798275299 ], [ 112.798199781625684, -7.284742835150097 ], [ 112.798194550966414, -7.28475290334266 ], [ 112.798180672608808, -7.284757264537225 ], [ 112.798158127478573, -7.284751134332028 ], [ 112.798148567246997, -7.284756913704705 ], [ 112.798130355502607, -7.284756029197914 ], [ 112.798119308210119, -7.284749374841045 ], [ 112.798113999346015, -7.284739826988884 ], [ 112.798113930680358, -7.284722603145096 ], [ 112.798118638315771, -7.28470153273521 ], [ 112.798125732193881, -7.284678060602186 ], [ 112.798140943111633, -7.284647379490679 ] ] ] ] } },
{ "type": "Feature", "properties": { "id": 39, "Id": 0, "Luas": 381.803182945 }, "geometry": { "type": "MultiPolygon", "coordinates": [ [ [ [ 112.798044248335728, -7.285080184853087 ], [ 112.79806489753669, -7.285067471757274 ], [ 112.798079810593379, -7.285058226284526 ], [ 112.798098212487091, -7.285058727276455 ], [ 112.798115471272283, -7.285060955223073 ], [ 112.798135643908552, -7.285072931919032 ], [ 112.798144839132988, -7.285071747093611 ], [ 112.798167866107207, -7.285078545206964 ], [ 112.798171375548193, -7.285093458823861 ], [ 112.798180025542806, -7.285099739948506 ], [ 112.798183525828222, -7.285112357052768 ], [ 112.798176115081873, -7.285128462352775 ], [ 112.798171574695701, -7.285143407968392 ], [ 112.798177943053048, -7.285154291260151 ], [ 112.798182581869355, -7.285164033152516 ], [ 112.798180918711239, -7.28517954146801 ], [ 112.798176935000257, -7.285189891773328 ], [ 112.798172374012239, -7.285199670236227 ], [ 112.798167833625754, -7.285214615851969 ], [ 112.798169040828441, -7.285228964483058 ], [ 112.79817080241736, -7.285238143675591 ], [ 112.798178311595947, -7.285246725883256 ], [ 112.798176634703466, -7.285258789430258 ], [ 112.798170942052124, -7.285273165489398 ], [ 112.798162958605232, -7.285289847203598 ], [ 112.798146916170268, -7.28530426440468 ], [ 112.798126844240358, -7.285317549348671 ], [ 112.798102122046586, -7.285318221758396 ], [ 112.798081415612273, -7.2853165816553 ], [ 112.798069865494966, -7.285303996547953 ], [ 112.798056567524853, -7.285285677015423 ], [ 112.79804611473935, -7.285259882388928 ], [ 112.798037412097131, -7.285240396314883 ], [ 112.798031602706487, -7.285225491838202 ], [ 112.798033836279672, -7.285208832980228 ], [ 112.798035513176231, -7.285196769432841 ], [ 112.798037167183779, -7.285178964604103 ], [ 112.798044589380552, -7.285165729945682 ], [ 112.798047418541429, -7.285154235955528 ], [ 112.798045636355553, -7.285139889608534 ], [ 112.798048990148402, -7.28511576251394 ], [ 112.798048346493914, -7.285098540955287 ], [ 112.798044248335728, -7.285080184853087 ] ] ] ] } },
{ "type": "Feature", "properties": { "id": 40, "Id": 0, "Luas": 1125.9729654499999 }, "geometry": { "type": "MultiPolygon", "coordinates": [ [ [ [ 112.798508797413547, -7.285117540510994 ], [ 112.798508680376102, -7.285151114129696 ], [ 112.798508562266875, -7.285184995370092 ], [ 112.798508393234087, -7.28523348504162 ], [ 112.798676355239763, -7.285209044384732 ], [ 112.798770736313315, -7.285195310683179 ], [ 112.798875262495002, -7.285180100710279 ], [ 112.798950019950269, -7.285169222474709 ], [ 112.798999985005395, -7.285161951866632 ], [ 112.79904005845161, -7.28515612062073 ], [ 112.799075540538425, -7.28515095747872 ], [ 112.799119641981633, -7.28514454009543 ], [ 112.799124936146498, -7.285168791060584 ], [ 112.799123282182833, -7.285186595882819 ], [ 112.799121609896915, -7.285199807682687 ], [ 112.799110724068996, -7.285209611305502 ], [ 112.799126260183414, -7.285212420199203 ], [ 112.799169446086253, -7.285227750131811 ], [ 112.799189114762058, -7.285257527019872 ], [ 112.799198399307912, -7.285278733155786 ], [ 112.799197336368394, -7.285300554584961 ], [ 112.79918819840762, -7.285316092626522 ], [ 112.799169833159141, -7.285324777726275 ], [ 112.799161099761321, -7.285324498600998 ], [ 112.799124348648348, -7.285336701648005 ], [ 112.799091601834007, -7.285343721534212 ], [ 112.799045089666464, -7.28535940821924 ], [ 112.799006620452715, -7.285373340502034 ], [ 112.798976185033837, -7.285383221873083 ], [ 112.798945133403166, -7.28538277122785 ], [ 112.798926726923426, -7.285381122018153 ], [ 112.798911781820834, -7.28538232972707 ], [ 112.798889336685988, -7.285377251755205 ], [ 112.798878947974927, -7.285367532740518 ], [ 112.798865698065484, -7.285361269925676 ], [ 112.79885649368083, -7.285360158255254 ], [ 112.798839786975094, -7.285352186775299 ], [ 112.798825336711857, -7.285333297718628 ], [ 112.798821254548869, -7.28531896052715 ], [ 112.798822903944071, -7.28530000744731 ], [ 112.798842973555253, -7.285286148349749 ], [ 112.798876261011642, -7.285270514276959 ], [ 112.798899276548511, -7.285274441708525 ], [ 112.798885990001864, -7.285258992847739 ], [ 112.798878487682416, -7.285252133038787 ], [ 112.79885430156169, -7.285243043028022 ], [ 112.798837029032967, -7.285237370344966 ], [ 112.798814031817074, -7.285238035932769 ], [ 112.798806584456386, -7.285244955191715 ], [ 112.798801450785561, -7.285255310072074 ], [ 112.798794594441347, -7.285266245939745 ], [ 112.798784840259501, -7.285271451960673 ], [ 112.798771031395162, -7.285269210323814 ], [ 112.798760695355583, -7.28527269624704 ], [ 112.798750375344667, -7.285280201065437 ], [ 112.798743516708967, -7.285290562804806 ], [ 112.798733767105432, -7.285296917080744 ], [ 112.798714778770815, -7.285293547764002 ], [ 112.798699794742532, -7.285284995290587 ], [ 112.798691144738882, -7.285278714178577 ], [ 112.798684769499161, -7.285266108513792 ], [ 112.798672124348613, -7.285267307068697 ], [ 112.798661213320031, -7.285270795276141 ], [ 112.798660111428745, -7.285282856535449 ], [ 112.798654975464189, -7.285292637287152 ], [ 112.798646955401694, -7.285300132958494 ], [ 112.798636030633801, -7.285300176397882 ], [ 112.798623953600583, -7.285299650281598 ], [ 112.798614772113353, -7.285304279885293 ], [ 112.798600434052886, -7.285313523088647 ], [ 112.79859293402518, -7.285307237402091 ], [ 112.798588299778089, -7.28529864377243 ], [ 112.798580227052611, -7.285292934499764 ], [ 112.798576165504116, -7.285283764455693 ], [ 112.798564663458833, -7.285283236051487 ], [ 112.798563545537718, -7.285291278415436 ], [ 112.798556682317709, -7.2853004918971 ], [ 112.798542314491129, -7.285302271435211 ], [ 112.798531343931245, -7.285290832312488 ], [ 112.798530127558394, -7.285274187173331 ], [ 112.798522593188977, -7.28525928956544 ], [ 112.798496691265086, -7.285252502904205 ], [ 112.79847483486131, -7.28525086739089 ], [ 112.798470736683797, -7.285232511297258 ], [ 112.798467994864268, -7.285117073315071 ], [ 112.798508797413547, -7.285117540510994 ] ] ] ] } },
{ "type": "Feature", "properties": { "id": 41, "Id": 0, "Luas": 8847.0126806699991 }, "geometry": { "type": "MultiPolygon", "coordinates": [ [ [ [ 112.791188416495018, -7.279771910566389 ], [ 112.791206735626147, -7.279719400011057 ], [ 112.791189407827943, -7.279696862214259 ], [ 112.791206452033151, -7.279672967348965 ], [ 112.791231317262316, -7.279638107913057 ], [ 112.791259885192659, -7.279529194636301 ], [ 112.791276974838809, -7.279464041517744 ], [ 112.791297675658711, -7.279452639475044 ], [ 112.791308281071181, -7.279420445702756 ], [ 112.791317353195765, -7.279388257997551 ], [ 112.791338697689511, -7.279357552770358 ], [ 112.79135392726252, -7.279331464854481 ], [ 112.791383005022325, -7.279317570449009 ], [ 112.791407525454517, -7.279314411344398 ], [ 112.79140893150803, -7.279266070866259 ], [ 112.791418904529507, -7.279147463386918 ], [ 112.791431762263244, -7.278994548548739 ], [ 112.791495283313708, -7.279018573675428 ], [ 112.79153220977004, -7.2790505793575 ], [ 112.791550736804069, -7.279082657846552 ], [ 112.791552361238587, -7.279105616992696 ], [ 112.791581675968175, -7.279151432133939 ], [ 112.791601742373885, -7.279185035565319 ], [ 112.791612542220989, -7.27920183424644 ], [ 112.79164328086415, -7.279220085057679 ], [ 112.791667831671376, -7.279224581011396 ], [ 112.791701667275831, -7.279250474752054 ], [ 112.791703255257062, -7.27926424781083 ], [ 112.791717097373066, -7.279274910295106 ], [ 112.791737115176005, -7.27929626560389 ], [ 112.791760150933499, -7.279305360661908 ], [ 112.791778574677949, -7.279311411896061 ], [ 112.79179704704363, -7.279329711241539 ], [ 112.791800235169035, -7.279360319384735 ], [ 112.791788029654398, -7.279375678074086 ], [ 112.791794205343621, -7.279386370897717 ], [ 112.79181878047082, -7.279396990896637 ], [ 112.791844822029091, -7.279390763671335 ], [ 112.791877014965621, -7.279389105210877 ], [ 112.791898535677049, -7.2794027993707 ], [ 112.791926140910391, -7.279404221141426 ], [ 112.791950618788746, -7.27939034490995 ], [ 112.791968920972678, -7.279365775857308 ], [ 112.791991829091401, -7.279342719610476 ], [ 112.791994786254435, -7.279315149222434 ], [ 112.791974829223037, -7.279309104067016 ], [ 112.791927345979872, -7.279321540321023 ], [ 112.791892092554804, -7.279324741935659 ], [ 112.791841311778612, -7.279279011787901 ], [ 112.791848874887165, -7.279252954206481 ], [ 112.791867140607266, -7.279219199073992 ], [ 112.791871594598319, -7.279182436532393 ], [ 112.791871521665428, -7.279164064364704 ], [ 112.791894375082578, -7.279127228998254 ], [ 112.791904980447057, -7.279095035223795 ], [ 112.791906416487876, -7.27907053293181 ], [ 112.791920045876878, -7.279027609922354 ], [ 112.791927590746553, -7.278996959299636 ], [ 112.791956644149153, -7.278976940811006 ], [ 112.791971976998269, -7.278976880122128 ], [ 112.791993509844758, -7.278993636309533 ], [ 112.792018127497016, -7.27901497339891 ], [ 112.792030405933247, -7.27901798687363 ], [ 112.792061010850432, -7.279002555351416 ], [ 112.792087076693818, -7.27900245217364 ], [ 112.792091779880522, -7.279028461200216 ], [ 112.792125542542166, -7.279035982741823 ], [ 112.792145402304172, -7.279017531673098 ], [ 112.792200606638332, -7.27901884418019 ], [ 112.792205364540635, -7.279058632327223 ], [ 112.792202474255433, -7.27910304386408 ], [ 112.792185772245475, -7.279144448001759 ], [ 112.792181372989631, -7.27919498966357 ], [ 112.792190700358375, -7.279227104532382 ], [ 112.792189282571442, -7.279256199862553 ], [ 112.792190876646131, -7.279271503929661 ], [ 112.792200161465686, -7.279292901701803 ], [ 112.792209355101406, -7.279291334268334 ], [ 112.792255292882615, -7.279275842030243 ], [ 112.7922905523737, -7.279274171402471 ], [ 112.792310515483578, -7.279281747556896 ], [ 112.79233205443542, -7.279300034734915 ], [ 112.792387240560529, -7.279296754170087 ], [ 112.792397931002597, -7.2792859945812 ], [ 112.792454589611069, -7.279267397803285 ], [ 112.792471394952813, -7.279252020889663 ], [ 112.792506514598401, -7.279215136936688 ], [ 112.792544816329283, -7.279207330095025 ], [ 112.792586172467992, -7.279196449081352 ], [ 112.792629055808604, -7.279184030979734 ], [ 112.792661327759689, -7.279202275640752 ], [ 112.792664503778241, -7.279229821737311 ], [ 112.792652334783924, -7.279254366521857 ], [ 112.792644759564155, -7.279277362078788 ], [ 112.792640214432069, -7.279291159412949 ], [ 112.792640250914772, -7.279300345492846 ], [ 112.792655681057369, -7.279324780991001 ], [ 112.792660347799966, -7.279341603922702 ], [ 112.792678771549134, -7.279347655116881 ], [ 112.792703255472418, -7.279335309864299 ], [ 112.7927354119021, -7.279324465265086 ], [ 112.792761568967862, -7.279347327242136 ], [ 112.792764720671826, -7.279368749283276 ], [ 112.792758672662487, -7.2793902077559 ], [ 112.79275572162895, -7.279419309150756 ], [ 112.792777309249914, -7.279449844407048 ], [ 112.792769709712061, -7.279466715912304 ], [ 112.792734456297936, -7.279469917593891 ], [ 112.792708414760156, -7.279476144868518 ], [ 112.792689997086015, -7.279471624690208 ], [ 112.792668433791192, -7.279447213481741 ], [ 112.792640785999922, -7.279435074664367 ], [ 112.792619301755735, -7.279430566625695 ], [ 112.792596351110461, -7.279442905804092 ], [ 112.792584139546264, -7.279456733495429 ], [ 112.792575024955383, -7.279478204110698 ], [ 112.792540980066562, -7.279480061334501 ], [ 112.792512219551014, -7.279477304519531 ], [ 112.792488254354652, -7.27947548561393 ], [ 112.792461414246617, -7.279473678090161 ], [ 112.792442270969033, -7.279479495277569 ], [ 112.792430813121683, -7.279490066527025 ], [ 112.792420302178002, -7.279497763331729 ], [ 112.792411669842735, -7.279495883713397 ], [ 112.792396333179852, -7.279494987538022 ], [ 112.792386757740104, -7.279496939247169 ], [ 112.792373371883343, -7.279504647433695 ], [ 112.79235900492327, -7.279506618113293 ], [ 112.792345554469506, -7.27949805928018 ], [ 112.792338842541938, -7.279497128955558 ], [ 112.792321634867164, -7.279507722967663 ], [ 112.792314968535862, -7.279518275244556 ], [ 112.792307366698452, -7.279534572616441 ], [ 112.792295870849216, -7.279535575028597 ], [ 112.79227959487838, -7.279539467061114 ], [ 112.792265243114556, -7.279545265272174 ], [ 112.792252796559765, -7.279548185244351 ], [ 112.79223554328577, -7.2795472966518 ], [ 112.792221149726018, -7.279542569142795 ], [ 112.792209646276888, -7.279541657785805 ], [ 112.792196252815714, -7.279547452201006 ], [ 112.792182832758002, -7.279546548431047 ], [ 112.792173234518629, -7.279542758834847 ], [ 112.792161696874743, -7.279533235524537 ], [ 112.792151106137297, -7.279520837769359 ], [ 112.792140534397191, -7.279513224431684 ], [ 112.792120440405043, -7.279520959167751 ], [ 112.792101277361496, -7.279521800547563 ], [ 112.792087465624093, -7.27951879314805 ], [ 112.792059829992226, -7.279509716320045 ], [ 112.792043024625229, -7.279525093223969 ], [ 112.792030861667556, -7.279551169015488 ], [ 112.792018674394456, -7.279571120751752 ], [ 112.791994251217247, -7.279598776113287 ], [ 112.791986718509364, -7.279632488765341 ], [ 112.791986773216081, -7.279646267889952 ], [ 112.791986864394204, -7.279669233097586 ], [ 112.791977774084287, -7.279696827764031 ], [ 112.79199170132101, -7.279728924428582 ], [ 112.791997889178589, -7.279742679274578 ], [ 112.791997974279823, -7.279764113468162 ], [ 112.79199803506657, -7.27977942360642 ], [ 112.792004265476407, -7.279803895548824 ], [ 112.792005889945159, -7.279826854686346 ], [ 112.791990563146157, -7.27982844639725 ], [ 112.791989066330572, -7.279837638549899 ], [ 112.791976848657328, -7.279849935217955 ], [ 112.791973848946952, -7.279866788509484 ], [ 112.791975443021727, -7.279882092578216 ], [ 112.791955583221508, -7.279900543649811 ], [ 112.791926511533703, -7.279915969110487 ], [ 112.791898924504039, -7.279919140389146 ], [ 112.791878985679375, -7.27991768827761 ], [ 112.791849810655705, -7.279907086497298 ], [ 112.791814532871214, -7.279904164061239 ], [ 112.791782333819, -7.279904291512239 ], [ 112.791734820117441, -7.279909072692112 ], [ 112.791705632939923, -7.279895408873403 ], [ 112.791691809034674, -7.279889339435865 ], [ 112.79166112503674, -7.279884867766958 ], [ 112.791627368384866, -7.279878877218671 ], [ 112.791613508015942, -7.279863621693507 ], [ 112.791590496537793, -7.279860650691127 ], [ 112.791564424560448, -7.279859222838224 ], [ 112.791539940565968, -7.279871568043444 ], [ 112.791478596878662, -7.279868748738493 ], [ 112.791412653324898, -7.279865947628347 ], [ 112.791365091000969, -7.27985848065456 ], [ 112.791317534753887, -7.279852544689798 ], [ 112.791259184725391, -7.279831341045944 ], [ 112.791188416495018, -7.279771910566389 ] ] ] ] } },
{ "type": "Feature", "properties": { "id": 42, "Id": 0, "Luas": 3470.7373406500001 }, "geometry": { "type": "MultiPolygon", "coordinates": [ [ [ [ 112.796756223462239, -7.279211878538282 ], [ 112.796560445858475, -7.279382026158511 ], [ 112.796519307447227, -7.279399413548235 ], [ 112.796486763278665, -7.279409111659049 ], [ 112.796444693217964, -7.279433201015304 ], [ 112.796413164471318, -7.279457248538979 ], [ 112.79638932879385, -7.279487963809212 ], [ 112.796372144102037, -7.279504299240139 ], [ 112.796334903617023, -7.279537938390093 ], [ 112.796319665991049, -7.279561921265733 ], [ 112.796304424555402, -7.279584947259813 ], [ 112.796294929122922, -7.279606993557139 ], [ 112.796263449861698, -7.279643480533342 ], [ 112.79624730724062, -7.279680863550446 ], [ 112.796242649013593, -7.27971437341217 ], [ 112.796238872926082, -7.279728741843254 ], [ 112.796223581976619, -7.27973932837846 ], [ 112.796203465241362, -7.279741321992613 ], [ 112.796191011117443, -7.279742328305351 ], [ 112.796103700557452, -7.279656075590319 ], [ 112.796074461038131, -7.27967743470497 ], [ 112.796059532082566, -7.279682661177872 ], [ 112.796045775935696, -7.279693624376975 ], [ 112.796028549337763, -7.27969943410293 ], [ 112.796010731765662, -7.279701227207077 ], [ 112.79599807988842, -7.279700703264296 ], [ 112.795983680221141, -7.279694444875362 ], [ 112.795980177787811, -7.279681253596946 ], [ 112.795978959288831, -7.279664034291353 ], [ 112.79597892045183, -7.279654274099555 ], [ 112.795973129516128, -7.279643962590145 ], [ 112.795962168317018, -7.279634819868528 ], [ 112.795957547905246, -7.279629670956959 ], [ 112.795959808994482, -7.27961990164061 ], [ 112.795968413154867, -7.279614700263507 ], [ 112.795983921660621, -7.279610619770644 ], [ 112.795990784884651, -7.279601406334121 ], [ 112.795985564362027, -7.279589944285775 ], [ 112.795984373278088, -7.279579614527266 ], [ 112.795976839123711, -7.279564716829579 ], [ 112.795973332123523, -7.279550377292878 ], [ 112.795968682014518, -7.279537764705075 ], [ 112.795964632016279, -7.279531465254384 ], [ 112.795959434340105, -7.279525744494705 ], [ 112.795958256964028, -7.279518859509578 ], [ 112.795959933934171, -7.279506795958638 ], [ 112.79596391539819, -7.279495871541283 ], [ 112.795966776597595, -7.279492415362276 ], [ 112.795981710118213, -7.279488337151531 ], [ 112.795996068657232, -7.279484261221476 ], [ 112.796006379482392, -7.279474459969665 ], [ 112.796011533752534, -7.279469272279233 ], [ 112.796024730905515, -7.279462330266091 ], [ 112.796045384536697, -7.279450765566332 ], [ 112.796040759557499, -7.279444468397514 ], [ 112.796029218813089, -7.279434179699895 ], [ 112.796025695821754, -7.279415821261241 ], [ 112.79602391833474, -7.279402623139377 ], [ 112.796030160884442, -7.279381929405896 ], [ 112.796038155791067, -7.279368118376089 ], [ 112.796050759683595, -7.279356585612818 ], [ 112.796056500355789, -7.279354266285705 ], [ 112.796069718065723, -7.279352491432446 ], [ 112.796077767800014, -7.279352459496105 ], [ 112.796089258282052, -7.279350117356902 ], [ 112.796092687606958, -7.279344936509632 ], [ 112.796087471655696, -7.279334622720032 ], [ 112.796078798965183, -7.279322600230612 ], [ 112.79606613110731, -7.279318057384764 ], [ 112.796055747181896, -7.279309486511586 ], [ 112.796043063333002, -7.279300924762505 ], [ 112.796030388622469, -7.279294659528651 ], [ 112.796024556571965, -7.279274013698282 ], [ 112.796014161226097, -7.279262572179019 ], [ 112.796008340599244, -7.279244796992761 ], [ 112.796007135811053, -7.279231022460505 ], [ 112.79600765825009, -7.279217815214029 ], [ 112.796008785367576, -7.279212069362623 ], [ 112.796014505478553, -7.279204582876088 ], [ 112.796015059899531, -7.279199413434652 ], [ 112.796008725972555, -7.279197142010383 ], [ 112.795996637668395, -7.279193745138379 ], [ 112.795993723929371, -7.279183996351535 ], [ 112.795994812212328, -7.27916849030821 ], [ 112.796005698012777, -7.279158686776986 ], [ 112.796017747480803, -7.279152323457157 ], [ 112.796031515037441, -7.279144230907182 ], [ 112.796042978101639, -7.279134999223284 ], [ 112.796055057266315, -7.279136099578686 ], [ 112.796066009314245, -7.279142945785088 ], [ 112.796075770280126, -7.279139462232949 ], [ 112.796078601778575, -7.279128542378094 ], [ 112.796078565226793, -7.27911935631551 ], [ 112.796082551255509, -7.279109580156293 ], [ 112.796092880347715, -7.279104371936147 ], [ 112.796114715906953, -7.279100840479859 ], [ 112.796129076716809, -7.279097338677715 ], [ 112.796149196471248, -7.279096110578967 ], [ 112.79617390921689, -7.279093141842972 ], [ 112.796185406545376, -7.279092522089672 ], [ 112.796197497131473, -7.279096493085849 ], [ 112.796206715099046, -7.279101049616822 ], [ 112.796238357312404, -7.279105517177416 ], [ 112.796245877754799, -7.279116970097665 ], [ 112.796256836658117, -7.279125538685438 ], [ 112.796255746099334, -7.279140470598321 ], [ 112.796258107709605, -7.279155962952085 ], [ 112.796264473622642, -7.27916627217663 ], [ 112.796268537328331, -7.279176016397618 ], [ 112.796274832414611, -7.279168527627569 ], [ 112.796274186606766, -7.279150731914607 ], [ 112.796274152335627, -7.279142119981869 ], [ 112.796274111210309, -7.279131785662585 ], [ 112.796275772179683, -7.279115703210726 ], [ 112.796277481128499, -7.279111677464703 ], [ 112.796282062695724, -7.2791070661831 ], [ 112.796294125865401, -7.279104147630262 ], [ 112.796309077646583, -7.279104662443236 ], [ 112.796321156809356, -7.279105762791557 ], [ 112.796330361068954, -7.279106874546667 ], [ 112.796351064941035, -7.279107940672858 ], [ 112.796371184692916, -7.27910671256424 ], [ 112.796392472684758, -7.279110072922291 ], [ 112.796400011409702, -7.279126118869475 ], [ 112.796417276822893, -7.27913006932545 ], [ 112.796430526511585, -7.27913633226677 ], [ 112.796447773645497, -7.279135689691057 ], [ 112.796450034723648, -7.279125920375241 ], [ 112.796455182129577, -7.279119010295529 ], [ 112.796472422407604, -7.279116645332667 ], [ 112.796487956023569, -7.279118880244337 ], [ 112.796501203427354, -7.279124569054656 ], [ 112.796511012373003, -7.279133142198305 ], [ 112.796527120970026, -7.279135374826791 ], [ 112.796532838785069, -7.279127314207233 ], [ 112.796537997614877, -7.279123274770709 ], [ 112.796547767714543, -7.27912208772441 ], [ 112.796558126505289, -7.279124343168806 ], [ 112.796567919455924, -7.279128897409652 ], [ 112.796574251097624, -7.27913059469691 ], [ 112.796574798656778, -7.279123702870099 ], [ 112.79657593719233, -7.279120827662867 ], [ 112.796585111744932, -7.279114475738777 ], [ 112.796590286569923, -7.279114455203065 ], [ 112.796598340867945, -7.279115571516 ], [ 112.796598943270254, -7.279122458779208 ], [ 112.796603575106914, -7.279130478327537 ], [ 112.796608209228907, -7.279139072004483 ], [ 112.796613406905834, -7.279144792755881 ], [ 112.796617443195828, -7.279147647427045 ], [ 112.796624358959193, -7.279151638946624 ], [ 112.796628977085433, -7.279156213722071 ], [ 112.796631886266439, -7.279164814244057 ], [ 112.796633049938876, -7.279168254452839 ], [ 112.796638236190404, -7.279171104560093 ], [ 112.796647440450613, -7.27917221630823 ], [ 112.796656637855079, -7.279171605669974 ], [ 112.796672735026689, -7.279170967649117 ], [ 112.79669746833342, -7.279173166042828 ], [ 112.796734283088426, -7.279177038900439 ], [ 112.796749823561711, -7.279180996188377 ], [ 112.796758496263308, -7.279193018661297 ], [ 112.796761421444629, -7.279205638082637 ], [ 112.796756223462239, -7.279211878538282 ] ] ] ] } },
{ "type": "Feature", "properties": { "id": 43, "Id": 0, "Luas": 2187.2402618699998 }, "geometry": { "type": "MultiPolygon", "coordinates": [ [ [ [ 112.798710865614112, -7.282454696141558 ], [ 112.7987121050067, -7.282429046425016 ], [ 112.798716866022332, -7.282421372339413 ], [ 112.798730278502902, -7.282420362131353 ], [ 112.798769603415991, -7.282428817873637 ], [ 112.79880498828247, -7.282410496211056 ], [ 112.798802995369229, -7.282391366230764 ], [ 112.798818251976328, -7.282372167682951 ], [ 112.798840270139081, -7.282366338788385 ], [ 112.79884304586777, -7.282341448482216 ], [ 112.798850616944165, -7.282317496009195 ], [ 112.798858180389942, -7.282291629776388 ], [ 112.798873463697376, -7.282279129387394 ], [ 112.798882981905223, -7.282262824334932 ], [ 112.798880954655331, -7.282235082436328 ], [ 112.798875021695409, -7.28218917505671 ], [ 112.798861563443012, -7.282178702708229 ], [ 112.798829931707431, -7.282176914654653 ], [ 112.798834299783962, -7.282070681935064 ], [ 112.798826549409014, -7.282049661049784 ], [ 112.798842813906276, -7.282042898133946 ], [ 112.798857165605952, -7.282037099716073 ], [ 112.798863877562397, -7.282038029931328 ], [ 112.798870482700721, -7.282012167508581 ], [ 112.798868478345952, -7.28199016688875 ], [ 112.798891420461246, -7.281975722267841 ], [ 112.798928828721543, -7.281984185623738 ], [ 112.798935525416852, -7.281981288318525 ], [ 112.798961346261038, -7.281967789146507 ], [ 112.798995841451685, -7.281966695126331 ], [ 112.799054305729342, -7.281968376503391 ], [ 112.799124254411609, -7.281966184636596 ], [ 112.799178923618712, -7.281977450034137 ], [ 112.799207768178107, -7.282001257730458 ], [ 112.799237616834617, -7.282036544170929 ], [ 112.799251166666068, -7.282069981620511 ], [ 112.799259020086112, -7.282116838245926 ], [ 112.799257374397385, -7.282184784325977 ], [ 112.799257595716711, -7.28224028334932 ], [ 112.79925688162686, -7.282301527460976 ], [ 112.799261732385062, -7.282460544102738 ], [ 112.79925839696098, -7.282489264210882 ], [ 112.799250388397525, -7.282499630518283 ], [ 112.79923201638357, -7.28250659320971 ], [ 112.799218166396543, -7.28249401726508 ], [ 112.799210038775939, -7.28247452892453 ], [ 112.799200761188246, -7.282455045155904 ], [ 112.799192674780443, -7.282445891115819 ], [ 112.799176488229008, -7.282424138267937 ], [ 112.799161488278301, -7.282411566892653 ], [ 112.799148710423566, -7.282379466025389 ], [ 112.799124519890512, -7.282369227735847 ], [ 112.799102716289639, -7.282380797160109 ], [ 112.799078608173048, -7.282391227471565 ], [ 112.799055608815365, -7.282391318908225 ], [ 112.799038281461222, -7.282371867136601 ], [ 112.799038221939952, -7.282356939811367 ], [ 112.79904274397569, -7.282337401176059 ], [ 112.79903691630183, -7.282317903686279 ], [ 112.799008153373364, -7.282314573210696 ], [ 112.79897600921727, -7.282328480285293 ], [ 112.798942802078741, -7.282364208790664 ], [ 112.798928067675959, -7.282418236245112 ], [ 112.798916659561371, -7.282441247077142 ], [ 112.798898328745437, -7.282458544058546 ], [ 112.798881125005153, -7.282470095188721 ], [ 112.79882819899855, -7.282463415934997 ], [ 112.798775295881754, -7.282462477954416 ], [ 112.798710865614112, -7.282454696141558 ] ] ] ] } },
{ "type": "Feature", "properties": { "id": 44, "Id": 0, "Luas": 3912.6834281599999 }, "geometry": { "type": "MultiPolygon", "coordinates": [ [ [ [ 112.798698797050889, -7.282456275144574 ], [ 112.798698426365931, -7.282480279535663 ], [ 112.798704623619486, -7.282496330741083 ], [ 112.798724626598343, -7.282513858102038 ], [ 112.798749232504463, -7.282532132681252 ], [ 112.798781495712831, -7.282548080272102 ], [ 112.798832802980257, -7.282533331513838 ], [ 112.798875722924436, -7.282530098833282 ], [ 112.798916333773633, -7.282524578780156 ], [ 112.798976898770718, -7.282524338008695 ], [ 112.799050490634158, -7.282522514407064 ], [ 112.799256834264838, -7.282550783613855 ], [ 112.799237157181523, -7.282999454168573 ], [ 112.799162768074154, -7.282993625829899 ], [ 112.799142068625599, -7.282993708133565 ], [ 112.799128272045891, -7.282994528505937 ], [ 112.799102190809322, -7.282990804626417 ], [ 112.799079936698718, -7.282985534496873 ], [ 112.799061518872321, -7.282981014629332 ], [ 112.799047713134328, -7.282979538487697 ], [ 112.799028528661935, -7.282975021666754 ], [ 112.799017789509023, -7.282973533331867 ], [ 112.798989396124085, -7.282966756574012 ], [ 112.798969460268538, -7.282966070317592 ], [ 112.798947997225241, -7.282966921163934 ], [ 112.798920401011245, -7.282967796392305 ], [ 112.798895092526109, -7.282965600459956 ], [ 112.798878165260277, -7.282950357433938 ], [ 112.798869683313811, -7.282938142897128 ], [ 112.79886044387851, -7.282928227919525 ], [ 112.798842792700881, -7.282923704994211 ], [ 112.798828990015991, -7.282922994349191 ], [ 112.798806763378764, -7.282924613740013 ], [ 112.798791433505457, -7.282925440197083 ], [ 112.798773794536629, -7.282923979284684 ], [ 112.798759991851313, -7.282923268637533 ], [ 112.798748467739998, -7.28291719031954 ], [ 112.798729292426557, -7.28291496999643 ], [ 112.79870783548651, -7.282917351838814 ], [ 112.798689426819138, -7.282915128466466 ], [ 112.798678654094914, -7.282905219579005 ], [ 112.798672493456735, -7.282898354422577 ], [ 112.798664011516209, -7.282886139880247 ], [ 112.798659353651601, -7.282871613588698 ], [ 112.798642438603537, -7.28285943256702 ], [ 112.798633953612764, -7.282846452519723 ], [ 112.798633907834429, -7.282834969959553 ], [ 112.798645358696845, -7.282822676185195 ], [ 112.798662182185438, -7.282811892087047 ], [ 112.798693636040824, -7.282817125671413 ], [ 112.798716626268714, -7.282814737735886 ], [ 112.798744268257863, -7.282825345081621 ], [ 112.798768807038044, -7.282826778568149 ], [ 112.798794879110304, -7.282828205958092 ], [ 112.79881791206769, -7.282836535072493 ], [ 112.798834100150813, -7.28285867068543 ], [ 112.798870911374721, -7.282861586410539 ], [ 112.798893131903213, -7.282858436009571 ], [ 112.798923825219362, -7.282865203631998 ], [ 112.798965303473523, -7.282884942147209 ], [ 112.799010578330723, -7.282895479371525 ], [ 112.799045868473527, -7.282901463192727 ], [ 112.799076512949839, -7.28289598274231 ], [ 112.799081855051227, -7.282889837374917 ], [ 112.799080297337724, -7.282883719440555 ], [ 112.799068761014681, -7.282874579116228 ], [ 112.799055691399928, -7.282865444887624 ], [ 112.799047209451643, -7.282853230354872 ], [ 112.79902727970682, -7.282854075107516 ], [ 112.799001198478052, -7.282850351219921 ], [ 112.798973547327634, -7.282837447380175 ], [ 112.798936714740307, -7.28282917313591 ], [ 112.798896058080373, -7.282823210638917 ], [ 112.79885847410938, -7.282818766955001 ], [ 112.798807847998489, -7.282812078565772 ], [ 112.798764891400722, -7.282806125199049 ], [ 112.798724237793408, -7.282800928189539 ], [ 112.798688941552996, -7.282793413332278 ], [ 112.798659020991536, -7.282788173652454 ], [ 112.798634457797448, -7.282780616127268 ], [ 112.798611476725242, -7.282785300570351 ], [ 112.798607680116532, -7.282794501855048 ], [ 112.798609243927103, -7.282802150800725 ], [ 112.798615483910908, -7.282828919063159 ], [ 112.798610935915164, -7.282841950915335 ], [ 112.798601714797726, -7.282836628954726 ], [ 112.798590911559131, -7.282819065023878 ], [ 112.79858090548548, -7.282809153085672 ], [ 112.79857318104014, -7.282794638981262 ], [ 112.798561659985637, -7.282789326161124 ], [ 112.798547835941207, -7.282783256978071 ], [ 112.798530939209158, -7.282775668974977 ], [ 112.798526293557188, -7.282764204696892 ], [ 112.798526241678772, -7.282751191127839 ], [ 112.798526171490494, -7.282733584534443 ], [ 112.798526877103384, -7.282718271406083 ], [ 112.798528358517331, -7.282705251742832 ], [ 112.798523691505096, -7.282688428936051 ], [ 112.798519024493402, -7.282671606129102 ], [ 112.798515096663664, -7.28264789073833 ], [ 112.798496688006637, -7.282645667355218 ], [ 112.798482115630819, -7.28264419424036 ], [ 112.798459116252701, -7.28264428564987 ], [ 112.798451419278322, -7.28263666107846 ], [ 112.798452118791459, -7.282619816941409 ], [ 112.798449754772676, -7.282603750496154 ], [ 112.798442803084939, -7.282590764348774 ], [ 112.798432797020027, -7.282580852405176 ], [ 112.79842203651539, -7.282574005524559 ], [ 112.798409730513825, -7.282564102720818 ], [ 112.798389018870935, -7.282561122968718 ], [ 112.798373707313573, -7.282566542433592 ], [ 112.798346862503607, -7.282563587053812 ], [ 112.798314593199294, -7.282546108420155 ], [ 112.798308380701187, -7.282526229685376 ], [ 112.798300647117017, -7.282509419060287 ], [ 112.79828296544558, -7.282497241065913 ], [ 112.79826149936396, -7.282497326370335 ], [ 112.798239260534146, -7.282495883711889 ], [ 112.798245437738245, -7.282437982144226 ], [ 112.798265562187311, -7.28243790217272 ], [ 112.798288580626945, -7.28244259517669 ], [ 112.798295307846217, -7.282447352920001 ], [ 112.798319299849368, -7.282455869634742 ], [ 112.798334640390948, -7.282457722461902 ], [ 112.798359575445716, -7.282462407845133 ], [ 112.798386430928986, -7.282468042490098 ], [ 112.798405566557321, -7.282460311279292 ], [ 112.798426622613093, -7.282453529330911 ], [ 112.798440088496832, -7.282465915452935 ], [ 112.798460239645038, -7.282472533633301 ], [ 112.798480364093237, -7.282472453651871 ], [ 112.798495666491036, -7.282464737672212 ], [ 112.798515741351196, -7.282452218248083 ], [ 112.798551206338431, -7.282453991084016 ], [ 112.798593379473985, -7.282455737254892 ], [ 112.798624007149982, -7.282446046568945 ], [ 112.798642192093354, -7.282440232918355 ], [ 112.798662324167509, -7.282442066689209 ], [ 112.798679600394749, -7.282448696286394 ], [ 112.798698797050889, -7.282456275144574 ] ] ] ] } },
{ "type": "Feature", "properties": { "id": 45, "Id": 0, "Luas": 7132.45805827 }, "geometry": { "type": "MultiPolygon", "coordinates": [ [ [ [ 112.797904285666689, -7.283361561907165 ], [ 112.797842926274114, -7.283354880186862 ], [ 112.797825858683126, -7.283304423917046 ], [ 112.797822505328597, -7.283232478693715 ], [ 112.797828479870887, -7.283192648098952 ], [ 112.797869561540637, -7.283112871156619 ], [ 112.797895523812656, -7.283086740439663 ], [ 112.797901455639263, -7.28303619278536 ], [ 112.797905866375245, -7.282988713240766 ], [ 112.797904156140859, -7.282944320082774 ], [ 112.797888591357193, -7.282886202676814 ], [ 112.797874547669863, -7.282825017159791 ], [ 112.797828335344136, -7.282771614615648 ], [ 112.797803070559482, -7.282587991036904 ], [ 112.797758808476587, -7.282254401684783 ], [ 112.797727020237204, -7.281972817882004 ], [ 112.79819001891056, -7.281957199120466 ], [ 112.798210206209006, -7.282405711480103 ], [ 112.798222948500296, -7.282525081391841 ], [ 112.798237059058152, -7.282578994218931 ], [ 112.798264381045911, -7.283302717180747 ], [ 112.798264613720505, -7.283361086872352 ], [ 112.797904285666689, -7.283361561907165 ] ] ] ] } },
{ "type": "Feature", "properties": { "id": 46, "Id": 0, "Luas": 6632.7935072800001 }, "geometry": { "type": "MultiPolygon", "coordinates": [ [ [ [ 112.793460382217816, -7.286344964826335 ], [ 112.793446968050205, -7.286345592156279 ], [ 112.793414759433773, -7.286343423317286 ], [ 112.793411309489144, -7.286343436997074 ], [ 112.793395241714592, -7.286351538649786 ], [ 112.793379146539237, -7.286352750747115 ], [ 112.793361896815412, -7.28635281914451 ], [ 112.793346947054616, -7.286352878421718 ], [ 112.79332625195218, -7.286354108756255 ], [ 112.793307879645226, -7.286361071266568 ], [ 112.793277989254975, -7.286363486335508 ], [ 112.793257316983031, -7.286370457963235 ], [ 112.793245862829565, -7.286381986151047 ], [ 112.793222863194572, -7.286382077341016 ], [ 112.793211322280499, -7.286371788602166 ], [ 112.793190618042885, -7.286370722412198 ], [ 112.793171059220697, -7.286368503402654 ], [ 112.793156059230412, -7.286355931821315 ], [ 112.793149173038358, -7.286359403954914 ], [ 112.793151509530759, -7.286368580910825 ], [ 112.793145814415226, -7.286382382818896 ], [ 112.793142419263091, -7.28639617560848 ], [ 112.793171200772278, -7.286404099440762 ], [ 112.793208064119014, -7.286420029169816 ], [ 112.793213896222028, -7.286440675039252 ], [ 112.793215132964249, -7.286462487405777 ], [ 112.793208274169373, -7.286472849096127 ], [ 112.793191092933711, -7.286490141377284 ], [ 112.793171629997516, -7.286512035814091 ], [ 112.793147530601061, -7.286524762413591 ], [ 112.793140644406606, -7.28652823454763 ], [ 112.793116531309707, -7.286537516367958 ], [ 112.793095877290497, -7.286549081028142 ], [ 112.793076373252376, -7.28656064112842 ], [ 112.793045328295875, -7.286561912485347 ], [ 112.793025742068821, -7.286552803915088 ], [ 112.793006283686793, -7.286575846606739 ], [ 112.792969493381591, -7.286578289013315 ], [ 112.792947652846991, -7.286580672151631 ], [ 112.792936184982537, -7.286588755556458 ], [ 112.792912099269756, -7.286604926924315 ], [ 112.792885645105997, -7.28660388351691 ], [ 112.79285456361869, -7.286595968785702 ], [ 112.79282582318595, -7.286598379270457 ], [ 112.792810923632018, -7.286611069386554 ], [ 112.79279381998488, -7.286647882069343 ], [ 112.792780088672686, -7.286665160664576 ], [ 112.792764130439252, -7.286700820529197 ], [ 112.79274239033191, -7.286728465369352 ], [ 112.792719408933891, -7.28673314957629 ], [ 112.792694072786887, -7.286724063783939 ], [ 112.792677954764798, -7.286719534562023 ], [ 112.792667582092562, -7.286713834288573 ], [ 112.792654877499217, -7.286700105314056 ], [ 112.792645622855332, -7.286686362664408 ], [ 112.792635227359199, -7.286674921091834 ], [ 112.792631686110923, -7.286651969573874 ], [ 112.792629331365717, -7.28663819957466 ], [ 112.79262350841276, -7.28661985021118 ], [ 112.792621144538344, -7.286603783692533 ], [ 112.792631398518978, -7.286579629217594 ], [ 112.792632461768065, -7.286557807726635 ], [ 112.792635843241982, -7.286540570158027 ], [ 112.792641570329991, -7.286534806069491 ], [ 112.792635733684236, -7.286513011927032 ], [ 112.792641437947466, -7.28650150654046 ], [ 112.792645992228046, -7.286490005711983 ], [ 112.792642510326573, -7.286481981568806 ], [ 112.79263900103598, -7.28646706786782 ], [ 112.792641264481631, -7.286457872674744 ], [ 112.792646977874099, -7.286448663807554 ], [ 112.792661891124453, -7.286439418475803 ], [ 112.792675681781589, -7.286437067259423 ], [ 112.792676795244248, -7.286427876624469 ], [ 112.792670981424152, -7.286411823780475 ], [ 112.792659422258737, -7.286396941986156 ], [ 112.792641059062944, -7.286406200991538 ], [ 112.792614636861131, -7.286413195382755 ], [ 112.792590528316836, -7.286423625435844 ], [ 112.792564106112565, -7.286430619824539 ], [ 112.792543415560317, -7.286432998384286 ], [ 112.792527306678679, -7.286430765673445 ], [ 112.792512324956746, -7.286422787105772 ], [ 112.792503152485281, -7.286429713125468 ], [ 112.792483639301182, -7.286438976683224 ], [ 112.792464062214307, -7.286432164604012 ], [ 112.792458243836663, -7.286414963495693 ], [ 112.792450120930681, -7.286396623242469 ], [ 112.792452384380411, -7.286387428049447 ], [ 112.792461547723462, -7.286378205511306 ], [ 112.79246380204421, -7.28636671379882 ], [ 112.792451042696172, -7.286339205697455 ], [ 112.792445224321042, -7.286322004588486 ], [ 112.792442865021187, -7.286307086326565 ], [ 112.792449659935002, -7.28628064900749 ], [ 112.792452982081244, -7.286248484062067 ], [ 112.792463226939859, -7.286222033070853 ], [ 112.792466594728367, -7.286201350723067 ], [ 112.792478021517397, -7.28618293299269 ], [ 112.792503025993042, -7.28615680626717 ], [ 112.792512593958776, -7.286152940755507 ], [ 112.792519256541212, -7.286141431572736 ], [ 112.792523987272858, -7.286126102453442 ], [ 112.792534490733743, -7.286116491845032 ], [ 112.79255263791525, -7.286101109554059 ], [ 112.792565274778681, -7.28609780601791 ], [ 112.792566698540483, -7.286070241708517 ], [ 112.79257428596577, -7.286050308156465 ], [ 112.792594152029324, -7.286033388015483 ], [ 112.792624775593552, -7.286022549386835 ], [ 112.792641635898548, -7.286020951527017 ], [ 112.79268456244337, -7.286019250355514 ], [ 112.792709107547594, -7.286022215145791 ], [ 112.792719792013941, -7.286009924502522 ], [ 112.792733549182373, -7.285999152717303 ], [ 112.792756433160648, -7.285969972314362 ], [ 112.792773171731582, -7.285937754195081 ], [ 112.792788322214037, -7.285891763038475 ], [ 112.792821994116991, -7.285876319206917 ], [ 112.792837266326515, -7.285860948304433 ], [ 112.792890926003565, -7.285859204574226 ], [ 112.792918501190826, -7.285852971123628 ], [ 112.792967627139248, -7.285867895380076 ], [ 112.792974396230861, -7.28588317891471 ], [ 112.792989824418655, -7.285907040205627 ], [ 112.793005252608296, -7.285930901495564 ], [ 112.793018638613589, -7.285923193248554 ], [ 112.793048376885665, -7.285930730544683 ], [ 112.793084880450166, -7.285952594487598 ], [ 112.79310410006282, -7.285965914865526 ], [ 112.793135770192023, -7.285977272087818 ], [ 112.793156883612113, -7.285984843567885 ], [ 112.793173220665849, -7.285996261574139 ], [ 112.793194322672107, -7.286000962403836 ], [ 112.793213466188519, -7.285995145120986 ], [ 112.793231704657984, -7.286002727995042 ], [ 112.793257617276751, -7.286012194238184 ], [ 112.793277776187125, -7.286020726393879 ], [ 112.793302684827168, -7.286018713841154 ], [ 112.793314116140337, -7.2860014443582 ], [ 112.793328483288846, -7.285999473599321 ], [ 112.793347687687202, -7.286008966433918 ], [ 112.793364960230207, -7.286014639336247 ], [ 112.793382213746469, -7.286015527824547 ], [ 112.793390785326054, -7.286002097270071 ], [ 112.793400330444044, -7.285992490446402 ], [ 112.793413712635854, -7.285983825306243 ], [ 112.79343768578731, -7.285987557842206 ], [ 112.793452075767078, -7.285991328375307 ], [ 112.793465537874354, -7.286002757768642 ], [ 112.793472291761802, -7.2860142137607 ], [ 112.793468546021515, -7.286036237260158 ], [ 112.793464777447511, -7.286052519464024 ], [ 112.793479175040758, -7.286058203760874 ], [ 112.793488769630756, -7.28606103640923 ], [ 112.793507038550644, -7.286076274331037 ], [ 112.793505179001457, -7.286090635169781 ], [ 112.793505224669929, -7.286102117760761 ], [ 112.793510096177059, -7.286122193294808 ], [ 112.79351495246182, -7.286138441298404 ], [ 112.793515971671354, -7.286153747619548 ], [ 112.793512214516511, -7.286172900471266 ], [ 112.793506510280309, -7.286184405862552 ], [ 112.793512298243357, -7.286193951887898 ], [ 112.793519052135878, -7.286205407878199 ], [ 112.793524843905345, -7.28621591078583 ], [ 112.793528715234032, -7.286225464411006 ], [ 112.793531651080272, -7.286240763131612 ], [ 112.793540336833019, -7.286256039051175 ], [ 112.793541329403538, -7.286264647194035 ], [ 112.793538503926669, -7.286277098067784 ], [ 112.793535674643863, -7.286288592058966 ], [ 112.793529000672237, -7.286297230603179 ], [ 112.793517519887899, -7.286302060617806 ], [ 112.793502213443617, -7.286308819597817 ], [ 112.793490713629666, -7.286308865199008 ], [ 112.793483069921592, -7.286314636895145 ], [ 112.793481206566724, -7.286328040851449 ], [ 112.793480282500838, -7.286336656594816 ], [ 112.793460382217816, -7.286344964826335 ] ] ] ] } },
{ "type": "Feature", "properties": { "id": 47, "Id": 0, "Luas": 1767.7454709900001 }, "geometry": { "type": "MultiPolygon", "coordinates": [ [ [ [ 112.79321904990617, -7.287132529985206 ], [ 112.79320299123529, -7.287142928157019 ], [ 112.793195005283479, -7.287159035705568 ], [ 112.793185905881131, -7.287184333887923 ], [ 112.79316415665518, -7.287209682228672 ], [ 112.793141193509982, -7.287218959498967 ], [ 112.793108975693102, -7.287214494134555 ], [ 112.79309631673658, -7.287212247772461 ], [ 112.793077894160902, -7.287206579430133 ], [ 112.793057162484828, -7.287198623687453 ], [ 112.793036458207368, -7.287197557499637 ], [ 112.792991572302739, -7.287188549243096 ], [ 112.792975404034479, -7.2871713891835 ], [ 112.79294884938362, -7.287145084081255 ], [ 112.792903817373286, -7.28709933151261 ], [ 112.792895721827506, -7.287087880831958 ], [ 112.792893380766742, -7.287077555615175 ], [ 112.792892175992179, -7.287063781061029 ], [ 112.792887562359681, -7.287060354518891 ], [ 112.792877212506383, -7.287060395550125 ], [ 112.792863412701863, -7.287060450258064 ], [ 112.792853035453632, -7.287053601731976 ], [ 112.792843780794811, -7.287039859089854 ], [ 112.792839135202669, -7.287028394730758 ], [ 112.792808067381273, -7.287023924781947 ], [ 112.792790776535838, -7.287013658828301 ], [ 112.792781435133904, -7.286978099253541 ], [ 112.792788193502602, -7.286942475856444 ], [ 112.792811133818716, -7.286927457308188 ], [ 112.792845601360781, -7.286919282727713 ], [ 112.792870887297369, -7.286915737654067 ], [ 112.792887000761453, -7.286919118607422 ], [ 112.792913409285305, -7.286908679415947 ], [ 112.792929458826549, -7.286895984735876 ], [ 112.792967403707507, -7.28689468602645 ], [ 112.792988117103548, -7.286898048739642 ], [ 112.793013398469824, -7.286893355399216 ], [ 112.793039811553754, -7.286884064460778 ], [ 112.793070801737557, -7.28686901398684 ], [ 112.79311220112848, -7.286868849847065 ], [ 112.793143250671051, -7.286868726739752 ], [ 112.793167395748384, -7.28686748272886 ], [ 112.793180027295662, -7.286862839535689 ], [ 112.793184604395108, -7.286857080000734 ], [ 112.793188013245427, -7.286846731988388 ], [ 112.793205226457346, -7.286837477519012 ], [ 112.793214430887332, -7.286838589300477 ], [ 112.793250112324372, -7.286846485761969 ], [ 112.793300707005486, -7.286845136867516 ], [ 112.793314474832272, -7.2868370443336 ], [ 112.79334430588284, -7.286819701885559 ], [ 112.793354664861809, -7.286821957363313 ], [ 112.79337541478877, -7.28683450613201 ], [ 112.793383556008692, -7.286857439393692 ], [ 112.793383693019592, -7.286891887167759 ], [ 112.793368848282384, -7.286918356410339 ], [ 112.793348235360213, -7.286940255416933 ], [ 112.793333404320634, -7.2869701694367 ], [ 112.793327782279533, -7.28700234349386 ], [ 112.793323273685729, -7.28702532691764 ], [ 112.793327964958877, -7.287048273860387 ], [ 112.793319988146862, -7.287066677928014 ], [ 112.793301679750726, -7.287089716073473 ], [ 112.793286798468912, -7.287106999242434 ], [ 112.79327419888557, -7.287119680254282 ], [ 112.793243176728964, -7.28712669293007 ], [ 112.79321904990617, -7.287132529985206 ] ] ] ] } },
{ "type": "Feature", "properties": { "id": 48, "Id": 0, "Luas": 3009.7945499399998 }, "geometry": { "type": "MultiPolygon", "coordinates": [ [ [ [ 112.793840676468676, -7.285368583845969 ], [ 112.793835103500172, -7.285509461262659 ], [ 112.793839752134915, -7.285521691115787 ], [ 112.793846706818229, -7.285535442859651 ], [ 112.793853661502013, -7.285549194603334 ], [ 112.793885818290619, -7.285538349823729 ], [ 112.79389343609877, -7.285526071324726 ], [ 112.79389719932793, -7.285508449486409 ], [ 112.793904056572671, -7.285497705039704 ], [ 112.793923943867824, -7.285486143399335 ], [ 112.793962319132916, -7.285496708457112 ], [ 112.793976919030186, -7.285505071251525 ], [ 112.793998333538013, -7.285491972515431 ], [ 112.794030554266044, -7.285497203350517 ], [ 112.794048908251312, -7.28548564778673 ], [ 112.794074959214271, -7.285481716873861 ], [ 112.794102561753519, -7.285482372913054 ], [ 112.794125576558315, -7.285486109218668 ], [ 112.794161642729833, -7.285494386863352 ], [ 112.794192287515244, -7.285488906687002 ], [ 112.794228298867296, -7.285483405221965 ], [ 112.794272737304368, -7.285476339291255 ], [ 112.794344112130787, -7.285495194111369 ], [ 112.794351121650521, -7.285522724946961 ], [ 112.794351234343793, -7.285551048658877 ], [ 112.794345198587322, -7.28557556917191 ], [ 112.794337589930123, -7.285590144192856 ], [ 112.794328365731872, -7.28558405664133 ], [ 112.794312262979759, -7.285583355000265 ], [ 112.794300008719503, -7.285586465681678 ], [ 112.794293890726365, -7.285590317539512 ], [ 112.794283954697875, -7.285598012131675 ], [ 112.794277839750066, -7.28560262949511 ], [ 112.794270958149369, -7.285607249899628 ], [ 112.794264155735476, -7.285631773453845 ], [ 112.794253526148267, -7.285657843225137 ], [ 112.794244408546376, -7.285678548373907 ], [ 112.794231427222982, -7.285691613670302 ], [ 112.794208482456284, -7.285705484005875 ], [ 112.794190895122085, -7.285717036536159 ], [ 112.794164104905434, -7.285727860051962 ], [ 112.794138823629297, -7.285732553438121 ], [ 112.793812439516486, -7.285786668666333 ], [ 112.79379416772565, -7.28581889288559 ], [ 112.793785774123265, -7.285828877907135 ], [ 112.793784277355755, -7.285838070059343 ], [ 112.793802777519744, -7.285863258786339 ], [ 112.793804365636063, -7.285877031812566 ], [ 112.793797499250118, -7.285885479741755 ], [ 112.793774524006892, -7.285891695001244 ], [ 112.793760730334768, -7.285893280739745 ], [ 112.793738518698817, -7.285898727451334 ], [ 112.793715482556664, -7.28588963258852 ], [ 112.79370163103259, -7.28587667371146 ], [ 112.793674785982844, -7.28587371809534 ], [ 112.79366478599583, -7.285865337051782 ], [ 112.793656325405479, -7.285858480939605 ], [ 112.793654755562017, -7.285849300947795 ], [ 112.793643261850121, -7.285850877562038 ], [ 112.793623295369699, -7.285842536038927 ], [ 112.793620195264879, -7.285834127633038 ], [ 112.793604086409417, -7.285831894956594 ], [ 112.793595641043495, -7.285828866373071 ], [ 112.793594071201454, -7.285819686380712 ], [ 112.793597837487198, -7.285802830047699 ], [ 112.793604618627924, -7.285772947951935 ], [ 112.793612221224265, -7.285756841924838 ], [ 112.793629032793007, -7.285742995935054 ], [ 112.793646635371047, -7.285735270952935 ], [ 112.793662762490854, -7.285742096664749 ], [ 112.793671974508413, -7.28574512220714 ], [ 112.793679610593628, -7.285737436745637 ], [ 112.793682625446394, -7.285724410982962 ], [ 112.793681791809732, -7.28570757289103 ], [ 112.793680194564828, -7.28569150334519 ], [ 112.793677864158553, -7.285683857405549 ], [ 112.793677818488348, -7.285672374815446 ], [ 112.79367093383371, -7.285676229706541 ], [ 112.793656413094141, -7.285687770058666 ], [ 112.79364413446531, -7.285684756675914 ], [ 112.793624971181259, -7.285685598183315 ], [ 112.793611156201649, -7.285681825373613 ], [ 112.793595765292309, -7.285667341558851 ], [ 112.79359035000796, -7.285655114741973 ], [ 112.793583395328795, -7.285641362992773 ], [ 112.793582567785691, -7.285626055911758 ], [ 112.793582516029289, -7.285613042308928 ], [ 112.793578576207281, -7.285586264796803 ], [ 112.793580012090231, -7.285561762523312 ], [ 112.793587596419016, -7.285541063460821 ], [ 112.793599798931481, -7.285524939195069 ], [ 112.793627325366643, -7.285506457611974 ], [ 112.793661772986525, -7.285493307209756 ], [ 112.793730713888905, -7.28547848898878 ], [ 112.793721881859412, -7.285378241144592 ], [ 112.793714729284005, -7.285314731507025 ], [ 112.793719317020518, -7.285311651242774 ], [ 112.793718486431629, -7.285295578656779 ], [ 112.793718446852012, -7.285285627078727 ], [ 112.793714577054942, -7.285276456206799 ], [ 112.793706125610967, -7.285271896610895 ], [ 112.79370220405707, -7.285249712136599 ], [ 112.793702149255395, -7.285235933028405 ], [ 112.793705170196731, -7.285224438278322 ], [ 112.793712781918245, -7.285210628770296 ], [ 112.79372117855894, -7.285201409258246 ], [ 112.793724205588859, -7.285191445520187 ], [ 112.793718029747112, -7.285180752756094 ], [ 112.79372106895525, -7.285173851042072 ], [ 112.793737904858816, -7.285166129102025 ], [ 112.793763977123334, -7.285167556752761 ], [ 112.793823048923969, -7.285177274241859 ], [ 112.793832327913535, -7.285197140914737 ], [ 112.793842364422019, -7.285214708029094 ], [ 112.793854676529932, -7.28522614197478 ], [ 112.793873057915491, -7.285221475973075 ], [ 112.793891430165942, -7.2852145134529 ], [ 112.793919054005499, -7.285220528048843 ], [ 112.793930623822163, -7.285238089079603 ], [ 112.793934554521385, -7.285262570066925 ], [ 112.793927727729056, -7.285280969572323 ], [ 112.793900176963035, -7.285293327120125 ], [ 112.793898686286838, -7.285304050283789 ], [ 112.793904923032969, -7.285330053162392 ], [ 112.793905747538943, -7.285344594734554 ], [ 112.793896562934037, -7.28534845874856 ], [ 112.793886620811151, -7.285354622320556 ], [ 112.79388360900937, -7.285368413588674 ], [ 112.793840676468676, -7.285368583845969 ] ] ] ] } },
{ "type": "Feature", "properties": { "id": 49, "Id": 0, "Luas": 3875.0398385899998 }, "geometry": { "type": "MultiPolygon", "coordinates": [ [ [ [ 112.792447137474809, -7.286290463272795 ], [ 112.79241497470197, -7.286301672204552 ], [ 112.792416179454548, -7.286315446764515 ], [ 112.792409338896533, -7.286330401485838 ], [ 112.792398993621447, -7.286331590761823 ], [ 112.792373680321646, -7.286328246243287 ], [ 112.792351803276205, -7.286321443272124 ], [ 112.792339144344425, -7.286319196881685 ], [ 112.792320762885723, -7.286323862835591 ], [ 112.792308122209619, -7.286326209483634 ], [ 112.792288572512248, -7.286326286954072 ], [ 112.792273609051961, -7.286322901416037 ], [ 112.792259759063441, -7.28631032524144 ], [ 112.792247068185389, -7.286300041029065 ], [ 112.792225182014434, -7.286290941531197 ], [ 112.792201032389002, -7.286291037224962 ], [ 112.79217576928977, -7.286300323553603 ], [ 112.792163146866784, -7.286307263237356 ], [ 112.792136783981732, -7.286329184980442 ], [ 112.792114897810109, -7.286320085476999 ], [ 112.79208228455559, -7.286312559513325 ], [ 112.792057444327284, -7.286331795904077 ], [ 112.792024929941817, -7.286349148903354 ], [ 112.792000082103343, -7.286366471525279 ], [ 112.791971370566827, -7.28637615426692 ], [ 112.791927295507548, -7.286378242689134 ], [ 112.791890788134396, -7.28635542176445 ], [ 112.791871568525565, -7.286342101330452 ], [ 112.791858114039542, -7.286332585649324 ], [ 112.791846583796072, -7.28632497614131 ], [ 112.791838856409598, -7.28630969637895 ], [ 112.791842583220443, -7.286282888456058 ], [ 112.791853968975346, -7.28625413639362 ], [ 112.791865415565994, -7.286240694466251 ], [ 112.791865339520044, -7.286221556797448 ], [ 112.79186719532035, -7.286206239069251 ], [ 112.791861384573167, -7.286190951713712 ], [ 112.791851770970737, -7.286183334611755 ], [ 112.791821097176353, -7.286181542333433 ], [ 112.791792347622817, -7.286181656227058 ], [ 112.791742507458252, -7.286179939871318 ], [ 112.791718363915507, -7.286181566551534 ], [ 112.791693055182421, -7.286179370251809 ], [ 112.791665396300502, -7.286164552198545 ], [ 112.791642319100205, -7.286145122880864 ], [ 112.79163074172294, -7.286125648009016 ], [ 112.79162487776064, -7.286096964278185 ], [ 112.791622500241729, -7.286077452963763 ], [ 112.791614345441488, -7.286051074863402 ], [ 112.791608536226008, -7.28603617025539 ], [ 112.791599258817655, -7.286016686271326 ], [ 112.791594572213668, -7.285994887545893 ], [ 112.791597976539805, -7.285983391277516 ], [ 112.79161058528166, -7.285973006828666 ], [ 112.791625489424348, -7.285961465008969 ], [ 112.791635807325576, -7.285953386190533 ], [ 112.791647270645996, -7.285944154556462 ], [ 112.791654120353414, -7.285931496362255 ], [ 112.791643720337007, -7.285918906495852 ], [ 112.79162182050564, -7.285906362180252 ], [ 112.791607993355569, -7.285899527279438 ], [ 112.791593020786109, -7.285893845193455 ], [ 112.791576829808406, -7.28587094375698 ], [ 112.791565266128771, -7.285854913661804 ], [ 112.791553711573471, -7.285841180086854 ], [ 112.791542157018895, -7.285827446511377 ], [ 112.791526007101155, -7.285814879415066 ], [ 112.791516779880439, -7.285808026291179 ], [ 112.791501743452955, -7.285786268555866 ], [ 112.791510046827852, -7.285770624743643 ], [ 112.791532606688392, -7.285629792998517 ], [ 112.791558681383648, -7.285606828796281 ], [ 112.791586125880755, -7.285605654626512 ], [ 112.791598775669641, -7.285605604523245 ], [ 112.791614911894641, -7.28561472683746 ], [ 112.791629861645205, -7.285614667623451 ], [ 112.791640211472441, -7.285614626628842 ], [ 112.791655142975472, -7.285609974372862 ], [ 112.791665605684784, -7.285599751529186 ], [ 112.791673990217006, -7.285587470015938 ], [ 112.791691592841772, -7.285579745103224 ], [ 112.791705374362124, -7.285575097401026 ], [ 112.791715331737223, -7.285572761402793 ], [ 112.791718377063091, -7.285567390707914 ], [ 112.79171911330377, -7.285559732602798 ], [ 112.791720613156869, -7.285551305954086 ], [ 112.791725200913959, -7.285548225706189 ], [ 112.791731328061061, -7.285546670398384 ], [ 112.791743600603112, -7.28554815282351 ], [ 112.79174897934449, -7.285551193593217 ], [ 112.791756645881605, -7.285551163225109 ], [ 112.791768145687229, -7.285551117672703 ], [ 112.791831011289972, -7.285550868647734 ], [ 112.7918433324961, -7.285564599178584 ], [ 112.79185488096617, -7.285576801732349 ], [ 112.791863320240125, -7.285578299338882 ], [ 112.791877923159603, -7.285587427716659 ], [ 112.791885623154428, -7.285595817920618 ], [ 112.791893329232792, -7.285605739137917 ], [ 112.791897983904661, -7.285619500037105 ], [ 112.791895750859311, -7.285636350297056 ], [ 112.791881969340636, -7.285640998004991 ], [ 112.791860509116987, -7.285642614055917 ], [ 112.791845185165144, -7.285644971316627 ], [ 112.791813764523752, -7.285648157859957 ], [ 112.79180231642124, -7.285661217029661 ], [ 112.791790122954524, -7.285679637783757 ], [ 112.791781029558919, -7.285706466964968 ], [ 112.791791099471297, -7.285732454716048 ], [ 112.791805011779985, -7.285760723802042 ], [ 112.791806584628119, -7.285770669316373 ], [ 112.791800530475612, -7.285790596788887 ], [ 112.79179980640312, -7.285801316921008 ], [ 112.791807597648457, -7.285832672329335 ], [ 112.791816152508005, -7.285863259193444 ], [ 112.791816240714525, -7.28588545889017 ], [ 112.791805565345243, -7.285900046037804 ], [ 112.791785687081969, -7.285913904122824 ], [ 112.791795680962323, -7.285920754202615 ], [ 112.79181182328567, -7.285931407519562 ], [ 112.791830256447781, -7.285939755204081 ], [ 112.791835665611487, -7.285950451039144 ], [ 112.79183723846198, -7.285960396552963 ], [ 112.791840341579672, -7.285969570485695 ], [ 112.791840371996543, -7.285977225553403 ], [ 112.791850341545384, -7.28597795157729 ], [ 112.791855668583906, -7.285967978729258 ], [ 112.791859465355188, -7.285958777462311 ], [ 112.79186939840281, -7.285950317404757 ], [ 112.791895440316082, -7.285944090086129 ], [ 112.791907761537402, -7.285957820611865 ], [ 112.791916249487713, -7.285971566323451 ], [ 112.791924740480454, -7.285986077541436 ], [ 112.79192250439587, -7.286002162294718 ], [ 112.791918728918702, -7.286016722109117 ], [ 112.791918753253427, -7.286022846162989 ], [ 112.791933264934244, -7.286009009333165 ], [ 112.791937067787671, -7.286001339079343 ], [ 112.791953912891145, -7.285995913711137 ], [ 112.791965418790653, -7.285997399164391 ], [ 112.791988436673648, -7.286001901083409 ], [ 112.791996100175453, -7.286001105202665 ], [ 112.792013748435934, -7.286004862875397 ], [ 112.792030620916108, -7.286006327064763 ], [ 112.792047490354207, -7.28600702574678 ], [ 112.792064359792178, -7.286007724428157 ], [ 112.792070462606105, -7.286000045061182 ], [ 112.792085792650752, -7.285999218803545 ], [ 112.792091238326392, -7.286019100713841 ], [ 112.792097417193503, -7.286030559013066 ], [ 112.79211123522532, -7.286035097376121 ], [ 112.792121238238579, -7.286044243966774 ], [ 112.79213124125225, -7.286053390557091 ], [ 112.792141244266304, -7.286062537147078 ], [ 112.792147392712849, -7.286066340378776 ], [ 112.79215810457886, -7.286060939304516 ], [ 112.792170364964775, -7.286059359687754 ], [ 112.792181098126349, -7.286059317159422 ], [ 112.792189534366969, -7.286060049250755 ], [ 112.792200279697809, -7.286063068748413 ], [ 112.792207197841421, -7.286067634448013 ], [ 112.792219522116838, -7.286082130468691 ], [ 112.79223031612662, -7.286097398071086 ], [ 112.792244173712589, -7.286111888014955 ], [ 112.792261840232115, -7.286120238715956 ], [ 112.792271824995012, -7.286124792262529 ], [ 112.792283321769503, -7.286123981186896 ], [ 112.792290994399153, -7.286125481820512 ], [ 112.792300970034702, -7.286127738846623 ], [ 112.792307121525667, -7.286132307582166 ], [ 112.792316351804871, -7.286139926191819 ], [ 112.792322494168388, -7.28614219840738 ], [ 112.792327842494217, -7.286137584101856 ], [ 112.792341627061518, -7.286133701884378 ], [ 112.792353136006156, -7.286135952833122 ], [ 112.792376911422039, -7.28613815517193 ], [ 112.792388420366777, -7.286140406119709 ], [ 112.792403768669175, -7.28614417288944 ], [ 112.792417614090255, -7.286155600800163 ], [ 112.792421407806827, -7.28614563402447 ], [ 112.792429807535328, -7.286137180032618 ], [ 112.792439752743377, -7.286131781990314 ], [ 112.792447410159113, -7.286129455088575 ], [ 112.792458909975096, -7.286129409515018 ], [ 112.792465822035922, -7.286132444196754 ], [ 112.792472728011148, -7.286133947865364 ], [ 112.792477318809034, -7.286131633116208 ], [ 112.792487309658938, -7.286137717670418 ], [ 112.79249653994043, -7.286145336275617 ], [ 112.792512593958776, -7.286152940755507 ], [ 112.792503025993042, -7.28615680626717 ], [ 112.792493516526278, -7.286166742537843 ], [ 112.792484161849572, -7.286176517070718 ], [ 112.792478021517397, -7.286182932992673 ], [ 112.792466594728367, -7.286201350723067 ], [ 112.79246486432524, -7.286211977518417 ], [ 112.792455928264374, -7.286240877372273 ], [ 112.792452982081244, -7.286248484062067 ], [ 112.792452184768095, -7.286256203630075 ], [ 112.792450964273854, -7.286268020428014 ], [ 112.792449659935002, -7.28628064900749 ], [ 112.792447137474809, -7.286290463272795 ] ] ] ] } },
{ "type": "Feature", "properties": { "id": 54, "Id": 0, "Luas": 150.10094738000001 }, "geometry": { "type": "MultiPolygon", "coordinates": [ [ [ [ 112.79379416772565, -7.28581889288559 ], [ 112.79379727281227, -7.285813416739963 ], [ 112.793802982747039, -7.285803346671482 ], [ 112.793812439516486, -7.285786668666333 ], [ 112.793902815135013, -7.285771684207141 ], [ 112.793940824015721, -7.285765382252886 ], [ 112.79396156837943, -7.285761942791346 ], [ 112.793974538124687, -7.28575979237828 ], [ 112.79401786206698, -7.285752609168125 ], [ 112.794065574426682, -7.285744698343285 ], [ 112.79408820493677, -7.285740946148104 ], [ 112.79408663977128, -7.285744935187225 ], [ 112.794084011063191, -7.28574662018414 ], [ 112.794079726238593, -7.285753574685488 ], [ 112.794073040864575, -7.285759342586563 ], [ 112.794069242811332, -7.285768208951931 ], [ 112.794067810095171, -7.28576941075637 ], [ 112.794065893462403, -7.285769418358426 ], [ 112.794060859446333, -7.285768720652037 ], [ 112.794056789456732, -7.285769454468077 ], [ 112.794054158845029, -7.285770661023724 ], [ 112.794054163603391, -7.285771857126593 ], [ 112.79405489090577, -7.285774007261037 ], [ 112.794057536744319, -7.285776628234611 ], [ 112.79405802351593, -7.285778540098685 ], [ 112.794053954477917, -7.285779513135285 ], [ 112.794050372211444, -7.285782398035993 ], [ 112.794047266248114, -7.285784563374415 ], [ 112.794046082627688, -7.285788156434308 ], [ 112.794045370552041, -7.285789833829087 ], [ 112.794040584679863, -7.285791288157516 ], [ 112.794037709730532, -7.285791299560456 ], [ 112.794036023160075, -7.285788914006351 ], [ 112.794033627368961, -7.285788923508776 ], [ 112.794030521405503, -7.285791088847147 ], [ 112.794024072754368, -7.285796138135763 ], [ 112.794022870100477, -7.285794946784061 ], [ 112.794022851067254, -7.285790162372418 ], [ 112.79402283964734, -7.285787291725461 ], [ 112.794020916352821, -7.285785624783289 ], [ 112.794015642757429, -7.285784928026676 ], [ 112.79401085307849, -7.285785425472451 ], [ 112.794006542557781, -7.285785921017728 ], [ 112.79400031825908, -7.28578714182651 ], [ 112.793997928177816, -7.28578858665225 ], [ 112.79399434400753, -7.285790993111411 ], [ 112.793990279727325, -7.285793162250425 ], [ 112.793987651018497, -7.285794847246932 ], [ 112.793986220205298, -7.285796527492321 ], [ 112.793984074461264, -7.285799167470728 ], [ 112.793982163538118, -7.285800610395978 ], [ 112.793980013035821, -7.285802054271405 ], [ 112.79397619499602, -7.285805897004228 ], [ 112.793973565335435, -7.285807342780096 ], [ 112.793968294594606, -7.285807363684737 ], [ 112.793963742591146, -7.285807381738699 ], [ 112.793959667842671, -7.285806919451022 ], [ 112.793957982224114, -7.28580477311715 ], [ 112.793957736935212, -7.285803338743831 ], [ 112.793956291847422, -7.285801430680331 ], [ 112.79395317731877, -7.28580144303295 ], [ 112.793949584583473, -7.285801696506526 ], [ 112.793947195453541, -7.285803380552663 ], [ 112.793946005170838, -7.285805299068364 ], [ 112.793946739134213, -7.285809123747209 ], [ 112.793944583873625, -7.2858093715196 ], [ 112.793942425758189, -7.28580890163019 ], [ 112.793939301713266, -7.285806521776789 ], [ 112.793935467495544, -7.285806297759303 ], [ 112.793933074559064, -7.285807024922996 ], [ 112.793929725209225, -7.285808234328608 ], [ 112.79392613342543, -7.28580872702262 ], [ 112.793922309675352, -7.285811134431564 ], [ 112.793917762429786, -7.285812348588027 ], [ 112.793916553114798, -7.28580948269182 ], [ 112.793914629820463, -7.285807815749093 ], [ 112.793910080671679, -7.285808551464319 ], [ 112.793905061880579, -7.285811681285803 ], [ 112.79390148246749, -7.285815283847359 ], [ 112.793897654910793, -7.28581673437375 ], [ 112.793894299851161, -7.285816508455567 ], [ 112.793892618039209, -7.285815319003761 ], [ 112.793890212731839, -7.285812936299489 ], [ 112.793886135128446, -7.285811756349367 ], [ 112.793881832219768, -7.285814165658324 ], [ 112.793878009420922, -7.285816812287547 ], [ 112.793872020893843, -7.285817075262168 ], [ 112.793868678204774, -7.285819959211609 ], [ 112.793866522944001, -7.285820206983631 ], [ 112.793866503912383, -7.285815422571601 ], [ 112.79386314694959, -7.285814718211993 ], [ 112.793860036226974, -7.285815687446408 ], [ 112.793854295843161, -7.285818102456067 ], [ 112.79385214438868, -7.285819307110417 ], [ 112.793848316831699, -7.285820757636434 ], [ 112.793842809365884, -7.285821497151599 ], [ 112.793839693885317, -7.285821270282885 ], [ 112.793836817983916, -7.285821042463974 ], [ 112.793832999942481, -7.285824885195904 ], [ 112.793826287919856, -7.285823954917372 ], [ 112.793821013372167, -7.285823018937933 ], [ 112.793815256811499, -7.285821367196847 ], [ 112.793811662172601, -7.285821142228163 ], [ 112.793810453809741, -7.285818515552108 ], [ 112.793806139481845, -7.28581805421318 ], [ 112.793804715328591, -7.285821409002463 ], [ 112.79380233381022, -7.285825006812817 ], [ 112.793796577249537, -7.285823355071485 ], [ 112.79379416772565, -7.28581889288559 ] ] ], [ [ [ 112.79408820493677, -7.285740946148104 ], [ 112.794105020913619, -7.285738158016348 ], [ 112.794129460351712, -7.285734105894178 ], [ 112.794142447879494, -7.28573188060802 ], [ 112.794150411481525, -7.285730402191465 ], [ 112.794156731800541, -7.285729228844902 ], [ 112.794164104905434, -7.285727860051962 ], [ 112.79416949635619, -7.28572568185201 ], [ 112.794177249682491, -7.285722549430628 ], [ 112.794182281096326, -7.285720516689018 ], [ 112.794190895122114, -7.285717036536141 ], [ 112.79419629218259, -7.285713491388152 ], [ 112.794201460211426, -7.285710096683257 ], [ 112.794208482456284, -7.285705484005858 ], [ 112.794232655009225, -7.28569037794186 ], [ 112.794231158984687, -7.285697473975976 ], [ 112.794221849665377, -7.285706122978927 ], [ 112.794213250517146, -7.28571261614576 ], [ 112.794202015047304, -7.285718880545512 ], [ 112.794193888394361, -7.285723697267554 ], [ 112.794187188746463, -7.285725876861459 ], [ 112.79418527687271, -7.285727080566778 ], [ 112.794181460739026, -7.285731401741869 ], [ 112.794178602921548, -7.2857357191157 ], [ 112.794175975165729, -7.285737643333595 ], [ 112.794172629624413, -7.28573980962299 ], [ 112.794169758482553, -7.28574077790894 ], [ 112.794164974514999, -7.28574271067957 ], [ 112.794162350566012, -7.285745591779666 ], [ 112.794158539190562, -7.285751109057472 ], [ 112.794152553520618, -7.285752089697268 ], [ 112.794150397308925, -7.285752098249961 ], [ 112.794147749566704, -7.285748998835894 ], [ 112.794143192805691, -7.285747820788703 ], [ 112.794132654181524, -7.285748580263259 ], [ 112.794129068109058, -7.285750508282104 ], [ 112.794125004781847, -7.285752916642637 ], [ 112.794122376073915, -7.285754601639766 ], [ 112.794118302277838, -7.285754378573995 ], [ 112.794111831739215, -7.28575392579043 ], [ 112.794107754136334, -7.285752745842313 ], [ 112.794105351683612, -7.285751080801073 ], [ 112.794104145222917, -7.285748932567325 ], [ 112.794101017371119, -7.285745595832876 ], [ 112.794093818578432, -7.285742753694109 ], [ 112.79408820493677, -7.285740946148104 ] ] ] ] } },
{ "type": "Feature", "properties": { "id": 55, "Id": 0, "Luas": 2586.4505527299998 }, "geometry": { "type": "MultiPolygon", "coordinates": [ [ [ [ 112.793599974833299, -7.284882530609922 ], [ 112.793598492073897, -7.284874317940984 ], [ 112.793596187348854, -7.284861552589205 ], [ 112.793588372184459, -7.284818266148615 ], [ 112.793563407085415, -7.284679989975325 ], [ 112.793550398886268, -7.28460794037335 ], [ 112.793572930921158, -7.284603902615424 ], [ 112.793574927258689, -7.284604660218778 ], [ 112.793578002387363, -7.284606791477798 ], [ 112.793579386621488, -7.28460785771519 ], [ 112.793581538115717, -7.284609074014276 ], [ 112.793583689609989, -7.284610290313345 ], [ 112.793585381113431, -7.284611508436135 ], [ 112.793586309009669, -7.284613495104482 ], [ 112.79358847268027, -7.284617773427864 ], [ 112.793590169663148, -7.284620369461575 ], [ 112.793593547799645, -7.284621580897295 ], [ 112.793596159893639, -7.284622948473801 ], [ 112.793597702328654, -7.284625238912922 ], [ 112.793599247198969, -7.284628141756893 ], [ 112.79360110238278, -7.284631961992321 ], [ 112.793601726662644, -7.284634715382534 ], [ 112.793602198221123, -7.284637622481899 ], [ 112.793603436430956, -7.284640526541645 ], [ 112.793605741255703, -7.284641742232662 ], [ 112.793610033894623, -7.284641572109807 ], [ 112.793614016220047, -7.284640484595478 ], [ 112.793616463416186, -7.284638943856655 ], [ 112.793617989412979, -7.284637100562939 ], [ 112.793619512365652, -7.284634491763126 ], [ 112.793621184995601, -7.284630963748109 ], [ 112.793621484350197, -7.284629125317723 ], [ 112.793623310919216, -7.284625749795979 ], [ 112.793625293253797, -7.284622986071198 ], [ 112.793627733143836, -7.284619608117804 ], [ 112.793630788181417, -7.284616687036363 ], [ 112.793635231714987, -7.284615903900563 ], [ 112.79363814011937, -7.284614667540337 ], [ 112.793639516438759, -7.284613743461749 ], [ 112.793641809695558, -7.284612050229567 ], [ 112.793643946577888, -7.28460959209923 ], [ 112.793645629557773, -7.284608666804782 ], [ 112.793648236781053, -7.284608809571266 ], [ 112.793649464032001, -7.284608957809047 ], [ 112.793651760332935, -7.284608030082905 ], [ 112.79365328389413, -7.284605574384237 ], [ 112.793654497141802, -7.284602201294188 ], [ 112.79365540494662, -7.284599135622422 ], [ 112.793658908406698, -7.284593303794079 ], [ 112.793661662871742, -7.284591914940444 ], [ 112.793666248167241, -7.284588222273526 ], [ 112.793668076562312, -7.284585306055349 ], [ 112.793668835907468, -7.284583465801187 ], [ 112.793669130391194, -7.284580402561133 ], [ 112.793668352171991, -7.284577496677813 ], [ 112.793668344257057, -7.284575506362103 ], [ 112.793670018712987, -7.284572437650674 ], [ 112.793672771351353, -7.284570589493379 ], [ 112.793677822116877, -7.284568272913487 ], [ 112.793681345059483, -7.284567340323779 ], [ 112.793686101341294, -7.28456808698385 ], [ 112.793693773942039, -7.284569587599075 ], [ 112.793697611460104, -7.284570644109031 ], [ 112.793700536911771, -7.284573694582306 ], [ 112.793703297465058, -7.284573836740575 ], [ 112.793704970703004, -7.284570461826642 ], [ 112.793702971930159, -7.284569091819036 ], [ 112.793703882170007, -7.284566638552077 ], [ 112.793704645776984, -7.28456587000636 ], [ 112.793706632981625, -7.284564331091029 ], [ 112.793707239605197, -7.284562644545992 ], [ 112.793708292215911, -7.284557434849377 ], [ 112.793709043645833, -7.284553604279512 ], [ 112.793709033295357, -7.284551001559006 ], [ 112.793709021118346, -7.284547939534875 ], [ 112.793710086514892, -7.284545944963615 ], [ 112.793712230702795, -7.284545324047566 ], [ 112.793713143377985, -7.284543483185446 ], [ 112.793713440905691, -7.284541185451476 ], [ 112.793712666948281, -7.284539351276723 ], [ 112.793712043276855, -7.284536750987986 ], [ 112.793714335315286, -7.284534751553173 ], [ 112.793717699447583, -7.284532441660344 ], [ 112.793720451476631, -7.28453044040168 ], [ 112.793724733763639, -7.284527667557533 ], [ 112.793726864556618, -7.284523678414938 ], [ 112.793726697831588, -7.284520310796381 ], [ 112.793726838375846, -7.284517095063149 ], [ 112.793728512831223, -7.284514026351628 ], [ 112.793730649103793, -7.284511415119919 ], [ 112.793733396870678, -7.284508342152791 ], [ 112.793734924693183, -7.284506958162456 ], [ 112.793737989470998, -7.284506486699921 ], [ 112.793740288815442, -7.284506324479476 ], [ 112.793742125124922, -7.284505398576877 ], [ 112.793743034146772, -7.284502639107496 ], [ 112.793743943777471, -7.284500032739321 ], [ 112.793745003085235, -7.284496507156016 ], [ 112.793746519339336, -7.284492214242801 ], [ 112.793747275639802, -7.284489608482575 ], [ 112.793750636727282, -7.284486533083612 ], [ 112.793755387528421, -7.284485901832304 ], [ 112.793757689308165, -7.284486352016623 ], [ 112.793761985598422, -7.284487100499936 ], [ 112.793766130993887, -7.284488461995947 ], [ 112.793769662459695, -7.284489672822563 ], [ 112.79377227516197, -7.284491193499296 ], [ 112.793773662440302, -7.284493025242055 ], [ 112.793778415068005, -7.284492853294119 ], [ 112.79378270709617, -7.284492530068772 ], [ 112.793787760904422, -7.284490978993992 ], [ 112.793789899612023, -7.284488980166925 ], [ 112.793791730441413, -7.284486676353326 ], [ 112.793792332193647, -7.284483764998698 ], [ 112.793794153889905, -7.284479164667123 ], [ 112.793797362255575, -7.284476242977035 ], [ 112.793797657347369, -7.284473332838344 ], [ 112.793797496101789, -7.284471343130714 ], [ 112.79379933241097, -7.284470417227907 ], [ 112.793802703239933, -7.284469791447869 ], [ 112.793803909788608, -7.28446473424456 ], [ 112.793803135831098, -7.284462900070015 ], [ 112.793799763175556, -7.284463066546444 ], [ 112.793799826597635, -7.284459736291368 ], [ 112.793801428344935, -7.284457663041557 ], [ 112.793803717338122, -7.28445489810047 ], [ 112.793805546797387, -7.284452249809211 ], [ 112.79380783761718, -7.284449944171732 ], [ 112.793809434341156, -7.284446607836998 ], [ 112.793810460643456, -7.28444442204114 ], [ 112.793811484662456, -7.284441662115773 ], [ 112.793812398250395, -7.284440050905399 ], [ 112.79381398949441, -7.284435336659872 ], [ 112.793817866534809, -7.284427053692011 ], [ 112.793819585562858, -7.284425554115679 ], [ 112.79382118913658, -7.284423940169426 ], [ 112.793822676342671, -7.284421982201446 ], [ 112.793825549000317, -7.284421396672514 ], [ 112.793828193032653, -7.284421156533219 ], [ 112.79383198338806, -7.284419993226915 ], [ 112.793834974239942, -7.284420211023224 ], [ 112.793838309171434, -7.28442019779978 ], [ 112.793839800487405, -7.28441927326484 ], [ 112.793841288150034, -7.284417430122732 ], [ 112.793843350344176, -7.284415469874819 ], [ 112.793845531189277, -7.284414427778064 ], [ 112.793848864750672, -7.284414070076873 ], [ 112.793851391501974, -7.284413256263961 ], [ 112.793854496894753, -7.284413358778254 ], [ 112.793857825889461, -7.284411852818029 ], [ 112.793861276731789, -7.284412068790263 ], [ 112.793864388061252, -7.284413664041152 ], [ 112.79386600624818, -7.284415724523444 ], [ 112.793866242180158, -7.284417216348094 ], [ 112.793865905863981, -7.28441939940807 ], [ 112.793865346402598, -7.28442330576847 ], [ 112.793865706922304, -7.284427208480944 ], [ 112.793866056025237, -7.284428240546023 ], [ 112.79386801555178, -7.284429381053191 ], [ 112.793870660497433, -7.284429370565429 ], [ 112.793873300419676, -7.284428096992796 ], [ 112.793875018990803, -7.284426482590388 ], [ 112.793875808447368, -7.284422575318033 ], [ 112.793876372475395, -7.284419817216604 ], [ 112.79387728012631, -7.284416713269534 ], [ 112.793878650051099, -7.284414181627956 ], [ 112.793879789067248, -7.284411421246555 ], [ 112.793881498048165, -7.284407395500369 ], [ 112.793880566650273, -7.28440452850094 ], [ 112.793880670231076, -7.284401657397595 ], [ 112.793879855200885, -7.284399134419841 ], [ 112.793878583833575, -7.284397531873189 ], [ 112.793876510679553, -7.284396736299753 ], [ 112.793874665237453, -7.284395365684849 ], [ 112.793872015725313, -7.284394227913622 ], [ 112.793869708009368, -7.28439228499317 ], [ 112.793869922934519, -7.284388494826651 ], [ 112.793870494269314, -7.284387573939548 ], [ 112.793871980561718, -7.284385386319684 ], [ 112.793874048692302, -7.284384918808338 ], [ 112.793875888654298, -7.284384911512521 ], [ 112.793880713987846, -7.284383744102033 ], [ 112.793880823048738, -7.284382250909391 ], [ 112.793880012128639, -7.284380761364682 ], [ 112.793877358963215, -7.284378704986337 ], [ 112.793876092619357, -7.284378365524519 ], [ 112.793875515347878, -7.284377793674968 ], [ 112.793873894877748, -7.284375159063226 ], [ 112.793872624880549, -7.284373900994248 ], [ 112.793870553553319, -7.284373564724317 ], [ 112.79386986037089, -7.284372763678975 ], [ 112.7938693935304, -7.284371043114475 ], [ 112.793868353985118, -7.284369898959381 ], [ 112.793867194875574, -7.284367607001328 ], [ 112.793866425279774, -7.284365062313206 ], [ 112.793864892739279, -7.284365259769475 ], [ 112.79386346059681, -7.284366605104723 ], [ 112.793863177669394, -7.284367754503671 ], [ 112.7938631852805, -7.284369668268591 ], [ 112.793861847066594, -7.284370534782638 ], [ 112.793860225925243, -7.284372550695594 ], [ 112.793858798729929, -7.284375139978037 ], [ 112.793857556347334, -7.28437600611207 ], [ 112.793855833285733, -7.284376491393054 ], [ 112.793854587478151, -7.284376496332868 ], [ 112.79385161708673, -7.28437660380067 ], [ 112.793849795910461, -7.284376515332121 ], [ 112.793848070184978, -7.284376330795367 ], [ 112.793846152416236, -7.28437605133028 ], [ 112.7938450986519, -7.284376151198376 ], [ 112.793843565730768, -7.284376252966339 ], [ 112.793841938881044, -7.28437683355555 ], [ 112.793840786621502, -7.284376263985842 ], [ 112.793839535486171, -7.284374929290157 ], [ 112.793838668817926, -7.284373880139269 ], [ 112.793837990767997, -7.284372064722441 ], [ 112.793836164264036, -7.284370636618366 ], [ 112.793835686629478, -7.28437102127127 ], [ 112.79383262268999, -7.284371703248374 ], [ 112.79383223555908, -7.284370747885815 ], [ 112.793831556367536, -7.28436864540423 ], [ 112.793831164670067, -7.284366541782692 ], [ 112.793831255173743, -7.284365201767241 ], [ 112.793831442650429, -7.284364148436536 ], [ 112.793831435420017, -7.284362330359806 ], [ 112.793829897932355, -7.284361283868769 ], [ 112.793828262710605, -7.284359759316439 ], [ 112.793826240738539, -7.284357375089792 ], [ 112.793822209733051, -7.28435586003689 ], [ 112.793820480582738, -7.28435481430573 ], [ 112.793819896842095, -7.284352615755871 ], [ 112.793818352504687, -7.284349846876285 ], [ 112.793816820725255, -7.284350235708891 ], [ 112.793816343471235, -7.284350716050015 ], [ 112.793815866978278, -7.284351387767654 ], [ 112.79381539314916, -7.284352729303011 ], [ 112.793814343951368, -7.284353977429999 ], [ 112.793813290187046, -7.284354077297961 ], [ 112.793812523916799, -7.284354176026029 ], [ 112.79381061033412, -7.28435494913154 ], [ 112.793809942558994, -7.284355717297353 ], [ 112.793809371756865, -7.284356772147946 ], [ 112.793808514982828, -7.284358210891468 ], [ 112.793806985106087, -7.284359078165315 ], [ 112.793806127951513, -7.284360421220555 ], [ 112.793806133659643, -7.28436185654432 ], [ 112.793806910585147, -7.284364437087265 ], [ 112.793807587873857, -7.284366061127679 ], [ 112.79380826554312, -7.284367780856325 ], [ 112.79380913487509, -7.284369499825046 ], [ 112.79381029246224, -7.284371409030332 ], [ 112.79381125990885, -7.284373701748568 ], [ 112.793811751243055, -7.284376761872648 ], [ 112.793811380475603, -7.28437992110478 ], [ 112.79381071574484, -7.284381454776592 ], [ 112.793809097647539, -7.284384236195431 ], [ 112.793808335943766, -7.284385483182477 ], [ 112.793806620112363, -7.284387786540045 ], [ 112.793805572817206, -7.284389513108267 ], [ 112.79380519367777, -7.284390567198915 ], [ 112.793804241452875, -7.284392102010669 ], [ 112.793803191113355, -7.2843930630729 ], [ 112.79380214267654, -7.284394502576344 ], [ 112.793800710914326, -7.284395943599742 ], [ 112.793798989755246, -7.284396907321791 ], [ 112.793797844725972, -7.284398155828731 ], [ 112.793796416388574, -7.284400458046361 ], [ 112.793794889555983, -7.284402090826183 ], [ 112.793793173343957, -7.28440429849548 ], [ 112.793791645750275, -7.28440573989882 ], [ 112.793789636716511, -7.284406609072507 ], [ 112.793786953438328, -7.284406619711752 ], [ 112.793785517490065, -7.284407008164332 ], [ 112.79378331603246, -7.284407686721463 ], [ 112.793781594492771, -7.284408554755201 ], [ 112.793779972209279, -7.284410283603229 ], [ 112.793776817765561, -7.284412305595551 ], [ 112.793775480312377, -7.284413363485903 ], [ 112.79377395271861, -7.284414804889219 ], [ 112.793771658093362, -7.284416153644012 ], [ 112.7937706066121, -7.284416827641453 ], [ 112.793769752121079, -7.284418840514462 ], [ 112.7937696631394, -7.28442056328295 ], [ 112.793768997647362, -7.284421905578248 ], [ 112.793768521154291, -7.284422577295869 ], [ 112.793766124609007, -7.284422395418591 ], [ 112.7937651640121, -7.284421825088758 ], [ 112.79376429696336, -7.284420680249476 ], [ 112.793762764422539, -7.284420877705474 ], [ 112.793761329235238, -7.284421457534505 ], [ 112.793760756149709, -7.284421938255574 ], [ 112.79376018420578, -7.284422706041407 ], [ 112.793759803924601, -7.284423473067285 ], [ 112.793759715323418, -7.284425291524029 ], [ 112.793760103215334, -7.284426438263193 ], [ 112.793761162687915, -7.284427773719073 ], [ 112.793762126709652, -7.284429205243152 ], [ 112.793762609671873, -7.284430160225809 ], [ 112.793762807423221, -7.284431690477898 ], [ 112.793762047241387, -7.284433320217944 ], [ 112.793760999184911, -7.284434855409629 ], [ 112.793760240144664, -7.284436772214404 ], [ 112.793759575794198, -7.28443840157448 ], [ 112.793757761467248, -7.284440035494142 ], [ 112.793754314962669, -7.284440910367281 ], [ 112.793751728657227, -7.284441207691148 ], [ 112.793750286620195, -7.284440065131613 ], [ 112.793748363904186, -7.284438541718903 ], [ 112.793747213166625, -7.284438354901979 ], [ 112.793745201849433, -7.284438649946045 ], [ 112.793743957944244, -7.284439133326829 ], [ 112.793742522756858, -7.284439713155855 ], [ 112.793740226609245, -7.284440679157507 ], [ 112.793738598998019, -7.284441068369937 ], [ 112.793736112329213, -7.284442322196284 ], [ 112.793734200268119, -7.284443478054592 ], [ 112.793732383657854, -7.284444537844696 ], [ 112.793730757949263, -7.284445405498337 ], [ 112.793729610255951, -7.284445984187409 ], [ 112.793727791362471, -7.284446469847966 ], [ 112.793726355033428, -7.28444676261215 ], [ 112.793724058124667, -7.28444753723727 ], [ 112.793721857808308, -7.284448502858923 ], [ 112.793720424523485, -7.284449561129128 ], [ 112.793718320799556, -7.284450717747309 ], [ 112.7937167924444, -7.284451967773986 ], [ 112.793715646273171, -7.284452929216036 ], [ 112.793713348222724, -7.284453416776346 ], [ 112.7937129645167, -7.28445332260793 ], [ 112.793709322543833, -7.28445324135811 ], [ 112.793707311226484, -7.28445353640203 ], [ 112.793706258603422, -7.284453923334575 ], [ 112.793705396882075, -7.284454118130717 ], [ 112.793703867004766, -7.284454985404323 ], [ 112.79370262424105, -7.284455755849802 ], [ 112.79370214660625, -7.28445614050263 ], [ 112.793701767085992, -7.284457098904974 ], [ 112.793701584175324, -7.284459300494762 ], [ 112.793701688378277, -7.284461405256424 ], [ 112.793702942938339, -7.284463601146812 ], [ 112.7937048732649, -7.284467038324818 ], [ 112.793706030852022, -7.284468947530392 ], [ 112.793708154363486, -7.284472766701461 ], [ 112.793709124473693, -7.284475729237771 ], [ 112.793708669290069, -7.284481759497597 ], [ 112.793708194699477, -7.28448290965643 ], [ 112.793707719347836, -7.284483868438778 ], [ 112.79370724551832, -7.284485209974161 ], [ 112.793706962209995, -7.284486263684839 ], [ 112.793706583070275, -7.284487317775476 ], [ 112.793706110001793, -7.284488850687348 ], [ 112.793705632747475, -7.284489331028417 ], [ 112.793704485815098, -7.284490101093964 ], [ 112.793703818420127, -7.28449096494796 ], [ 112.793703343829549, -7.284492115106826 ], [ 112.793703729818773, -7.284492783404747 ], [ 112.793704502558342, -7.284494311377143 ], [ 112.793704794618819, -7.284495458496328 ], [ 112.793704992750591, -7.284497084436715 ], [ 112.793704614371919, -7.284498329903874 ], [ 112.79370356555404, -7.284499673719004 ], [ 112.793701176238329, -7.284501309918322 ], [ 112.793699259991087, -7.28450141320576 ], [ 112.793699160354421, -7.284500456703189 ], [ 112.793698386473281, -7.284498641665994 ], [ 112.793696943294563, -7.28449721204158 ], [ 112.793694740314237, -7.284497507845374 ], [ 112.793692540378089, -7.284498569155206 ], [ 112.793691108995674, -7.284500105866654 ], [ 112.793690926085006, -7.284502307456433 ], [ 112.793691504878581, -7.284503262059238 ], [ 112.793693048455012, -7.284505839562801 ], [ 112.793692958331548, -7.284507275266573 ], [ 112.793692580713852, -7.284508712110231 ], [ 112.793692489448773, -7.284509860749266 ], [ 112.793691537223296, -7.284511395560926 ], [ 112.793690772474804, -7.284511877041834 ], [ 112.793689913417026, -7.284512741655773 ], [ 112.793689242597281, -7.284512744315475 ], [ 112.793688002877616, -7.284514280267009 ], [ 112.793687148766637, -7.284516388828226 ], [ 112.793686868121938, -7.284518112356684 ], [ 112.793686680644925, -7.284519165687407 ], [ 112.793684960246168, -7.284520320785683 ], [ 112.79368314097178, -7.284520710757906 ], [ 112.793682279250291, -7.284520905554021 ], [ 112.793680650116613, -7.284520912013279 ], [ 112.793679213026209, -7.284521013400873 ], [ 112.793678447516641, -7.284521303505278 ], [ 112.793677878236153, -7.28452274110887 ], [ 112.793677882041393, -7.284523697991428 ], [ 112.793677409353322, -7.284525326591551 ], [ 112.793676740055659, -7.284525712004236 ], [ 112.793675781741726, -7.284525715803793 ], [ 112.793673771946061, -7.284526393600654 ], [ 112.793672336758306, -7.284526973429514 ], [ 112.793670515961779, -7.28452698064865 ], [ 112.793669081535029, -7.284527751854004 ], [ 112.793666979713194, -7.284529386913362 ], [ 112.793665837346893, -7.284531305237955 ], [ 112.793664977147472, -7.284531882787073 ], [ 112.793663157872984, -7.284532272759181 ], [ 112.793661241245047, -7.284532280358238 ], [ 112.793660570425288, -7.284532283017907 ], [ 112.79365913637902, -7.284533149911526 ], [ 112.793657990968484, -7.284534302730012 ], [ 112.793655311494547, -7.284535270251251 ], [ 112.793653397149697, -7.284535851979802 ], [ 112.793651007833574, -7.284537488178963 ], [ 112.793649739077694, -7.284546181840045 ], [ 112.793649746840288, -7.284548133880492 ], [ 112.793649409609827, -7.284550087288735 ], [ 112.793648611932028, -7.284551927694886 ], [ 112.793646088375738, -7.284553545288306 ], [ 112.793644940682029, -7.284554123977236 ], [ 112.793642872093614, -7.284554476661909 ], [ 112.793640345340918, -7.284555290473936 ], [ 112.793638048126979, -7.284555988548151 ], [ 112.793635063210019, -7.284557263487562 ], [ 112.793632196487039, -7.284559341752395 ], [ 112.793628066159371, -7.284561769510223 ], [ 112.793626231219193, -7.284563039890225 ], [ 112.793623938114706, -7.284564771397589 ], [ 112.793621645010248, -7.284566502904949 ], [ 112.793619241474218, -7.28456938312735 ], [ 112.793616721570629, -7.284571919327943 ], [ 112.793616520798707, -7.284579269098081 ], [ 112.793614109956735, -7.284580312105901 ], [ 112.79361147185908, -7.284582044981055 ], [ 112.7936092923823, -7.284583431554693 ], [ 112.793607230186282, -7.284585391801998 ], [ 112.793605514353175, -7.284587695159199 ], [ 112.793604946670527, -7.284589534653432 ], [ 112.793603344008631, -7.284591378251071 ], [ 112.793601507698426, -7.284592304153262 ], [ 112.793599790495406, -7.28459426303275 ], [ 112.793597150114536, -7.284595421778261 ], [ 112.793594282021317, -7.284597155565196 ], [ 112.793590950284383, -7.284597972568553 ], [ 112.793589341229833, -7.284598208603378 ], [ 112.793588085387341, -7.28460051013685 ], [ 112.793585919886084, -7.284599988840275 ], [ 112.793581595105891, -7.284596896069091 ], [ 112.793579442704143, -7.284597861500345 ], [ 112.793575857587456, -7.284600028733892 ], [ 112.793572997865226, -7.284603867662454 ], [ 112.793550398886268, -7.28460794037335 ], [ 112.79354228947183, -7.28456302406038 ], [ 112.793530401062739, -7.284497176675992 ], [ 112.793534460086633, -7.284496178076876 ], [ 112.79353752440835, -7.28449559178972 ], [ 112.793543085673264, -7.284496335260173 ], [ 112.793547295405745, -7.284494596154677 ], [ 112.793552271028361, -7.28449266263321 ], [ 112.793557067164031, -7.284493791895969 ], [ 112.793557843708115, -7.284496276751359 ], [ 112.793556705146301, -7.284499151958362 ], [ 112.793559014231718, -7.284501439358348 ], [ 112.793562260323242, -7.284498364416368 ], [ 112.793564354154981, -7.284494719903953 ], [ 112.793565481301783, -7.284488974049082 ], [ 112.793568354721572, -7.284488579898117 ], [ 112.793572388011057, -7.284490669082759 ], [ 112.79357811734755, -7.284485479120701 ], [ 112.793581563472628, -7.284484508560515 ], [ 112.793582309576678, -7.284479338354938 ], [ 112.793581145901953, -7.28447589813673 ], [ 112.793577870892705, -7.284471700770962 ], [ 112.793573064864304, -7.284468083613595 ], [ 112.793567492945883, -7.284464660872128 ], [ 112.793565745912048, -7.284459117791656 ], [ 112.793566488972345, -7.284453182079998 ], [ 112.793569744195452, -7.284452403656312 ], [ 112.79357319336431, -7.284452198602334 ], [ 112.793575878926077, -7.284452762093837 ], [ 112.793580099311981, -7.284453702259507 ], [ 112.793583943221407, -7.284456366333539 ], [ 112.793587212903518, -7.28445922406366 ], [ 112.793591436333514, -7.28446092973526 ], [ 112.793596039284054, -7.284461677004468 ], [ 112.793601207329758, -7.284459934099261 ], [ 112.793605988244849, -7.284457235831138 ], [ 112.793611915331383, -7.284453576121154 ], [ 112.793615546269749, -7.284450882412216 ], [ 112.793619166553839, -7.28444550943202 ], [ 112.79362030435415, -7.284442442848453 ], [ 112.793622586803906, -7.284438032069997 ], [ 112.793622194346213, -7.284435737071544 ], [ 112.79362046253226, -7.284434021521792 ], [ 112.793616055810872, -7.284434421752005 ], [ 112.793614902790281, -7.284433660805177 ], [ 112.793611644523409, -7.284433673723049 ], [ 112.793608386256523, -7.284433686640897 ], [ 112.793606267312072, -7.284431015728217 ], [ 112.79360414988966, -7.28442872756857 ], [ 112.793602043121354, -7.284429118680149 ], [ 112.793599537046447, -7.284425492404573 ], [ 112.793597039342572, -7.284423971270684 ], [ 112.793597034015548, -7.284422631635049 ], [ 112.793597792295543, -7.284420523453856 ], [ 112.793598553619518, -7.284419180778732 ], [ 112.793600647450717, -7.284415536266302 ], [ 112.793604078355102, -7.284410738175669 ], [ 112.793604841962093, -7.284409969630122 ], [ 112.79360674793547, -7.284407282760137 ], [ 112.793609993265036, -7.284404016441503 ], [ 112.793611708336641, -7.284401521707943 ], [ 112.793612843092944, -7.284397689618317 ], [ 112.793615123259642, -7.284392704710371 ], [ 112.793618945860317, -7.284390010241668 ], [ 112.79362392833049, -7.28438979910842 ], [ 112.793627000261353, -7.284391126586048 ], [ 112.793631225973769, -7.28439340638695 ], [ 112.793632581311201, -7.28439684584512 ], [ 112.793635078253942, -7.284398175602309 ], [ 112.793637566825495, -7.284397400217783 ], [ 112.79363774326788, -7.28439357192757 ], [ 112.793639069686677, -7.284389739078077 ], [ 112.793641546081872, -7.28438590166929 ], [ 112.793647485343541, -7.284385303983366 ], [ 112.79365132468638, -7.28438681979779 ], [ 112.793653434498481, -7.284387194192055 ], [ 112.793654743413612, -7.284378959682709 ], [ 112.793654924422015, -7.284376279651598 ], [ 112.793656633405078, -7.284372253905796 ], [ 112.793657393206757, -7.284370528477619 ], [ 112.793660647667977, -7.284369558676971 ], [ 112.793665250617494, -7.284370305945678 ], [ 112.793666024117641, -7.284372025294753 ], [ 112.793667946072091, -7.284373357331427 ], [ 112.793671977838585, -7.284375063762283 ], [ 112.793673324804885, -7.284376398078641 ], [ 112.793674477825377, -7.284377159025317 ], [ 112.79367465655055, -7.284373904864708 ], [ 112.793674073191042, -7.284371802002743 ], [ 112.79367349211465, -7.28437027327032 ], [ 112.793672716331372, -7.284367979791742 ], [ 112.793671370126148, -7.284366836851897 ], [ 112.793671360232779, -7.284364348957219 ], [ 112.793672883641165, -7.284361854983401 ], [ 112.79367459719019, -7.284358977496675 ], [ 112.793675550937607, -7.284357825438152 ], [ 112.79367630617304, -7.284354951750854 ], [ 112.793675529628786, -7.284352466895753 ], [ 112.793677441689766, -7.284351311037764 ], [ 112.793679167415235, -7.284351495575244 ], [ 112.793679330919844, -7.284344413884368 ], [ 112.79368142551111, -7.284340960748302 ], [ 112.793683917887378, -7.284341142246195 ], [ 112.793689101151926, -7.284343226870607 ], [ 112.793692942016492, -7.28434512543776 ], [ 112.793698313138634, -7.284346252419608 ], [ 112.793698880516388, -7.284344336374806 ], [ 112.793700788011009, -7.284342032257661 ], [ 112.793704042471859, -7.284341062456757 ], [ 112.793706914368329, -7.284340285552144 ], [ 112.793708646182068, -7.284342001101597 ], [ 112.793713432422464, -7.284340642468339 ], [ 112.793714568699912, -7.284337193131756 ], [ 112.793715519402994, -7.284335275567102 ], [ 112.79371991927367, -7.28433315294762 ], [ 112.793722786603752, -7.284331227783865 ], [ 112.793727191801707, -7.28433044479989 ], [ 112.793731215196317, -7.284330046088692 ], [ 112.793735615827927, -7.284328114845554 ], [ 112.793738481635756, -7.284325806928736 ], [ 112.793741529212582, -7.284321010357403 ], [ 112.79374534267906, -7.284316019369886 ], [ 112.793748964482774, -7.284311029142264 ], [ 112.79375145533669, -7.284310827886818 ], [ 112.79375566887164, -7.284310045662499 ], [ 112.793757360349247, -7.284301618256982 ], [ 112.79375693820991, -7.284291859575082 ], [ 112.793756154054904, -7.284287460955136 ], [ 112.793755746375751, -7.2842813384268 ], [ 112.793754760664385, -7.284274452672226 ], [ 112.793753190071371, -7.284265081302788 ], [ 112.793753930085174, -7.284258380085436 ], [ 112.79375544816547, -7.284254546475985 ], [ 112.793759085950867, -7.28425357515503 ], [ 112.793766356955217, -7.284250484254032 ], [ 112.793769603804606, -7.284247600687785 ], [ 112.793774568768356, -7.2842429878937 ], [ 112.793773204297992, -7.284237251918064 ], [ 112.793768776269417, -7.284232293607151 ], [ 112.793766852793368, -7.284230578817825 ], [ 112.793763398299262, -7.284229444237326 ], [ 112.793760906684739, -7.28422945411624 ], [ 112.793758993102401, -7.284230227221413 ], [ 112.79375803859439, -7.28423118790352 ], [ 112.793756901556307, -7.2842344458636 ], [ 112.793755569811367, -7.284236939077566 ], [ 112.793755777456084, -7.284240957224275 ], [ 112.793754827514348, -7.284243066165427 ], [ 112.793751179835397, -7.284241549591748 ], [ 112.793747920809096, -7.284241371133749 ], [ 112.793744089839009, -7.284241960461487 ], [ 112.793742942146196, -7.284242539150466 ], [ 112.79374256871445, -7.284245028564882 ], [ 112.793743347541863, -7.284248087549337 ], [ 112.793743161206521, -7.284249427944818 ], [ 112.793742212025762, -7.284251728262449 ], [ 112.793742029495647, -7.284254025540456 ], [ 112.793741075748585, -7.284255177599029 ], [ 112.793738403125886, -7.284257867508884 ], [ 112.793737464599744, -7.284262847097598 ], [ 112.793730771627082, -7.284266701224577 ], [ 112.79372771035159, -7.284268053018633 ], [ 112.793723302110052, -7.28426807049645 ], [ 112.793720616549493, -7.284267507005561 ], [ 112.793718312792194, -7.284266559241858 ], [ 112.793715817372231, -7.284265612238028 ], [ 112.793712940910041, -7.284265240883521 ], [ 112.793710257632569, -7.284265251522108 ], [ 112.793706805421323, -7.284264691070719 ], [ 112.793703738057459, -7.284264511852541 ], [ 112.793699906326012, -7.284264909803479 ], [ 112.793697995026463, -7.284266257037988 ], [ 112.79369513682893, -7.284270478719653 ], [ 112.793691896828065, -7.284275084674092 ], [ 112.793689615140508, -7.284279686829084 ], [ 112.793687342585272, -7.284286585502205 ], [ 112.793686613985898, -7.284296157367399 ], [ 112.793686623118234, -7.284298453885545 ], [ 112.793686446676119, -7.284302282175678 ], [ 112.793686458852576, -7.284305344199879 ], [ 112.793685122540893, -7.284306689154703 ], [ 112.793683587717268, -7.284306312480823 ], [ 112.79368205213261, -7.284305744430416 ], [ 112.793678785495516, -7.284303652206883 ], [ 112.793676296924573, -7.2843044275915 ], [ 112.793673428072339, -7.284305970001906 ], [ 112.793670753926847, -7.284308277158495 ], [ 112.793669981948909, -7.284306940562451 ], [ 112.793669969011532, -7.284303687161697 ], [ 112.793668437993006, -7.284304267370315 ], [ 112.793666722922026, -7.284306762103972 ], [ 112.793666348728877, -7.284309060141907 ], [ 112.793664633657841, -7.284311554875554 ], [ 112.793661568576667, -7.284311949786739 ], [ 112.793659650427642, -7.284311574632509 ], [ 112.793656585346469, -7.284311969543661 ], [ 112.793653712688979, -7.284312555071404 ], [ 112.793650271892531, -7.284314865267408 ], [ 112.79364893938579, -7.284317167104746 ], [ 112.793648183389166, -7.284319849415496 ], [ 112.793645122873997, -7.284321392585666 ], [ 112.793641491175705, -7.284323894918 ], [ 112.793639008692637, -7.284326201314605 ], [ 112.793637481479053, -7.284327738405739 ], [ 112.79363691942811, -7.284330994086137 ], [ 112.793635202834821, -7.284333106066711 ], [ 112.793632336265233, -7.284335222606502 ], [ 112.79363100299733, -7.28433733306729 ], [ 112.793630631848032, -7.284340396611324 ], [ 112.793631981858155, -7.284342496433926 ], [ 112.793632001263916, -7.284347376535123 ], [ 112.793630007069595, -7.284351977550229 ], [ 112.793626285627695, -7.284356011274634 ], [ 112.793622560761236, -7.28435918380467 ], [ 112.793619686961861, -7.284359482267497 ], [ 112.793618535844004, -7.284359199761944 ], [ 112.793616515394845, -7.284357198287112 ], [ 112.79361422000818, -7.284358355664657 ], [ 112.793611641693403, -7.28436066244109 ], [ 112.793607923675793, -7.28436555735973 ], [ 112.79360506357439, -7.284369300599868 ], [ 112.793601630767725, -7.28437362024913 ], [ 112.793595319595497, -7.284377090101981 ], [ 112.793592173141278, -7.284381121546642 ], [ 112.793587890408517, -7.284388602327839 ], [ 112.793587620036789, -7.284392909439371 ], [ 112.793591366592253, -7.284395191140343 ], [ 112.793594825653628, -7.284397473981085 ], [ 112.793595127987231, -7.284401204683452 ], [ 112.793592263319539, -7.284403799664439 ], [ 112.79359084068841, -7.284407537205579 ], [ 112.793591727142271, -7.284413562146598 ], [ 112.793591753396797, -7.284420164636593 ], [ 112.793588042227583, -7.284426781943953 ], [ 112.793579632466916, -7.284432700205921 ], [ 112.793576292637269, -7.284436301813285 ], [ 112.7935719935425, -7.28443966799925 ], [ 112.793566019300982, -7.284443519275248 ], [ 112.793563388694125, -7.284444725826551 ], [ 112.793558353741531, -7.28444378889009 ], [ 112.793556200389119, -7.284444515100398 ], [ 112.793553814116862, -7.284446916805074 ], [ 112.793551675984133, -7.284451470545886 ], [ 112.793547852241034, -7.284453877949443 ], [ 112.793543792724321, -7.284457243185419 ], [ 112.793540932051158, -7.284460842893011 ], [ 112.793537836555586, -7.284465639653694 ], [ 112.793534973979845, -7.284468760919932 ], [ 112.793530304037574, -7.284472776168788 ], [ 112.793528634395017, -7.284475419083158 ], [ 112.793520315031316, -7.284429659116544 ], [ 112.793510066905569, -7.28438542357418 ], [ 112.793490326405362, -7.284300214614607 ], [ 112.793492835385294, -7.2842950118111 ], [ 112.793497626001866, -7.284294753595157 ], [ 112.793505293461465, -7.284294962423314 ], [ 112.793515354802508, -7.28429468331225 ], [ 112.793526616888997, -7.284295117114088 ], [ 112.793534017185195, -7.284288389492354 ], [ 112.79353995147477, -7.284274490949455 ], [ 112.793543497590065, -7.284262515669714 ], [ 112.793549198959283, -7.28425029262122 ], [ 112.793556573571834, -7.284237106041608 ], [ 112.793580684424001, -7.284215241032729 ], [ 112.793584971151077, -7.284208764978664 ], [ 112.793589497456381, -7.284202287974817 ], [ 112.793589697083448, -7.284192239757522 ], [ 112.79359662583029, -7.284187427800208 ], [ 112.793600206187904, -7.284184064464013 ], [ 112.79360449576815, -7.284178306071838 ], [ 112.793607118763646, -7.284175185755495 ], [ 112.793612367608176, -7.284169662784728 ], [ 112.79361591942866, -7.284159122828934 ], [ 112.793615877574595, -7.284148597120271 ], [ 112.793621600819193, -7.284141876146639 ], [ 112.793643113400691, -7.284129351189518 ], [ 112.793650040243463, -7.284124060790452 ], [ 112.793657703894596, -7.284123312734115 ], [ 112.79366321419495, -7.284123290888065 ], [ 112.793666087231742, -7.284122801048804 ], [ 112.793667510432613, -7.28411920704015 ], [ 112.793668931730963, -7.284115134590169 ], [ 112.793666772672751, -7.284114425476729 ], [ 112.793664131604288, -7.284113000600995 ], [ 112.793661730114124, -7.2841115747754 ], [ 112.793659802073009, -7.284108711726271 ], [ 112.793658586108023, -7.284104171283107 ], [ 112.793658559473187, -7.284097473105025 ], [ 112.793659509225037, -7.284095316319904 ], [ 112.793660921010996, -7.284088851663513 ], [ 112.793665432094315, -7.284078547129043 ], [ 112.793667804095676, -7.28407255711465 ], [ 112.793673998885154, -7.284063920475942 ], [ 112.793680682343407, -7.284057674143994 ], [ 112.793688327919426, -7.284052380895198 ], [ 112.793691672502149, -7.284049975391109 ], [ 112.793700784085047, -7.28405185306238 ], [ 112.79371038243454, -7.284055642598896 ], [ 112.793714940128581, -7.284057059875659 ], [ 112.793723084837211, -7.284056788360097 ], [ 112.793726913332549, -7.284055577059224 ], [ 112.793733841124379, -7.284050525880031 ], [ 112.793738626029977, -7.284048832338392 ], [ 112.793741029422478, -7.284050736604847 ], [ 112.793744640218961, -7.284055028328359 ], [ 112.793747069296259, -7.284063391551949 ], [ 112.793749006850447, -7.284068646806979 ], [ 112.79375643948346, -7.284070052684795 ], [ 112.793763621122707, -7.284068588864792 ], [ 112.793769598211625, -7.284065455249646 ], [ 112.7937782230279, -7.284065421053938 ], [ 112.793783746645445, -7.284068748295408 ], [ 112.793790464348973, -7.284071113904817 ], [ 112.793804352275757, -7.284069145045955 ], [ 112.793817312331797, -7.284074835046328 ], [ 112.793842413027662, -7.284121145056218 ], [ 112.793841720930587, -7.284127846083392 ], [ 112.793836455917045, -7.284129302305443 ], [ 112.793832584489991, -7.284133775203473 ], [ 112.79383202776792, -7.284138370519231 ], [ 112.793832054024946, -7.284144973008436 ], [ 112.793832073432327, -7.284149853109135 ], [ 112.793833533734187, -7.284155588704545 ], [ 112.79383786783373, -7.2841610258361 ], [ 112.793837884957995, -7.284165331807294 ], [ 112.79383473622417, -7.284168789123263 ], [ 112.793833895433053, -7.284174246773219 ], [ 112.793836209083949, -7.284177682430847 ], [ 112.793840515784922, -7.284176230008416 ], [ 112.793845101988396, -7.284172766992778 ], [ 112.793848827993287, -7.284169881526379 ], [ 112.79385398233471, -7.284164693842366 ], [ 112.793855995933811, -7.284164972927632 ], [ 112.793861756087054, -7.284167533711806 ], [ 112.793866649191969, -7.284168949656689 ], [ 112.79387498080763, -7.28416748127489 ], [ 112.793881881803458, -7.284167740981098 ], [ 112.793891383944413, -7.284171435204517 ], [ 112.793893988514526, -7.284175730916032 ], [ 112.793897450999879, -7.284178874948719 ], [ 112.793902920234487, -7.28418057567799 ], [ 112.793906098650993, -7.284184582044753 ], [ 112.793909852055407, -7.284188586131557 ], [ 112.793913600893234, -7.284191441959361 ], [ 112.793917916727253, -7.284192286054049 ], [ 112.793920792808265, -7.2841925617191 ], [ 112.793922522338576, -7.284193703138219 ], [ 112.7939251177757, -7.2841957023316 ], [ 112.793927721204639, -7.284199710978065 ], [ 112.793930326917007, -7.284204293753984 ], [ 112.793934929103372, -7.28420484964377 ], [ 112.793940968759458, -7.28420539983357 ], [ 112.793946151642217, -7.284207388766917 ], [ 112.793956835727656, -7.284219116241051 ], [ 112.793962893651184, -7.284224259466122 ], [ 112.7939660709268, -7.284227978767537 ], [ 112.793968402846318, -7.284236007459788 ], [ 112.793966979077084, -7.284239457936512 ], [ 112.793966128012315, -7.284242332003775 ], [ 112.793964415607391, -7.284245496555807 ], [ 112.793966732684751, -7.284249793406626 ], [ 112.793969331547558, -7.284252653793784 ], [ 112.793966774928151, -7.284260414801458 ], [ 112.793966787487022, -7.284263572513415 ], [ 112.793965656920292, -7.284268457173773 ], [ 112.793966526252504, -7.284270176142086 ], [ 112.793969700103403, -7.284273034249217 ], [ 112.793972008047277, -7.284275034582172 ], [ 112.793973163731806, -7.284276465345717 ], [ 112.793974045623003, -7.28428134202596 ], [ 112.793978979831465, -7.284293092299249 ], [ 112.793980157208892, -7.284299977292489 ], [ 112.793982766347725, -7.284305421261966 ], [ 112.793985368636243, -7.284309142843109 ], [ 112.793991420852777, -7.284312850743814 ], [ 112.793997184433664, -7.284316272719712 ], [ 112.794002663945861, -7.28432055702975 ], [ 112.794006705988124, -7.284324847039906 ], [ 112.79401361497824, -7.284327116196494 ], [ 112.794023967045902, -7.284327649284 ], [ 112.79402828859007, -7.284329928700873 ], [ 112.794034624875835, -7.284332774266635 ], [ 112.794042695259904, -7.284337909509568 ], [ 112.794050180380054, -7.284340463450094 ], [ 112.794051787089074, -7.284344456909963 ], [ 112.794050190823981, -7.284347908070942 ], [ 112.794048007696347, -7.28434837603904 ], [ 112.794047897265855, -7.284349524753911 ], [ 112.794050786820819, -7.284353187781462 ], [ 112.794052060015318, -7.284355249631028 ], [ 112.79405714320248, -7.284361085685681 ], [ 112.794059795454899, -7.284362912411023 ], [ 112.794064639969378, -7.28436656768585 ], [ 112.794066954079824, -7.284370118167515 ], [ 112.794069731834483, -7.284374585432076 ], [ 112.79407446272171, -7.284378585640388 ], [ 112.794076192709824, -7.284379841884518 ], [ 112.794080815907122, -7.284385679762947 ], [ 112.794081859563363, -7.284387857350317 ], [ 112.794081869154553, -7.284390268693847 ], [ 112.794081191043674, -7.284393256903016 ], [ 112.794079479324424, -7.284396593694207 ], [ 112.794077307157977, -7.284399817483702 ], [ 112.794073404546566, -7.284401670203179 ], [ 112.794071210457403, -7.284399382350301 ], [ 112.794068901827387, -7.284397209779307 ], [ 112.794067527336637, -7.284398593162336 ], [ 112.794067650555206, -7.284400659572185 ], [ 112.794065365217904, -7.28440434312122 ], [ 112.794063997577922, -7.284407448892502 ], [ 112.794063668113537, -7.28441135434063 ], [ 112.794064485428322, -7.284414451447224 ], [ 112.79406288687963, -7.284417328478844 ], [ 112.794060476496782, -7.284418486314467 ], [ 112.794056919334707, -7.284420452491625 ], [ 112.794053363542773, -7.284422763146417 ], [ 112.794050718140696, -7.284422658809377 ], [ 112.794045880019596, -7.284420611096921 ], [ 112.794042657802578, -7.284420049736442 ], [ 112.794038862880967, -7.28442006478552 ], [ 112.794034270283433, -7.284421920240934 ], [ 112.794034277590839, -7.2844237574551 ], [ 112.794035548958689, -7.284425360001125 ], [ 112.794037285340934, -7.284428223807771 ], [ 112.794036254016007, -7.284429146519125 ], [ 112.794035106780029, -7.284429840034782 ], [ 112.794029468699321, -7.284429058599103 ], [ 112.794026010447269, -7.284430593779962 ], [ 112.79399634160788, -7.28445976284012 ], [ 112.793994160306411, -7.284460690111668 ], [ 112.793990944939623, -7.284461851139182 ], [ 112.793988071368801, -7.284462207017372 ], [ 112.793985887327068, -7.284462445333571 ], [ 112.793983239641193, -7.284461766866748 ], [ 112.793982323313713, -7.284462689121986 ], [ 112.793979570677607, -7.284464537280706 ], [ 112.793976235746072, -7.284464550505271 ], [ 112.793973582123044, -7.28446237930182 ], [ 112.793969211756078, -7.284462281804575 ], [ 112.793965995019079, -7.284463098354292 ], [ 112.793963589659313, -7.284465519274288 ], [ 112.793962793353074, -7.284467704158325 ], [ 112.793963258824007, -7.284469080244937 ], [ 112.79396511385734, -7.284472862202993 ], [ 112.793964777998369, -7.284475160088849 ], [ 112.793963514851114, -7.284475624408559 ], [ 112.793961326699005, -7.284474829291652 ], [ 112.793958336303575, -7.284474726322184 ], [ 112.793957993594148, -7.284475301819676 ], [ 112.793956392304366, -7.284477489895782 ], [ 112.793954901901969, -7.284478644082865 ], [ 112.793952142415208, -7.284478769853072 ], [ 112.793950651556088, -7.284479809214275 ], [ 112.793949622971013, -7.284481420880856 ], [ 112.793947681255204, -7.28448475858388 ], [ 112.793945275895226, -7.284487179503849 ], [ 112.793943668211639, -7.284487760017471 ], [ 112.793942743206827, -7.284486500580782 ], [ 112.7939354020818, -7.284491237626989 ], [ 112.793931616293222, -7.28449354919313 ], [ 112.793929784094587, -7.28449550852943 ], [ 112.793931290938019, -7.284498488074497 ], [ 112.79393360093826, -7.284501005123897 ], [ 112.793934413228897, -7.284502839146048 ], [ 112.793933967852468, -7.284506515398613 ], [ 112.793934679302993, -7.284511909479405 ], [ 112.793932737586971, -7.284515247182421 ], [ 112.793933327646144, -7.28451903415676 ], [ 112.793935291740169, -7.28452132292238 ], [ 112.793943459770617, -7.28452209432666 ], [ 112.793945532468598, -7.284522775073733 ], [ 112.7939522151202, -7.284525963749743 ], [ 112.79395590783281, -7.284529164282069 ], [ 112.793957984184416, -7.284530763636206 ], [ 112.793962136887743, -7.284533962344391 ], [ 112.793965826860259, -7.284536473921294 ], [ 112.793967444134722, -7.284538304751205 ], [ 112.793968497838506, -7.284543008508455 ], [ 112.793968512909757, -7.284546797762767 ], [ 112.793968298442394, -7.284550702755007 ], [ 112.793969577117821, -7.284554142515415 ], [ 112.793969472167689, -7.284556669140986 ], [ 112.793966951353184, -7.284558975691262 ], [ 112.793965354173608, -7.284562197200451 ], [ 112.793961691146365, -7.284566460351017 ], [ 112.793961126662239, -7.284569103626581 ], [ 112.793960907171083, -7.284571745534048 ], [ 112.793960229059365, -7.28457473374331 ], [ 112.793959663661823, -7.284577147367056 ], [ 112.793958061915134, -7.284579220617378 ], [ 112.793956230629774, -7.284581409605606 ], [ 112.793953942093935, -7.28458428937326 ], [ 112.79394889315725, -7.284587065259475 ], [ 112.793944984149803, -7.284587310415918 ], [ 112.793941879212625, -7.284587322728412 ], [ 112.793940494216869, -7.284586065115829 ], [ 112.793938996506938, -7.284585382088735 ], [ 112.793935883805887, -7.284583442361048 ], [ 112.79393346154761, -7.284581614723145 ], [ 112.793931728361997, -7.284579554697342 ], [ 112.793929768377893, -7.284578299364767 ], [ 112.793928837892523, -7.28457566201741 ], [ 112.793925957927115, -7.284574410332942 ], [ 112.793924462044004, -7.284574186609333 ], [ 112.793922920521211, -7.284572125823462 ], [ 112.793922297457527, -7.284569678636506 ], [ 112.793922136211251, -7.284567688929087 ], [ 112.793922126468459, -7.284565239310089 ], [ 112.793921508276156, -7.284564016932633 ], [ 112.793920588294824, -7.284564020580722 ], [ 112.793916755039206, -7.284564035781076 ], [ 112.793915679291956, -7.284563427632416 ], [ 112.793914748350005, -7.284560675459098 ], [ 112.793914736780479, -7.284557766536485 ], [ 112.793914884630425, -7.284556388017799 ], [ 112.793915017866212, -7.284551335070546 ], [ 112.793914551177423, -7.28454965278149 ], [ 112.793913472385583, -7.284548279126877 ], [ 112.793911014230716, -7.284547064045521 ], [ 112.79390993665676, -7.284545996593281 ], [ 112.793909162089719, -7.284544009317863 ], [ 112.793908384478073, -7.284541256536484 ], [ 112.793905144449255, -7.284536216965384 ], [ 112.793902541489075, -7.284537145908661 ], [ 112.793901472439984, -7.284538221873035 ], [ 112.793900556721113, -7.284539297229387 ], [ 112.793897193198916, -7.284541760224578 ], [ 112.793895051447194, -7.284542993546166 ], [ 112.793892450313678, -7.284544381792937 ], [ 112.793890308561885, -7.284545615114525 ], [ 112.793888778913171, -7.284546539801703 ], [ 112.793886637770271, -7.284547926224447 ], [ 112.793883576037118, -7.28454916319402 ], [ 112.793880668243077, -7.28455055265673 ], [ 112.793877763493569, -7.284552707625429 ], [ 112.793870558190847, -7.284553042403732 ], [ 112.793866418274774, -7.284553058819629 ], [ 112.793864422546221, -7.284552454318799 ], [ 112.793864411585957, -7.284549698497327 ], [ 112.793864249731072, -7.28454755568858 ], [ 112.793863318789462, -7.284544803515069 ], [ 112.793861619370077, -7.284541595077955 ], [ 112.793857776981028, -7.284539313759861 ], [ 112.793854405542831, -7.284539786439246 ], [ 112.793850732924312, -7.284541638245325 ], [ 112.793849060296523, -7.284545166260682 ], [ 112.79385029607181, -7.284547457914681 ], [ 112.793853225177472, -7.284551426993907 ], [ 112.793855227603927, -7.284553715607924 ], [ 112.793855237346349, -7.284556165227034 ], [ 112.793853871379028, -7.284559692026443 ], [ 112.793850975762794, -7.284564143512909 ], [ 112.793846632094812, -7.284570759502079 ], [ 112.793846412146323, -7.284573286583777 ], [ 112.793846655385238, -7.284576615622768 ], [ 112.793846784083172, -7.284580059943661 ], [ 112.793846796413419, -7.284583160242851 ], [ 112.793845434708317, -7.284587758750597 ], [ 112.79384280848538, -7.284592477100197 ], [ 112.793840177238977, -7.284595932364889 ], [ 112.793838575491563, -7.284598005614922 ], [ 112.79383490698261, -7.284600890854099 ], [ 112.793831692984213, -7.284602396358498 ], [ 112.793829168971911, -7.284603899126936 ], [ 112.793825033165334, -7.284604948975662 ], [ 112.793821700515821, -7.284605536328827 ], [ 112.793819515559818, -7.284605544992604 ], [ 112.793817443318133, -7.284604979070899 ], [ 112.793814676980332, -7.284603382452001 ], [ 112.793811802038221, -7.284603393851659 ], [ 112.793809157548125, -7.284603519165239 ], [ 112.793807784425908, -7.284605247025545 ], [ 112.793806531324691, -7.284608237514705 ], [ 112.793806431853682, -7.28461214205126 ], [ 112.793806675092426, -7.284615471090331 ], [ 112.793805073801451, -7.284617659166172 ], [ 112.793801519833096, -7.284620429123259 ], [ 112.793795094119062, -7.284624014261206 ], [ 112.793786033504546, -7.284630136056449 ], [ 112.793777774220374, -7.284635336052493 ], [ 112.793769289507168, -7.284641685219404 ], [ 112.793766655063294, -7.28464433670261 ], [ 112.793764132877129, -7.284646298774414 ], [ 112.793758634450469, -7.284651717478599 ], [ 112.793753711012172, -7.284657133902876 ], [ 112.793749698878969, -7.284660364987209 ], [ 112.793746370795375, -7.284662100598972 ], [ 112.793745594124076, -7.284669222996686 ], [ 112.793742170222217, -7.28467578175228 ], [ 112.793738624472738, -7.284680618575308 ], [ 112.793726746451654, -7.28470121983287 ], [ 112.793723664345919, -7.28470697343923 ], [ 112.793721602606738, -7.284709048512926 ], [ 112.793718272696097, -7.284710324820979 ], [ 112.793714595509002, -7.2847110283674 ], [ 112.793712641917736, -7.284711380596534 ], [ 112.793708851559501, -7.28471254390251 ], [ 112.793706209351839, -7.284713243345156 ], [ 112.793702878071159, -7.284714175175375 ], [ 112.793700237233395, -7.284715219095706 ], [ 112.793698515920781, -7.28471614454241 ], [ 112.793696682350287, -7.284717759400497 ], [ 112.793695192403007, -7.284719028412972 ], [ 112.793692437480772, -7.284720302441052 ], [ 112.793690144832624, -7.284722148774773 ], [ 112.793688195807718, -7.284723649262898 ], [ 112.793687052680127, -7.284725376211092 ], [ 112.793686718646427, -7.284728133400717 ], [ 112.79368500874979, -7.284731929495017 ], [ 112.793682947010325, -7.28473400456862 ], [ 112.793681233917141, -7.284736996881586 ], [ 112.793680326264692, -7.284740100828727 ], [ 112.793677812753813, -7.284744244592455 ], [ 112.793675289196756, -7.284745862186293 ], [ 112.793674261980087, -7.284747818330324 ], [ 112.793672432062522, -7.284750351795615 ], [ 112.793672553453248, -7.28475195890234 ], [ 112.793672449414927, -7.284754715180056 ], [ 112.793671652193723, -7.28475667041215 ], [ 112.793669816796424, -7.284757825966595 ], [ 112.793668207284782, -7.284757947175927 ], [ 112.793666019587988, -7.284757266883694 ], [ 112.793664178254346, -7.2847569297013 ], [ 112.793662111034976, -7.28475762686399 ], [ 112.793660274267708, -7.284758437940646 ], [ 112.793659942517067, -7.284761769259806 ], [ 112.793658345448819, -7.284765019475045 ], [ 112.793656200657239, -7.284767898671933 ], [ 112.793654528363561, -7.284769101424482 ], [ 112.793651416695496, -7.284769831435195 ], [ 112.793649265244539, -7.284771036087559 ], [ 112.79364663178238, -7.284771524977805 ], [ 112.793646155479124, -7.284772244539558 ], [ 112.793643297659486, -7.284776561909946 ], [ 112.793639004270702, -7.284781363421007 ], [ 112.793635653023898, -7.284782094381574 ], [ 112.793624391876989, -7.284781899806098 ], [ 112.793623522986266, -7.284804390346193 ], [ 112.79362666890222, -7.284812272278746 ], [ 112.793625964436089, -7.284815863438067 ], [ 112.793625973949304, -7.284818255644507 ], [ 112.793628151086253, -7.284823509949523 ], [ 112.793628877432795, -7.284825420864979 ], [ 112.793630094352565, -7.284830200528309 ], [ 112.793630588731091, -7.284834026158773 ], [ 112.793631794234997, -7.284835935174387 ], [ 112.793634195729553, -7.284837360999164 ], [ 112.793635403136122, -7.284839748456069 ], [ 112.7936349334921, -7.284842142562292 ], [ 112.793633015911482, -7.284841910940907 ], [ 112.793631099282194, -7.28484191854016 ], [ 112.79363231715341, -7.284846937424106 ], [ 112.793632333326002, -7.284851004174996 ], [ 112.793632588125931, -7.284854830755386 ], [ 112.793634039867896, -7.284858413365533 ], [ 112.793634773825232, -7.284862238046061 ], [ 112.793631672621132, -7.2848655994839 ], [ 112.79362617372756, -7.284868491979481 ], [ 112.793622828188049, -7.284870658263956 ], [ 112.793618754399205, -7.284870435191666 ], [ 112.793617800841105, -7.284871635094516 ], [ 112.793614459106806, -7.284874758261487 ], [ 112.793610873988513, -7.2848769254958 ], [ 112.793609694170186, -7.284881475437556 ], [ 112.793606343873876, -7.284882445618722 ], [ 112.793599974833299, -7.284882530609922 ] ] ] ] } },
{ "type": "Feature", "properties": { "id": 50, "Id": 0, "Luas": 1961.94408056 }, "geometry": { "type": "MultiPolygon", "coordinates": [ [ [ [ 112.792806997595136, -7.285883197457054 ], [ 112.792805177970692, -7.285862622317205 ], [ 112.792794768800874, -7.285847735965588 ], [ 112.79279128233992, -7.285838563563221 ], [ 112.792786563731383, -7.285808727046629 ], [ 112.792787631544996, -7.285788053816422 ], [ 112.792785159496489, -7.285780934724015 ], [ 112.792779871634522, -7.285776649641327 ], [ 112.79277646046495, -7.285762309690692 ], [ 112.792780750067706, -7.285756551300515 ], [ 112.792786471439896, -7.285749351888366 ], [ 112.792791228788928, -7.285740720950071 ], [ 112.792793063636879, -7.285720140369556 ], [ 112.792793989619881, -7.285712003065997 ], [ 112.792791559591649, -7.285703400614974 ], [ 112.792787695892187, -7.285695760744326 ], [ 112.79278289099382, -7.285692430645284 ], [ 112.792771858937641, -7.285689603676255 ], [ 112.792763698028338, -7.285685808429299 ], [ 112.792763197948375, -7.285680547471984 ], [ 112.792764127735921, -7.285673367051324 ], [ 112.7927674609234, -7.285668090901113 ], [ 112.792774625476213, -7.285662321116493 ], [ 112.792781790028855, -7.285656551331771 ], [ 112.792790392056489, -7.28565077584962 ], [ 112.792794200597982, -7.285644540917214 ], [ 112.792797047018624, -7.285637352900116 ], [ 112.792797495745319, -7.285629695937181 ], [ 112.792797453901812, -7.28561917022447 ], [ 112.792797404450482, -7.285606730745796 ], [ 112.792793512222673, -7.285591914252658 ], [ 112.792794890736786, -7.285577076869159 ], [ 112.792797725745487, -7.2855670182032 ], [ 112.792801507658922, -7.285554085090066 ], [ 112.792802424132333, -7.285543555579126 ], [ 112.79279805845303, -7.285530176309462 ], [ 112.792790344372051, -7.285518245657848 ], [ 112.792784103903017, -7.285515399697116 ], [ 112.792781175699417, -7.28550201472981 ], [ 112.792783058097683, -7.285493395186601 ], [ 112.792784950005569, -7.285487167850838 ], [ 112.792787334385139, -7.285484287706483 ], [ 112.792792114555766, -7.285481398066655 ], [ 112.792803608647233, -7.285479917163896 ], [ 112.79280980917477, -7.285472715853249 ], [ 112.792808331759275, -7.285462674279311 ], [ 112.792799214439924, -7.285459361271726 ], [ 112.792794877291058, -7.285453158624119 ], [ 112.792789574218233, -7.285445046008651 ], [ 112.792789543787507, -7.285437390944773 ], [ 112.792790464065462, -7.285427818316754 ], [ 112.792792361678934, -7.285423026305549 ], [ 112.792795692962997, -7.285417271714115 ], [ 112.792801412430009, -7.285409593861306 ], [ 112.792805713441695, -7.28540670612062 ], [ 112.792813391383561, -7.285409546384138 ], [ 112.792818245729137, -7.285425315962215 ], [ 112.792823058232145, -7.285430559827497 ], [ 112.792830728566614, -7.285431486324639 ], [ 112.792844589917621, -7.285422819303434 ], [ 112.792850313187657, -7.285416098333156 ], [ 112.792859860212602, -7.285406969962339 ], [ 112.792862217963474, -7.285397391637154 ], [ 112.792860757665323, -7.285391656036873 ], [ 112.792853051194129, -7.285381639151971 ], [ 112.792844401622787, -7.285375453596982 ], [ 112.792831458648337, -7.285374069548506 ], [ 112.792821390622422, -7.285372674105077 ], [ 112.79281566354841, -7.285378438192012 ], [ 112.792813783052679, -7.28538753617662 ], [ 112.792806154561291, -7.285397135391769 ], [ 112.792795113003237, -7.285391916214105 ], [ 112.792791260719142, -7.285387146991695 ], [ 112.792790732111456, -7.285374709411928 ], [ 112.792788262146814, -7.285356059688898 ], [ 112.792791553490787, -7.285340257826222 ], [ 112.792796289916438, -7.285326364032356 ], [ 112.792798647668732, -7.285316785707225 ], [ 112.792798605827016, -7.285306259994376 ], [ 112.792794736426842, -7.285297184798356 ], [ 112.792794713604195, -7.285291443500435 ], [ 112.792793238092457, -7.28528188036766 ], [ 112.792793694427857, -7.28527613717066 ], [ 112.792797508673047, -7.285271337563418 ], [ 112.792803243353873, -7.285267487242924 ], [ 112.792810421214256, -7.285265066549753 ], [ 112.792820458807185, -7.285258806930169 ], [ 112.79282138098695, -7.285249712743785 ], [ 112.792816553271194, -7.28524064134604 ], [ 112.792806922564836, -7.285228718289652 ], [ 112.792798740744104, -7.285219660184864 ], [ 112.79279536571795, -7.285214410621595 ], [ 112.792796285996502, -7.285204837993631 ], [ 112.792799605868353, -7.285196212753537 ], [ 112.792801007206634, -7.285187116668083 ], [ 112.792800488109577, -7.285177071295699 ], [ 112.792793753273045, -7.285170399700949 ], [ 112.792792774036883, -7.285165140642491 ], [ 112.792795133691115, -7.285156040758984 ], [ 112.792799413780457, -7.285147890162459 ], [ 112.792802745063227, -7.285142135571408 ], [ 112.792802718437258, -7.285135437390477 ], [ 112.792801261945186, -7.285130658672546 ], [ 112.79279980735501, -7.2851263583961 ], [ 112.792798822413474, -7.285119664013125 ], [ 112.792800221850058, -7.285110089486199 ], [ 112.792801153539884, -7.28510338750722 ], [ 112.792801121208555, -7.285095254001773 ], [ 112.792799643796513, -7.285085212427317 ], [ 112.792797700539623, -7.285078521842312 ], [ 112.79279767771763, -7.285072780544347 ], [ 112.792801959708328, -7.285065108389438 ], [ 112.792805772050315, -7.285059830341042 ], [ 112.792809099528938, -7.285053118867107 ], [ 112.792812432713035, -7.285047842717674 ], [ 112.792812415596472, -7.285043536744237 ], [ 112.792810008396657, -7.28504067559023 ], [ 112.792807123941017, -7.285038294776711 ], [ 112.792802320952561, -7.285035443117607 ], [ 112.792799908047428, -7.285031146639003 ], [ 112.792800820719137, -7.285019660245086 ], [ 112.792800782682733, -7.285010091415094 ], [ 112.792805543830752, -7.285002417361351 ], [ 112.792807941521119, -7.285002886307946 ], [ 112.792819422287764, -7.284998056317276 ], [ 112.792829152688, -7.284999585631208 ], [ 112.792845091109328, -7.284994896693231 ], [ 112.792858731826314, -7.284990883718404 ], [ 112.792876630356687, -7.284985618132959 ], [ 112.792886020279553, -7.284979498449308 ], [ 112.792895591642264, -7.284973260515729 ], [ 112.792902629586422, -7.284968673684011 ], [ 112.792911136860781, -7.284958826273304 ], [ 112.792922031707022, -7.284946215179932 ], [ 112.79293315569258, -7.284933338850442 ], [ 112.792947818884144, -7.284930195733502 ], [ 112.7929622641294, -7.284927099333749 ], [ 112.792959653820617, -7.284956832366714 ], [ 112.792961114117205, -7.284962567966835 ], [ 112.792963080199186, -7.28497499984817 ], [ 112.792962652395104, -7.28498791966666 ], [ 112.792956016463165, -7.285006127030025 ], [ 112.792947912626147, -7.28501668502745 ], [ 112.792945722251673, -7.285068366200817 ], [ 112.792944332328162, -7.285080332934755 ], [ 112.792950656478936, -7.285104230318693 ], [ 112.792960247242561, -7.285106106101228 ], [ 112.792963608955091, -7.285108006572835 ], [ 112.792966504824008, -7.285113258033783 ], [ 112.792967482159796, -7.285118038649957 ], [ 112.792967071474962, -7.285135264441441 ], [ 112.792967092397276, -7.285140527297421 ], [ 112.792971897289632, -7.285143857395684 ], [ 112.792974300686879, -7.28514576166551 ], [ 112.792972431606572, -7.285157730298581 ], [ 112.792970064347983, -7.285164916416332 ], [ 112.792959068444034, -7.285171179836568 ], [ 112.792952373548303, -7.285174555515335 ], [ 112.792949527131483, -7.285181743532254 ], [ 112.792948144816549, -7.285195624032016 ], [ 112.792947718915386, -7.285209022291984 ], [ 112.792953482124304, -7.285212348591925 ], [ 112.792959266255792, -7.285220937747749 ], [ 112.792963137559951, -7.285230491383176 ], [ 112.792967508944869, -7.285245305975285 ], [ 112.79296946551986, -7.28525534564885 ], [ 112.79296997130669, -7.285262041929942 ], [ 112.792970018858341, -7.285274002966175 ], [ 112.792968125051317, -7.285279751860458 ], [ 112.79295999268038, -7.285283133237336 ], [ 112.792960987135487, -7.285292219826468 ], [ 112.792965333794527, -7.285300814679585 ], [ 112.792965377542174, -7.285311818832924 ], [ 112.792968743060598, -7.285314676186974 ], [ 112.792970673007147, -7.285318017680202 ], [ 112.792971161675553, -7.285320407988197 ], [ 112.79296734933439, -7.285325686038012 ], [ 112.792964980173409, -7.285332393714452 ], [ 112.792964997292117, -7.285336699687491 ], [ 112.792966449982828, -7.285340521521381 ], [ 112.792968872402156, -7.285347210205465 ], [ 112.792970321288792, -7.28535007515643 ], [ 112.792975128085871, -7.285353883695528 ], [ 112.79297850882152, -7.285360568581001 ], [ 112.792978086726521, -7.285374923723596 ], [ 112.792973859898567, -7.285396470681957 ], [ 112.792979168679722, -7.28540601861896 ], [ 112.792982547513887, -7.2854122250628 ], [ 112.792989265237878, -7.285414590680158 ], [ 112.792997422338331, -7.285417429040939 ], [ 112.792998430110131, -7.28542986471976 ], [ 112.792997523151669, -7.28544278643719 ], [ 112.793002326145825, -7.285445638092797 ], [ 112.7930100269147, -7.285454219649725 ], [ 112.79301723330839, -7.2854589755743 ], [ 112.793021578068561, -7.285467091984708 ], [ 112.793024994947501, -7.285482867256597 ], [ 112.793028442261843, -7.285506297591271 ], [ 112.793033775774461, -7.285522065265515 ], [ 112.793037647084205, -7.285531618899203 ], [ 112.793041512687509, -7.285539737208498 ], [ 112.793046368945213, -7.285555985223158 ], [ 112.79302960601575, -7.285557965466802 ], [ 112.793014284365114, -7.285560896894657 ], [ 112.792998500675495, -7.285568136194289 ], [ 112.79298223782699, -7.28557537739284 ], [ 112.792974122570783, -7.285583064744172 ], [ 112.792966973239501, -7.285592662062582 ], [ 112.792954060693262, -7.285598933082409 ], [ 112.792956019173559, -7.285609451197042 ], [ 112.792960841191089, -7.285617087267172 ], [ 112.792967077857881, -7.28561897634195 ], [ 112.792972823953406, -7.285617996667323 ], [ 112.792977174421623, -7.285627548402234 ], [ 112.792978153662176, -7.285632807459435 ], [ 112.792978189803463, -7.285641897846775 ], [ 112.792975358603329, -7.28565291339583 ], [ 112.792973481915553, -7.285662968263408 ], [ 112.792982139103287, -7.285671067579845 ], [ 112.792985502722843, -7.285673446491646 ], [ 112.792989351207382, -7.285677258828359 ], [ 112.792992728142423, -7.285682986830101 ], [ 112.792995618310343, -7.285686802965433 ], [ 112.792999934540248, -7.285687742754076 ], [ 112.793003301964447, -7.285691078548521 ], [ 112.793008614555561, -7.285701583366941 ], [ 112.793004364903211, -7.285717389028517 ], [ 112.793004872594977, -7.285724563750568 ], [ 112.793008262846271, -7.285733640842084 ], [ 112.793011634075413, -7.285737933519238 ], [ 112.793012639948202, -7.285749890756162 ], [ 112.793012677993005, -7.285759459584725 ], [ 112.793014172535734, -7.285773807129343 ], [ 112.79301275027828, -7.285777640358971 ], [ 112.793007009887731, -7.285780055358848 ], [ 112.792994070706428, -7.28577962820087 ], [ 112.792981139133929, -7.285781114808284 ], [ 112.792971093925416, -7.285785460667818 ], [ 112.792960569558161, -7.285789808426523 ], [ 112.79295102252955, -7.285798936800798 ], [ 112.792951077693019, -7.285812811602616 ], [ 112.792951110030273, -7.285820945107167 ], [ 112.792951134758795, -7.285827164845903 ], [ 112.792951174704882, -7.285837212116185 ], [ 112.792955026995358, -7.285841981335762 ], [ 112.792962703043401, -7.285844343153232 ], [ 112.792967525064483, -7.285851979222558 ], [ 112.792967627139248, -7.285867895380076 ], [ 112.792918501190826, -7.285852971123628 ], [ 112.792903254005282, -7.285856417794103 ], [ 112.792894434000445, -7.285858411581501 ], [ 112.792885067006637, -7.285859394969092 ], [ 112.792872182775582, -7.285859813656741 ], [ 112.792855906517502, -7.285860342571655 ], [ 112.792845853534473, -7.285860669254082 ], [ 112.792837266326515, -7.285860948304433 ], [ 112.792827383784385, -7.285870894710254 ], [ 112.792821994116991, -7.285876319206917 ], [ 112.792815091248045, -7.285879485251745 ], [ 112.792806997595136, -7.285883197457054 ] ] ] ] } },
{ "type": "Feature", "properties": { "id": 51, "Id": 0, "Luas": 515.88346873800003 }, "geometry": { "type": "MultiPolygon", "coordinates": [ [ [ [ 112.793979424314799, -7.286108921027346 ], [ 112.793977004668918, -7.286115277938479 ], [ 112.793974682216259, -7.286121379502744 ], [ 112.793971748016361, -7.286125550730342 ], [ 112.79395848218455, -7.28614440929592 ], [ 112.793953021468667, -7.286145617332693 ], [ 112.793946581745473, -7.28614704194846 ], [ 112.793936459921213, -7.286149281129989 ], [ 112.79392201562824, -7.28615065006549 ], [ 112.793912859936086, -7.286151517781805 ], [ 112.793904846871087, -7.286152277207265 ], [ 112.79388371440578, -7.28613992135527 ], [ 112.793875021033188, -7.286122731679733 ], [ 112.79386853441278, -7.286117109651339 ], [ 112.793863190033349, -7.28611247761609 ], [ 112.79385575572114, -7.286107043391923 ], [ 112.793838263821854, -7.286096433804071 ], [ 112.79382985451133, -7.286091333195737 ], [ 112.793821378715762, -7.286087344304959 ], [ 112.793807497196184, -7.286080947616004 ], [ 112.793794158105229, -7.286075498114359 ], [ 112.793785015741136, -7.286071763127239 ], [ 112.793774594456764, -7.286069594845482 ], [ 112.79376651422541, -7.286068618858384 ], [ 112.793768340586496, -7.286055493973171 ], [ 112.793766363052455, -7.286040191455081 ], [ 112.793759599642527, -7.286026343263245 ], [ 112.793753811678044, -7.286016797241736 ], [ 112.793742751066929, -7.286006793681423 ], [ 112.793733139350252, -7.285999655067484 ], [ 112.793727851478906, -7.285995369998768 ], [ 112.793722069224728, -7.285987259300274 ], [ 112.793713402504466, -7.285976767796622 ], [ 112.793712898606444, -7.285970549960727 ], [ 112.793719097218187, -7.285962870198412 ], [ 112.793717627391004, -7.285954742397946 ], [ 112.793715689823657, -7.285949487145087 ], [ 112.793717098753532, -7.285942304825923 ], [ 112.793718975423616, -7.285932249959192 ], [ 112.793720391965579, -7.285926981405011 ], [ 112.793722278150796, -7.285919318744453 ], [ 112.793725118846737, -7.285910695401062 ], [ 112.7937317966161, -7.285903013738603 ], [ 112.793738518698817, -7.285898727451334 ], [ 112.793746860765992, -7.285896681819438 ], [ 112.793752164106039, -7.285895381340532 ], [ 112.793760730334782, -7.285893280739727 ], [ 112.793768180092215, -7.285892424305979 ], [ 112.793774524006892, -7.285891695001244 ], [ 112.793788782211621, -7.285894175670015 ], [ 112.793796458261511, -7.285896537472006 ], [ 112.793807014971208, -7.285900323195875 ], [ 112.793813730801318, -7.285902210356887 ], [ 112.793819488314654, -7.285904101318305 ], [ 112.793829096223519, -7.285910283048215 ], [ 112.793832467460703, -7.285914575716986 ], [ 112.793836814143219, -7.285923170555978 ], [ 112.79383874409902, -7.285926512043176 ], [ 112.793842583075858, -7.285927932164275 ], [ 112.793849768548952, -7.285927425218254 ], [ 112.793854565842665, -7.285928841538589 ], [ 112.793866552415821, -7.285930707794961 ], [ 112.793875658328915, -7.285931150129541 ], [ 112.79388237606274, -7.285933515730512 ], [ 112.793893889187231, -7.285936819210058 ], [ 112.793899635281747, -7.285935839523147 ], [ 112.793905854824942, -7.285933422612215 ], [ 112.793915424670374, -7.285930035516081 ], [ 112.793920225770634, -7.285932408718057 ], [ 112.79393129589873, -7.285944804479441 ], [ 112.793942447868588, -7.285977773211071 ], [ 112.793950604981916, -7.285980611550615 ], [ 112.793953014097241, -7.285983951136637 ], [ 112.793954497251818, -7.285995428023467 ], [ 112.793950220988336, -7.286004535509845 ], [ 112.79394258680874, -7.28601269941701 ], [ 112.793941649428007, -7.286017966070871 ], [ 112.793946475272335, -7.286026559007551 ], [ 112.793951289696992, -7.286032281297112 ], [ 112.793957992206046, -7.286030819367107 ], [ 112.79396519861676, -7.286035575271764 ], [ 112.79397288418609, -7.286040329275784 ], [ 112.79397674410086, -7.286047012248229 ], [ 112.793977261326205, -7.2860565791711 ], [ 112.793975367532227, -7.286062328067086 ], [ 112.793972041972623, -7.286069517988055 ], [ 112.793966322523559, -7.286077195852624 ], [ 112.793963470412308, -7.286082948549605 ], [ 112.793966843555566, -7.286087719657885 ], [ 112.793969264091814, -7.286093929890607 ], [ 112.793969767993872, -7.286100147725304 ], [ 112.793971696048231, -7.286103010770329 ], [ 112.793979424314799, -7.286108921027346 ] ] ] ] } },
{ "type": "Feature", "properties": { "id": 52, "Id": 0, "Luas": 245.828448678 }, "geometry": { "type": "MultiPolygon", "coordinates": [ [ [ [ 112.794215772726744, -7.286203933041961 ], [ 112.794180114188208, -7.286201777941579 ], [ 112.794175523402672, -7.286204092706044 ], [ 112.794163646360204, -7.28620567085585 ], [ 112.794151373807821, -7.286204188502778 ], [ 112.794147143506194, -7.286200760452991 ], [ 112.794142141982306, -7.286196187185588 ], [ 112.79414250703509, -7.286191592630277 ], [ 112.794143258460466, -7.286187762060188 ], [ 112.794145534056312, -7.286181628890459 ], [ 112.794145514259341, -7.2861766531028 ], [ 112.794142812697103, -7.286172070711973 ], [ 112.794135896062087, -7.28616788780008 ], [ 112.794130118748015, -7.286161021056132 ], [ 112.794121647486335, -7.286151485685504 ], [ 112.794118173179527, -7.286145375323889 ], [ 112.794117748736753, -7.286135042516054 ], [ 112.794121557640281, -7.286128903264277 ], [ 112.79412422265446, -7.286124299585721 ], [ 112.794132622342957, -7.286115845570126 ], [ 112.794139114533934, -7.286109695674551 ], [ 112.794143679430888, -7.286100874111336 ], [ 112.794143639837458, -7.286090922536 ], [ 112.794146665335688, -7.286080576043386 ], [ 112.79415008025191, -7.286071759041844 ], [ 112.794157343664182, -7.286066754363826 ], [ 112.794166154088927, -7.286065188379526 ], [ 112.794174573572548, -7.286061710151149 ], [ 112.79418337181427, -7.286057082143444 ], [ 112.79419639731023, -7.286055116679466 ], [ 112.79420981526998, -7.286055446211837 ], [ 112.794230527098364, -7.286058426122471 ], [ 112.794242036038654, -7.286060677021298 ], [ 112.794257405659096, -7.286069802265228 ], [ 112.794264331430583, -7.286076281692604 ], [ 112.794271640529033, -7.286082759599173 ], [ 112.794277433072864, -7.28609345386977 ], [ 112.794278992269966, -7.286099954585917 ], [ 112.794282863611457, -7.286109508201007 ], [ 112.794284415193999, -7.286114095152785 ], [ 112.79428635162634, -7.286119063336722 ], [ 112.79429134858141, -7.286122488343795 ], [ 112.794296348582421, -7.286126678856507 ], [ 112.794299445656165, -7.28613432174838 ], [ 112.794301776076381, -7.286141967681545 ], [ 112.794299129339834, -7.286151164395106 ], [ 112.794294537032684, -7.286153096407665 ], [ 112.794291093183034, -7.286154641105266 ], [ 112.79428842055593, -7.286157331020075 ], [ 112.794284600994146, -7.286160791002665 ], [ 112.794281926844022, -7.286163098164611 ], [ 112.794278872412889, -7.286166172352937 ], [ 112.794276975577034, -7.286171155743583 ], [ 112.794274696937265, -7.286176523407796 ], [ 112.794273568278001, -7.286181886509978 ], [ 112.794268603304189, -7.286186499313134 ], [ 112.79426592610794, -7.286188040969291 ], [ 112.794258652035069, -7.286190366379124 ], [ 112.794250620445993, -7.286194991347426 ], [ 112.794247946295442, -7.286197298509243 ], [ 112.794244888818, -7.286199607191703 ], [ 112.794240673745222, -7.286200006671741 ], [ 112.794234546606802, -7.286201562013574 ], [ 112.794231487606311, -7.286203487943067 ], [ 112.794225355899002, -7.286203895026177 ], [ 112.794215772726744, -7.286203933041961 ] ] ] ] } },
{ "type": "Feature", "properties": { "id": 53, "Id": 0, "Luas": 2800.4510756599998 }, "geometry": { "type": "MultiPolygon", "coordinates": [ [ [ [ 112.794337589930137, -7.28559014419284 ], [ 112.794340350630591, -7.285584855839701 ], [ 112.794345198587337, -7.285575569171891 ], [ 112.794351234343793, -7.285551048658863 ], [ 112.794351227287123, -7.285549275077734 ], [ 112.794351121650536, -7.285522724946961 ], [ 112.794344112130787, -7.285495194111353 ], [ 112.794339772506433, -7.28549404772947 ], [ 112.794339911189624, -7.28549052819888 ], [ 112.794339897179285, -7.285487006872498 ], [ 112.79434372983269, -7.285486838565518 ], [ 112.794349555173469, -7.285486509250259 ], [ 112.7943544641861, -7.285487102191238 ], [ 112.794357218652763, -7.28548571333264 ], [ 112.794359796032026, -7.28547835413761 ], [ 112.794361782018683, -7.285476509016761 ], [ 112.794369908535018, -7.285476476779964 ], [ 112.794376504792112, -7.28547721613119 ], [ 112.794383418675068, -7.285480710086407 ], [ 112.794386342919381, -7.285483454350245 ], [ 112.794388663588336, -7.285488650665376 ], [ 112.794390216386518, -7.28549354381941 ], [ 112.794391157081051, -7.285498745608765 ], [ 112.794392389816693, -7.285500271754176 ], [ 112.794396514511121, -7.285496427802796 ], [ 112.79439864529985, -7.285492438657547 ], [ 112.794402452977337, -7.285485993203243 ], [ 112.794404738923973, -7.285482462753161 ], [ 112.794409178198336, -7.28548060790006 ], [ 112.794411640623764, -7.285482894685055 ], [ 112.794417935093264, -7.285484860061281 ], [ 112.794422698694547, -7.285487443924582 ], [ 112.79442758699517, -7.285482831425998 ], [ 112.794432020177624, -7.285479445561282 ], [ 112.794437074601262, -7.285478047578298 ], [ 112.794444885927774, -7.285475873140752 ], [ 112.794447949491683, -7.285475095469695 ], [ 112.794452091851596, -7.285475691450958 ], [ 112.794460219585872, -7.285475965414808 ], [ 112.794468190943718, -7.285475474481097 ], [ 112.794470324777578, -7.285472250841391 ], [ 112.794472467140082, -7.28547117061755 ], [ 112.794475528876276, -7.285469933642934 ], [ 112.794478280296332, -7.28546777927801 ], [ 112.794480723837026, -7.285465319927376 ], [ 112.794482559538523, -7.285464240920075 ], [ 112.794482543090353, -7.285460107189445 ], [ 112.794482526033008, -7.285455820357666 ], [ 112.794484581678489, -7.285452214269303 ], [ 112.794486560963335, -7.28544868503556 ], [ 112.794487775423306, -7.285445618146624 ], [ 112.794489615389011, -7.285445610847257 ], [ 112.794493145645106, -7.285446515463591 ], [ 112.794496520133961, -7.285446808283632 ], [ 112.794500514645861, -7.285448782782993 ], [ 112.794503131620303, -7.285451375161411 ], [ 112.794504200669266, -7.285450299195477 ], [ 112.794505871465347, -7.285446311874859 ], [ 112.794507869635098, -7.285447528776206 ], [ 112.794509877552059, -7.285451195295639 ], [ 112.794511266055139, -7.285453333236918 ], [ 112.794515411460821, -7.28545469472328 ], [ 112.794519714461401, -7.285457127309248 ], [ 112.794524327169029, -7.285460324184214 ], [ 112.794527091382051, -7.285461384942848 ], [ 112.794528633824925, -7.285463675376874 ], [ 112.794534154331359, -7.28546380657931 ], [ 112.794537071265708, -7.285464713628454 ], [ 112.794540449409908, -7.285465925054912 ], [ 112.794544586286762, -7.28546514312516 ], [ 112.794546873450443, -7.285461918876901 ], [ 112.794550698183357, -7.28545976025354 ], [ 112.794553600496513, -7.285456992875459 ], [ 112.794554665280828, -7.285454845201512 ], [ 112.794557723361279, -7.285452689619647 ], [ 112.79456109480401, -7.285452216933549 ], [ 112.794562785094499, -7.285453128848975 ], [ 112.794562026971192, -7.285455275306287 ], [ 112.794561117954274, -7.285458034776429 ], [ 112.794563579161689, -7.285460015358213 ], [ 112.794566654909474, -7.28546229970897 ], [ 112.794569732484916, -7.285465043363107 ], [ 112.794570664042993, -7.285467948634649 ], [ 112.794577580363466, -7.285472054991085 ], [ 112.794580039134104, -7.285473423168205 ], [ 112.794579713587197, -7.28546867824992 ], [ 112.794581238972029, -7.285466681852102 ], [ 112.794584290960117, -7.2854629952588 ], [ 112.794586433322152, -7.285461915034511 ], [ 112.794590264756309, -7.285461440523243 ], [ 112.79459211325117, -7.285463576639185 ], [ 112.794595187171396, -7.285465401686366 ], [ 112.794597941636823, -7.285464012826479 ], [ 112.794602224533122, -7.285461393074418 ], [ 112.794604969860046, -7.285457707697636 ], [ 112.79460757586881, -7.285457544255072 ], [ 112.794612644303569, -7.285459667596146 ], [ 112.794617396938918, -7.285459495636966 ], [ 112.794621529550739, -7.285457641998677 ], [ 112.794625499693467, -7.285453492451864 ], [ 112.79462794323311, -7.28545103310063 ], [ 112.794631157689736, -7.285449642415654 ], [ 112.79463468611813, -7.28545008772744 ], [ 112.794641149758178, -7.285456033121243 ], [ 112.794643766124025, -7.28545847239754 ], [ 112.794648212098323, -7.28545830165468 ], [ 112.794652201127462, -7.285458898242452 ], [ 112.794657581097269, -7.285462245175247 ], [ 112.794661119273812, -7.285465140104735 ], [ 112.794663895062797, -7.285469109783685 ], [ 112.794665596320058, -7.285472777518807 ], [ 112.794664074591168, -7.285475692523496 ], [ 112.79466163044242, -7.285477998773757 ], [ 112.794659341451862, -7.285480763719051 ], [ 112.794657208838046, -7.285484293561591 ], [ 112.794657828252454, -7.285485822139414 ], [ 112.794661503919087, -7.285484735831388 ], [ 112.79466441658883, -7.285484571171748 ], [ 112.794668557120914, -7.28548470784759 ], [ 112.794671014064022, -7.285485616720788 ], [ 112.794674540664914, -7.285485602728825 ], [ 112.794677143018163, -7.285484520679077 ], [ 112.794680345289564, -7.285480067971346 ], [ 112.794686319694563, -7.285478666335642 ], [ 112.794691380209358, -7.285478799361201 ], [ 112.794693375942515, -7.285479403857071 ], [ 112.794694463268897, -7.285482920924297 ], [ 112.794694325779304, -7.285486902161702 ], [ 112.794696790642917, -7.285489801349248 ], [ 112.794700482150347, -7.285492695669938 ], [ 112.794718575755454, -7.285492776984679 ], [ 112.794718720556105, -7.285490632960693 ], [ 112.794718098704394, -7.285488491978517 ], [ 112.794719159832226, -7.285485425697714 ], [ 112.79472496689327, -7.285480503344252 ], [ 112.794727411650882, -7.285478350194849 ], [ 112.794732463635697, -7.285476339804322 ], [ 112.79473660173042, -7.285475864075088 ], [ 112.794740127721823, -7.285475696981522 ], [ 112.794742582837102, -7.285476146550954 ], [ 112.794745496115937, -7.285476134991929 ], [ 112.794747791807922, -7.285475054158587 ], [ 112.794748860246898, -7.285473825091112 ], [ 112.794750846231537, -7.285471979968913 ], [ 112.794750683761833, -7.285469684060605 ], [ 112.794749450416035, -7.285468004815358 ], [ 112.7947465298259, -7.285466179161014 ], [ 112.794745890304995, -7.285459598246634 ], [ 112.794746492659783, -7.285456839993112 ], [ 112.79474724651719, -7.285453621827902 ], [ 112.794747240424385, -7.285452090816773 ], [ 112.794747079782582, -7.285450254211798 ], [ 112.794745391319722, -7.285449801600506 ], [ 112.794744168331761, -7.285450725074131 ], [ 112.794741568416057, -7.285452419528629 ], [ 112.794739572683014, -7.285451815032925 ], [ 112.794739259320053, -7.285450132137411 ], [ 112.79474017321003, -7.285448597476098 ], [ 112.79474139193303, -7.285446602294692 ], [ 112.794743988193062, -7.285443989233536 ], [ 112.794745665079589, -7.285441532923684 ], [ 112.794744280231271, -7.285440313590088 ], [ 112.79474228510756, -7.285439862195489 ], [ 112.794740746928838, -7.285438643470245 ], [ 112.794740739008247, -7.285436653155785 ], [ 112.794742575317997, -7.285435727248715 ], [ 112.794743787948221, -7.28543220105618 ], [ 112.794744226005591, -7.285426687591 ], [ 112.794745445947129, -7.285424998611851 ], [ 112.794747739201767, -7.285423305374102 ], [ 112.794750650043142, -7.285422681410683 ], [ 112.794751410602586, -7.285421147357702 ], [ 112.794750334243076, -7.285420386110736 ], [ 112.794749105162396, -7.285419778573202 ], [ 112.794747413044021, -7.285418407355225 ], [ 112.794745263980673, -7.285417803467875 ], [ 112.794745562111714, -7.285415658835581 ], [ 112.794748003822548, -7.285412740180563 ], [ 112.794744468083223, -7.285410457656265 ], [ 112.794739555416328, -7.285408946112756 ], [ 112.794740921376999, -7.285405419311874 ], [ 112.794744897610784, -7.285402800775517 ], [ 112.79474964841728, -7.285402169511769 ], [ 112.794750252599911, -7.285399870561624 ], [ 112.794750542201029, -7.28539558251373 ], [ 112.794751908770877, -7.285392208813938 ], [ 112.794752975991145, -7.285390673544252 ], [ 112.794756957098954, -7.285389279816746 ], [ 112.79476139819802, -7.285387884264077 ], [ 112.794767979830297, -7.285384949183075 ], [ 112.794772725152981, -7.285382940009129 ], [ 112.794772254803902, -7.28538033911537 ], [ 112.794768112445155, -7.285379743136895 ], [ 112.794765816144391, -7.285380670869126 ], [ 112.794762130730533, -7.285379307559971 ], [ 112.794760589505643, -7.285377323329182 ], [ 112.794758890685344, -7.285374267998967 ], [ 112.794756268836153, -7.285370450813375 ], [ 112.79475442095044, -7.285368467799281 ], [ 112.794750271280506, -7.285366034607261 ], [ 112.794746585257556, -7.285364518196829 ], [ 112.79474458769711, -7.285363454397725 ], [ 112.79474029139881, -7.285362705926233 ], [ 112.79474012953861, -7.285360563118997 ], [ 112.794741040991369, -7.285358416053252 ], [ 112.794744710563975, -7.285355798733691 ], [ 112.794746540780707, -7.285353341815552 ], [ 112.794745766208052, -7.285351354542855 ], [ 112.794744230466776, -7.285350748222014 ], [ 112.794742082622321, -7.285350450536805 ], [ 112.794738556631884, -7.285350617630144 ], [ 112.794732268256752, -7.285350183269401 ], [ 112.794732260336289, -7.285348192954921 ], [ 112.794732552984001, -7.28534467041257 ], [ 112.794732393560935, -7.285343140009775 ], [ 112.794729934790823, -7.285341771833399 ], [ 112.794727002625677, -7.285337037257555 ], [ 112.794728525572381, -7.285334428455057 ], [ 112.79473312000151, -7.285333032294433 ], [ 112.794737544040728, -7.285327349910895 ], [ 112.794743943706465, -7.285317219686442 ], [ 112.794745776969435, -7.285315528273914 ], [ 112.794748368963965, -7.285311843505113 ], [ 112.794748358606398, -7.285309240786163 ], [ 112.79474834093763, -7.285304800853874 ], [ 112.79474740084936, -7.285299752167274 ], [ 112.794745700201773, -7.28529623753356 ], [ 112.794744466856656, -7.285294558288132 ], [ 112.794743693502696, -7.285292877217669 ], [ 112.79474383525708, -7.285289967688137 ], [ 112.794747030824851, -7.28528383086813 ], [ 112.794748870180385, -7.285283670466745 ], [ 112.794750230657442, -7.285278765755932 ], [ 112.794753897792333, -7.285275536032027 ], [ 112.794757266796154, -7.28527445094037 ], [ 112.794760476986141, -7.285271988547062 ], [ 112.794761542378396, -7.285269993974085 ], [ 112.794762301719118, -7.285268153718945 ], [ 112.794763519832486, -7.285266005436485 ], [ 112.794763194893619, -7.285261413619817 ], [ 112.794761953628054, -7.285257744059989 ], [ 112.794759632347848, -7.285252394646392 ], [ 112.794758693478258, -7.285247652162024 ], [ 112.79475744429233, -7.285241992287652 ], [ 112.794756510296935, -7.285238474612179 ], [ 112.794756502985763, -7.285236637398814 ], [ 112.794756955056457, -7.28523464525929 ], [ 112.794758017402359, -7.285231885180777 ], [ 112.79475646886695, -7.285228063736445 ], [ 112.794753373624005, -7.285220880151163 ], [ 112.794752669522552, -7.285198070518583 ], [ 112.794753114282145, -7.28519424116569 ], [ 112.794754941452084, -7.285191018742105 ], [ 112.794755846812052, -7.285187340665292 ], [ 112.794758600666015, -7.285185798703854 ], [ 112.794761355129197, -7.285184409843494 ], [ 112.794765650816473, -7.285185005214108 ], [ 112.794767194477586, -7.285187601849497 ], [ 112.794773324645817, -7.285186812009749 ], [ 112.794775308192285, -7.285184354483322 ], [ 112.794776520822055, -7.285180828290891 ], [ 112.794775592310131, -7.285178688525471 ], [ 112.794774508640103, -7.28517609006505 ], [ 112.794776030367615, -7.285173175060356 ], [ 112.794780328491825, -7.28517438283528 ], [ 112.794783224099859, -7.285169931344277 ], [ 112.794783372556068, -7.285168705927017 ], [ 112.794785205209124, -7.285166861413395 ], [ 112.794786734247793, -7.285165783622022 ], [ 112.794787025676769, -7.285161954877506 ], [ 112.794786863816654, -7.285159812070324 ], [ 112.794788080711186, -7.285157357585675 ], [ 112.794791596342407, -7.285154587773413 ], [ 112.79479218955791, -7.285149533003326 ], [ 112.794791411330067, -7.285146627124033 ], [ 112.794794001495703, -7.285142483051939 ], [ 112.794797981382743, -7.285140783122364 ], [ 112.794804886731754, -7.285142133656127 ], [ 112.794806720603177, -7.285140595344673 ], [ 112.7948070126413, -7.285136919701294 ], [ 112.794806086566496, -7.285135392340385 ], [ 112.794803779300082, -7.285133564252484 ], [ 112.794799332110856, -7.28513342879382 ], [ 112.794794117051339, -7.285132990174687 ], [ 112.794788755972718, -7.285134389377211 ], [ 112.794782320363097, -7.285135486635896 ], [ 112.794777101647952, -7.285134129409878 ], [ 112.794778441815467, -7.285085590273729 ], [ 112.794776955629629, -7.285020374066392 ], [ 112.79478078279476, -7.285018827846672 ], [ 112.794784768773468, -7.285018658928586 ], [ 112.794794125577624, -7.285019540426116 ], [ 112.794797500672132, -7.285019986345771 ], [ 112.794801336366788, -7.285020583541448 ], [ 112.79480579269385, -7.285023015517023 ], [ 112.794808719373478, -7.285026372182733 ], [ 112.794811187280757, -7.285030036875689 ], [ 112.794814892188086, -7.285036299420655 ], [ 112.794817200672483, -7.285038433710845 ], [ 112.794819197012842, -7.285039191307741 ], [ 112.794821031493143, -7.285037806097427 ], [ 112.794824096271526, -7.285037334626902 ], [ 112.794826550774999, -7.285037631095373 ], [ 112.794827332049067, -7.285041302480161 ], [ 112.794827190294953, -7.285044212009564 ], [ 112.794824441316237, -7.285046978780026 ], [ 112.794823386891466, -7.285051729172952 ], [ 112.794821869429384, -7.285055715885407 ], [ 112.794822340996504, -7.285058622981388 ], [ 112.794822667763142, -7.285063674101266 ], [ 112.794822835716019, -7.285067347919507 ], [ 112.794823460004196, -7.285070101306012 ], [ 112.794825464265301, -7.285072849217263 ], [ 112.794828527216055, -7.285071918443342 ], [ 112.794831420995308, -7.28506700764893 ], [ 112.794834376373288, -7.285063126869274 ], [ 112.794836283482283, -7.285060727059862 ], [ 112.79484034013484, -7.285056644151965 ], [ 112.794844405355292, -7.285054714228326 ], [ 112.794847752791881, -7.285053026376905 ], [ 112.794853973267777, -7.285050848677532 ], [ 112.794860661476719, -7.285045798431208 ], [ 112.794865202998153, -7.285043148944841 ], [ 112.794872857137349, -7.285040008659842 ], [ 112.794875733984583, -7.285040475693716 ], [ 112.794883179961616, -7.285045230634864 ], [ 112.794886785064904, -7.285048087021628 ], [ 112.794892788810373, -7.285051651563752 ], [ 112.794899277425316, -7.285056649527388 ], [ 112.794907186375454, -7.285057335818783 ], [ 112.79491199698829, -7.285062101215956 ], [ 112.794916539461482, -7.285059690949612 ], [ 112.794923221957347, -7.285053205379667 ], [ 112.794929899692832, -7.285045523707319 ], [ 112.794937313300679, -7.285042145151493 ], [ 112.794948797840362, -7.285038271993962 ], [ 112.794954060000876, -7.285036098095895 ], [ 112.794964120397495, -7.285035579728329 ], [ 112.794969156308156, -7.28503675586725 ], [ 112.794972055052824, -7.285042724971153 ], [ 112.794973980250148, -7.285044870350173 ], [ 112.79497733339835, -7.285044617820677 ], [ 112.79497971395115, -7.285040780786827 ], [ 112.794982334082505, -7.285036942802328 ], [ 112.794987349047588, -7.285032856090882 ], [ 112.794988536467699, -7.285030219912569 ], [ 112.794987564824382, -7.285026874628708 ], [ 112.794989462411579, -7.285022082614278 ], [ 112.794990406444811, -7.28501849050477 ], [ 112.794990394067881, -7.285015380638766 ], [ 112.794991342861493, -7.285012984631567 ], [ 112.794993727222334, -7.285010104479559 ], [ 112.794997307571833, -7.285006741133333 ], [ 112.795002809310219, -7.285004566284225 ], [ 112.79500712172441, -7.285004549172446 ], [ 112.795011673717156, -7.285004531109968 ], [ 112.795014310033466, -7.285004759873181 ], [ 112.795016712483701, -7.285006424909776 ], [ 112.795020076104464, -7.285008803805077 ], [ 112.795021757914853, -7.285009993252741 ], [ 112.795026076993693, -7.285011650683951 ], [ 112.795031113856155, -7.285013066042651 ], [ 112.795033751124564, -7.285013534026197 ], [ 112.795037344803077, -7.285013519766117 ], [ 112.795039743445017, -7.28501422792077 ], [ 112.795042861774803, -7.285015172443797 ], [ 112.795045734813385, -7.285014682594787 ], [ 112.795047658106625, -7.285016349532515 ], [ 112.795050063413314, -7.285018732230279 ], [ 112.795051041721777, -7.285023752057057 ], [ 112.79504962138823, -7.285028063729301 ], [ 112.795048197246246, -7.28503141851976 ], [ 112.795050121491684, -7.285033324677926 ], [ 112.795052509660579, -7.285031401407487 ], [ 112.795054174333217, -7.285028284886808 ], [ 112.795057034042344, -7.285024445951365 ], [ 112.795059668454485, -7.285024196273357 ], [ 112.795061826565856, -7.285024666158082 ], [ 112.795067350202515, -7.285027993378556 ], [ 112.795072396586363, -7.285031800941264 ], [ 112.795076488464446, -7.285036569188428 ], [ 112.795080579390515, -7.285041098215118 ], [ 112.79508467126881, -7.285045866462184 ], [ 112.795087802928606, -7.285050160071109 ], [ 112.795089744312591, -7.285056372197119 ], [ 112.795090730238712, -7.285063305787278 ], [ 112.79508942303886, -7.28506744955367 ], [ 112.795087512122919, -7.285068892482036 ], [ 112.795086175814745, -7.285070237440489 ], [ 112.7950850315503, -7.285071677326568 ], [ 112.795085517562811, -7.285073397812364 ], [ 112.795086576659699, -7.285074637575612 ], [ 112.795088497477806, -7.285075682539924 ], [ 112.79508917362979, -7.28507701951244 ], [ 112.795089178580881, -7.285078263458777 ], [ 112.795087845319514, -7.285080373922668 ], [ 112.795085840476347, -7.285082295672203 ], [ 112.795085076490807, -7.285082968531714 ], [ 112.795084310220147, -7.285083067262169 ], [ 112.79508364092348, -7.285083452676849 ], [ 112.795083453830827, -7.285084601695581 ], [ 112.795084128078557, -7.285085460227206 ], [ 112.795084900442859, -7.285086892507637 ], [ 112.795085101627066, -7.285089283951543 ], [ 112.795082326323808, -7.285090251861541 ], [ 112.795080507811534, -7.28509083321598 ], [ 112.795079647994527, -7.285091506455773 ], [ 112.795079273428371, -7.285093708805011 ], [ 112.795080047316063, -7.285095523838186 ], [ 112.795081298837587, -7.285096954217193 ], [ 112.795081692446374, -7.285099536276889 ], [ 112.795081419805271, -7.285103269256749 ], [ 112.795081048285937, -7.285106237111443 ], [ 112.795080096445986, -7.285107867613308 ], [ 112.795077902605755, -7.28511045994066 ], [ 112.795075410607353, -7.285110374139845 ], [ 112.795073590952427, -7.285110668429732 ], [ 112.795071965626377, -7.285111631776321 ], [ 112.795070917954931, -7.285113262658468 ], [ 112.795070924429396, -7.285114889357541 ], [ 112.795071124090143, -7.285116898048758 ], [ 112.795070845736234, -7.285119195705916 ], [ 112.795069415500691, -7.285121019485548 ], [ 112.795067407610489, -7.285122175729628 ], [ 112.795065591383192, -7.285123331213121 ], [ 112.795063778964348, -7.285125443578402 ], [ 112.795065505834685, -7.285125915174251 ], [ 112.795068965668975, -7.285128389376808 ], [ 112.795070508493453, -7.285130775496783 ], [ 112.795070611941924, -7.285132688880119 ], [ 112.795071291140815, -7.285134791358079 ], [ 112.79507253885393, -7.285135264855304 ], [ 112.795075409608089, -7.285134200876856 ], [ 112.795076369445994, -7.285134579826709 ], [ 112.795077140286963, -7.285135629354427 ], [ 112.795078777800427, -7.285137728029547 ], [ 112.79507964523458, -7.285138968553325 ], [ 112.795080615355559, -7.28514193108401 ], [ 112.795081488121696, -7.285144511242301 ], [ 112.79508130521846, -7.285146712830972 ], [ 112.795079971956895, -7.285148823294925 ], [ 112.795077489098787, -7.285151034010453 ], [ 112.79507519523753, -7.28515257414817 ], [ 112.795073475984168, -7.285154016315962 ], [ 112.79507204155918, -7.285154787525651 ], [ 112.795070896913657, -7.285156131723562 ], [ 112.795070618559762, -7.285158429380751 ], [ 112.795071008740948, -7.28516015024683 ], [ 112.795071402730656, -7.28516282799474 ], [ 112.795070548245477, -7.28516484086907 ], [ 112.795069017988979, -7.285165612459039 ], [ 112.795068735826533, -7.285166953234416 ], [ 112.795068650278125, -7.285169537195539 ], [ 112.795068275331062, -7.285171643856646 ], [ 112.795067840124034, -7.285176267395731 ], [ 112.795067144239312, -7.285182011538665 ], [ 112.795066918942666, -7.28518560079613 ], [ 112.79506573247501, -7.285188476195064 ], [ 112.795064068754272, -7.285191831936311 ], [ 112.79506336144388, -7.285194705433865 ], [ 112.795065766751847, -7.285197088131243 ], [ 112.795066019660396, -7.285200436266817 ], [ 112.795064593614043, -7.28520331261649 ], [ 112.79506340714633, -7.285206188015453 ], [ 112.795059585313297, -7.285209073872197 ], [ 112.795056708465012, -7.285208606839804 ], [ 112.795055259567434, -7.285205741898667 ], [ 112.795057401493438, -7.28520214503553 ], [ 112.795055964021458, -7.285202150739774 ], [ 112.795053090981753, -7.285202640589132 ], [ 112.795051657318268, -7.28520360317519 ], [ 112.79504807125528, -7.285205531199368 ], [ 112.795045918855806, -7.285206496637488 ], [ 112.795043297772324, -7.285210095401999 ], [ 112.795042348026755, -7.285212252188883 ], [ 112.795040446631361, -7.285216087321727 ], [ 112.795038777197632, -7.285218007740252 ], [ 112.795035185421767, -7.285218500441648 ], [ 112.795032311429765, -7.285218751070471 ], [ 112.795029674160091, -7.2852182830872 ], [ 112.795027754674322, -7.285217573031407 ], [ 112.795024160994174, -7.285217587291804 ], [ 112.795022245316872, -7.285217834117778 ], [ 112.795018415866494, -7.285218806210663 ], [ 112.795016259658382, -7.285218814766862 ], [ 112.795012903652662, -7.285218349635552 ], [ 112.795011703855039, -7.285217875948071 ], [ 112.795010020139543, -7.285216208059682 ], [ 112.795008097797478, -7.285214780342391 ], [ 112.795006898951982, -7.285214545875364 ], [ 112.795004023055739, -7.285214318063074 ], [ 112.795001148111609, -7.285214329471238 ], [ 112.794998273167465, -7.285214340879381 ], [ 112.794995399175434, -7.285214591507985 ], [ 112.794992286556791, -7.285215082307691 ], [ 112.794989895530492, -7.285216287916732 ], [ 112.794983908919747, -7.285217029344907 ], [ 112.794980077565015, -7.285217522996544 ], [ 112.794974809690274, -7.285218261572629 ], [ 112.794967625186004, -7.285219007753946 ], [ 112.79496499458088, -7.285220214313526 ], [ 112.794959734322688, -7.285222866653145 ], [ 112.794957351864952, -7.285226225246188 ], [ 112.794956168252725, -7.285229818306461 ], [ 112.794959292296539, -7.285232198152507 ], [ 112.794962172001263, -7.28523338284691 ], [ 112.794962663535756, -7.285236490811578 ], [ 112.794958850270405, -7.285241529651896 ], [ 112.794957897668127, -7.285242968777303 ], [ 112.794957675226954, -7.285247275696299 ], [ 112.794955295625343, -7.285251351950808 ], [ 112.794953384708222, -7.285252794878837 ], [ 112.794949561921825, -7.285255441514482 ], [ 112.794945977761998, -7.285257847978986 ], [ 112.794939281935143, -7.285260984463366 ], [ 112.794934494169226, -7.285261960358249 ], [ 112.79492851041384, -7.285263419447274 ], [ 112.794924922445546, -7.285264869029783 ], [ 112.794921819347081, -7.285267752033789 ], [ 112.794918962491721, -7.285272308630384 ], [ 112.794917304482041, -7.285277099694249 ], [ 112.794915651232628, -7.28528308686046 ], [ 112.794914707198728, -7.285286678970069 ], [ 112.794914719575601, -7.285289788836165 ], [ 112.794914974387424, -7.28529361541301 ], [ 112.794913317329701, -7.285298645697338 ], [ 112.794912126100513, -7.28530032499384 ], [ 112.794908295696928, -7.285301057865549 ], [ 112.794906863936902, -7.285302498892184 ], [ 112.794903754173646, -7.285303707352861 ], [ 112.79490088779734, -7.28530587174478 ], [ 112.794898491057864, -7.285305642030686 ], [ 112.79489537463013, -7.285305175947998 ], [ 112.794889386113667, -7.285305438934333 ], [ 112.794886277302354, -7.285306886615357 ], [ 112.794884608819643, -7.285309046254009 ], [ 112.794880548357668, -7.285312172280874 ], [ 112.794877681029121, -7.285314097452179 ], [ 112.794875518156047, -7.285312431464519 ], [ 112.794871671567421, -7.285309097587853 ], [ 112.794867838307496, -7.285309112797809 ], [ 112.794864959554388, -7.285308167323355 ], [ 112.794861121534211, -7.285306986430891 ], [ 112.794857531661208, -7.285307957572044 ], [ 112.794854661476435, -7.285309165081788 ], [ 112.794851314990225, -7.285311092154211 ], [ 112.794848200466504, -7.285311104512171 ], [ 112.794846525319315, -7.285311589607398 ], [ 112.794844368158522, -7.285311358942391 ], [ 112.794841485597274, -7.285309456585879 ], [ 112.794840056693047, -7.285311615273832 ], [ 112.794839208299592, -7.285315159159046 ], [ 112.794839703641642, -7.285319224005967 ], [ 112.794839956548827, -7.285322572142062 ], [ 112.794840449986822, -7.285326158548005 ], [ 112.794841179195473, -7.285328787121406 ], [ 112.794842390417756, -7.285332131455068 ], [ 112.794843124386603, -7.285335956130868 ], [ 112.794844819526645, -7.285340494665627 ], [ 112.794845797834498, -7.285345514493187 ], [ 112.79484389929307, -7.285350067287192 ], [ 112.794843670186694, -7.285352699663065 ], [ 112.794842963826881, -7.285355812381101 ], [ 112.794841536826652, -7.28535844951004 ], [ 112.794840110778424, -7.285361325859442 ], [ 112.794837724511012, -7.285363727570355 ], [ 112.794836299414797, -7.285366843140217 ], [ 112.794836314647384, -7.285370670667873 ], [ 112.794835372516872, -7.28537474121846 ], [ 112.794832517564203, -7.285379776255827 ], [ 112.794828701440196, -7.285384097434231 ], [ 112.794825589772003, -7.285384827453576 ], [ 112.794822477151783, -7.285385318252438 ], [ 112.794820323798731, -7.285386044469358 ], [ 112.794819858921599, -7.285389634677745 ], [ 112.794822262325795, -7.285391538935532 ], [ 112.794825874096375, -7.285396069865482 ], [ 112.794828770938778, -7.285401560529172 ], [ 112.794831178151213, -7.285404421668785 ], [ 112.794835980199693, -7.285407034081721 ], [ 112.794839592922585, -7.285411804231988 ], [ 112.794838408357165, -7.285415158071774 ], [ 112.79483292470178, -7.285421878109336 ], [ 112.794829602967766, -7.285430024914234 ], [ 112.794826516052325, -7.285436974666119 ], [ 112.794828216905088, -7.285442948523743 ], [ 112.794830873217094, -7.285448200917485 ], [ 112.794835435687276, -7.285450814280929 ], [ 112.794838558780427, -7.285452954907121 ], [ 112.794839303222247, -7.2854594110081 ], [ 112.794837633786813, -7.285461331426279 ], [ 112.794836690704273, -7.285465162756401 ], [ 112.794837175574244, -7.285466596178032 ], [ 112.794838376324563, -7.285467309086319 ], [ 112.79484149275352, -7.285467775169124 ], [ 112.794844845905118, -7.285467522639858 ], [ 112.794851793691251, -7.285467495071543 ], [ 112.794858021788826, -7.285467231134543 ], [ 112.794861377796579, -7.285467696266566 ], [ 112.79486305960873, -7.28546888571448 ], [ 112.79486426321526, -7.285470316284108 ], [ 112.794865466821818, -7.285471746853748 ], [ 112.794867156250533, -7.285474850065412 ], [ 112.794870536060031, -7.285481295709142 ], [ 112.794872945177403, -7.285484635289301 ], [ 112.7948748722809, -7.285487259109302 ], [ 112.794877520977153, -7.285490597738771 ], [ 112.794879690515785, -7.285493938269499 ], [ 112.794882571174355, -7.2854953621845 ], [ 112.794889277477793, -7.285494857125219 ], [ 112.794891903324228, -7.285492454463268 ], [ 112.794894767797402, -7.285489811630234 ], [ 112.794896680619772, -7.285488847143079 ], [ 112.79490051388116, -7.285488831932506 ], [ 112.794902419086824, -7.285485953681602 ], [ 112.794905041124778, -7.285482594137731 ], [ 112.794908148984973, -7.285480907235836 ], [ 112.794912463308123, -7.285481368564784 ], [ 112.794917970764956, -7.28548062903802 ], [ 112.794921555878545, -7.285478461793756 ], [ 112.794927051910122, -7.285474851621291 ], [ 112.794937583857404, -7.2854724175869 ], [ 112.794945245619218, -7.285471191062777 ], [ 112.794950276774458, -7.285471171098399 ], [ 112.794953396059697, -7.28547235484178 ], [ 112.794954842101617, -7.285474502121792 ], [ 112.794958693452955, -7.285479032099505 ], [ 112.794965624100712, -7.285474698561113 ], [ 112.794970883409334, -7.28547180700032 ], [ 112.794975183450461, -7.285468680021784 ], [ 112.794981875471137, -7.285464586654388 ], [ 112.794986909482617, -7.285465284350995 ], [ 112.794991221901256, -7.285465267238291 ], [ 112.794994566483282, -7.285462861723832 ], [ 112.795000534054438, -7.285457335885598 ], [ 112.795008922169089, -7.285458020272009 ], [ 112.795015640849229, -7.285460625076922 ], [ 112.795020202368022, -7.285462999217751 ], [ 112.795028302226441, -7.285463493368247 ], [ 112.79502983248392, -7.285462721778159 ], [ 112.79503479896519, -7.285458491723078 ], [ 112.795040541239203, -7.285456555141937 ], [ 112.795043230615562, -7.285458075504611 ], [ 112.795048624602956, -7.285464943757078 ], [ 112.795052867088799, -7.285471433820288 ], [ 112.795053277837241, -7.285478321848004 ], [ 112.795051784142942, -7.28548827950338 ], [ 112.795052964590624, -7.285495929994178 ], [ 112.79505412980366, -7.285499752957767 ], [ 112.795056838985502, -7.285506249105581 ], [ 112.795062226879892, -7.285511586346836 ], [ 112.79506302552528, -7.285519621111409 ], [ 112.795062666574836, -7.285525746676049 ], [ 112.795064604534303, -7.285531097608015 ], [ 112.795065013759753, -7.28553760288295 ], [ 112.795065447361026, -7.285550232201295 ], [ 112.795060118882006, -7.285559822316079 ], [ 112.795051717699465, -7.285567893589607 ], [ 112.795044069457674, -7.285572517046244 ], [ 112.795031828918795, -7.285579072520646 ], [ 112.795024177629642, -7.285582930471572 ], [ 112.795018823250587, -7.285586013789888 ], [ 112.795012332603946, -7.285592546446207 ], [ 112.795005069210887, -7.285597551133915 ], [ 112.795000089017037, -7.285598336414545 ], [ 112.794992807342453, -7.285598748069359 ], [ 112.794985907470604, -7.285598775450188 ], [ 112.794975945559258, -7.285599963258296 ], [ 112.794968666931368, -7.28560114041819 ], [ 112.79496599278832, -7.285603447582575 ], [ 112.794960258129095, -7.285607297926987 ], [ 112.794960271839827, -7.285610742701586 ], [ 112.794960288597395, -7.285614952981661 ], [ 112.794956481233058, -7.28562147498951 ], [ 112.79494960116503, -7.285626478155437 ], [ 112.794946928545144, -7.285629168072489 ], [ 112.794945025624557, -7.285632620452747 ], [ 112.794942730237253, -7.285633777837726 ], [ 112.794937754612945, -7.285635711376007 ], [ 112.794930103321747, -7.285639569325761 ], [ 112.79492589739661, -7.285642265327214 ], [ 112.794920555203092, -7.285648410666618 ], [ 112.794919035608501, -7.285651861525742 ], [ 112.794918664469336, -7.285654925068791 ], [ 112.794918682749994, -7.285659518101707 ], [ 112.794918697983888, -7.285663345629122 ], [ 112.794919479870387, -7.285667170114318 ], [ 112.794920642036374, -7.285670227572914 ], [ 112.794921042120023, -7.28567443633196 ], [ 112.794919527095573, -7.285679035449321 ], [ 112.794916089346017, -7.285682111161282 ], [ 112.794911881897022, -7.285684424409953 ], [ 112.794907677494777, -7.285687503164095 ], [ 112.794901944357349, -7.285691736260849 ], [ 112.794896215789962, -7.285697117615815 ], [ 112.79489354621613, -7.285700573038191 ], [ 112.794889343336948, -7.285704034544994 ], [ 112.794883585825232, -7.285702143597605 ], [ 112.794881256923347, -7.285694880421905 ], [ 112.794879328104841, -7.285691826005325 ], [ 112.794873944779468, -7.285687637020197 ], [ 112.79486665700945, -7.285686517662359 ], [ 112.794858998099869, -7.285688461847488 ], [ 112.794849793698191, -7.28568735009471 ], [ 112.794844006273976, -7.285685969610506 ], [ 112.794843133507285, -7.285683389451736 ], [ 112.794843698214294, -7.285680803589044 ], [ 112.794844827628253, -7.28567563186368 ], [ 112.794842808310136, -7.285673917461767 ], [ 112.79483935837338, -7.285673931151193 ], [ 112.794836483426053, -7.285673942559026 ], [ 112.794834756172676, -7.285673375274597 ], [ 112.794831578878259, -7.285669655983747 ], [ 112.794830712966601, -7.285668798212382 ], [ 112.794831271961243, -7.285664777026835 ], [ 112.794832701437471, -7.285662761870966 ], [ 112.794833833136579, -7.285658164274725 ], [ 112.794833815999269, -7.285653858306176 ], [ 112.794833229584953, -7.285650989942019 ], [ 112.79482918866411, -7.285646987008876 ], [ 112.794825731872635, -7.285645278310721 ], [ 112.794822853498033, -7.285644428524686 ], [ 112.79481911378177, -7.285643869225523 ], [ 112.794817097891325, -7.285643016017197 ], [ 112.79481623083727, -7.285641871181184 ], [ 112.794813914884941, -7.285637861403277 ], [ 112.794807874068553, -7.285637024165519 ], [ 112.794804421847047, -7.285636463725462 ], [ 112.794802688881518, -7.285634461117962 ], [ 112.79479894231055, -7.285632179431158 ], [ 112.794795193454718, -7.285629323615125 ], [ 112.79479087874914, -7.285628766597193 ], [ 112.794787730016751, -7.28563222392035 ], [ 112.794785442626036, -7.285635390756644 ], [ 112.794782013253567, -7.285640571607995 ], [ 112.794778579311199, -7.285644604200972 ], [ 112.794774280599739, -7.285648066087048 ], [ 112.794771413649599, -7.285650086946491 ], [ 112.794768260347155, -7.285652396011231 ], [ 112.794765096762688, -7.285652121494742 ], [ 112.794762795662393, -7.285651843556017 ], [ 112.794759625223278, -7.285649846651983 ], [ 112.794756743421374, -7.28564813567178 ], [ 112.794755300235551, -7.285646706052486 ], [ 112.794752415006357, -7.285644133878489 ], [ 112.794750971820562, -7.285642704259222 ], [ 112.794746678820985, -7.285647601467975 ], [ 112.794743532372962, -7.285651632920084 ], [ 112.794740076724011, -7.28565021128578 ], [ 112.794733193986758, -7.285654544631735 ], [ 112.794723422592924, -7.285655444609652 ], [ 112.794716227227553, -7.285653463675181 ], [ 112.794711340959395, -7.285653770131697 ], [ 112.794708759218793, -7.285655215720911 ], [ 112.794706463830479, -7.285656373104865 ], [ 112.794703883232231, -7.285658105758688 ], [ 112.794699866302651, -7.285660131180552 ], [ 112.794696420935296, -7.285661293127226 ], [ 112.794690967674271, -7.285663611317066 ], [ 112.794686950744548, -7.285665636738839 ], [ 112.794685514413189, -7.285665929506854 ], [ 112.794683788302265, -7.285665649286378 ], [ 112.794680619005675, -7.285663939446313 ], [ 112.794680044016161, -7.285663941727678 ], [ 112.79467860996958, -7.285664808624873 ], [ 112.794676610072599, -7.285667974320174 ], [ 112.79467488281928, -7.285667407035063 ], [ 112.794672278230692, -7.285663111332231 ], [ 112.794671987308789, -7.285662251279097 ], [ 112.794664223808113, -7.285661995012699 ], [ 112.794659621607323, -7.285661439134235 ], [ 112.794656753514047, -7.285663172928494 ], [ 112.794653885420743, -7.285664906722737 ], [ 112.794651016185057, -7.285666353452362 ], [ 112.794647269614245, -7.28566407176418 ], [ 112.79462656884931, -7.285663866826678 ], [ 112.794626583699952, -7.285667598666516 ], [ 112.794624589514314, -7.285672199684701 ], [ 112.794621731701994, -7.285676517060214 ], [ 112.794617722768194, -7.285680551933708 ], [ 112.794619743228083, -7.285682553401421 ], [ 112.794628092000082, -7.285685390968624 ], [ 112.794634711234025, -7.285687087121204 ], [ 112.794639331713029, -7.285692236033475 ], [ 112.794639642055188, -7.285697976184824 ], [ 112.794638797848776, -7.285702572640417 ], [ 112.794633945850904, -7.285711491034268 ], [ 112.794629082429182, -7.285717538782102 ], [ 112.794620767927384, -7.285723313153151 ], [ 112.794615046590394, -7.285730512581264 ], [ 112.794610466093616, -7.285735410929935 ], [ 112.79460559695957, -7.285740023354603 ], [ 112.794603312994028, -7.285744051384246 ], [ 112.794603911973113, -7.285750077459679 ], [ 112.794602493919058, -7.285754963261199 ], [ 112.794595896388756, -7.285758721335897 ], [ 112.794589010221102, -7.285762193486553 ], [ 112.794582979683781, -7.285763939827577 ], [ 112.794580677440436, -7.285763374823454 ], [ 112.79457377299515, -7.285762253940159 ], [ 112.794570896904517, -7.285761978281825 ], [ 112.794563990174566, -7.285760283269163 ], [ 112.794557377793438, -7.285760309503438 ], [ 112.794550761985334, -7.285759474543787 ], [ 112.794544423391173, -7.285756054861888 ], [ 112.794536374678188, -7.285756373863495 ], [ 112.794532644099249, -7.285758111079033 ], [ 112.794528623740788, -7.285759275305931 ], [ 112.794524299895187, -7.285756421768725 ], [ 112.794521129455873, -7.285754424862948 ], [ 112.794519411340687, -7.285756154094239 ], [ 112.794518548856175, -7.285756157516019 ], [ 112.794511944471054, -7.285758193201938 ], [ 112.79450590707944, -7.285758217154274 ], [ 112.794499568485492, -7.285754797471659 ], [ 112.794490628730685, -7.285747943278626 ], [ 112.794484862842083, -7.285743947185326 ], [ 112.794485418413018, -7.285739064805582 ], [ 112.794487985305423, -7.285733887377203 ], [ 112.79448997378131, -7.285727851036103 ], [ 112.794490519071687, -7.28572038507477 ], [ 112.794491021484276, -7.285716593768699 ], [ 112.794490996354142, -7.285710278346978 ], [ 112.794485803171156, -7.285705705843204 ], [ 112.794474873799359, -7.285704600925989 ], [ 112.794470853441069, -7.285705765152315 ], [ 112.794459935491773, -7.285707530881041 ], [ 112.794448440268198, -7.285708724761334 ], [ 112.794432915548057, -7.285708786350295 ], [ 112.794426004250042, -7.285705943076684 ], [ 112.794421963331331, -7.285701940139147 ], [ 112.794419058685165, -7.285694487863862 ], [ 112.794409858851168, -7.285694524360421 ], [ 112.794402381701573, -7.285693979884445 ], [ 112.794400640741657, -7.28568996782256 ], [ 112.794398327076578, -7.285686532170965 ], [ 112.794392002190733, -7.285686557262053 ], [ 112.794388543115332, -7.285684274430948 ], [ 112.794386795302344, -7.285678539981115 ], [ 112.794384467930968, -7.285671659553724 ], [ 112.794382142844114, -7.285665353255552 ], [ 112.79437579739897, -7.285660211182788 ], [ 112.794368867826847, -7.28565277487369 ], [ 112.794361360981028, -7.285644766716092 ], [ 112.794365351642455, -7.285636138810101 ], [ 112.794358962795116, -7.285620088280378 ], [ 112.794355474023817, -7.285610341768067 ], [ 112.794350862685789, -7.285607489369018 ], [ 112.794345674073966, -7.285604065121583 ], [ 112.794337601377222, -7.285598355761381 ], [ 112.794337589930137, -7.28559014419284 ] ] ] ] } },
{ "type": "Feature", "properties": { "id": 56, "Id": 0, "Luas": 2092.1590135800002 }, "geometry": { "type": "MultiPolygon", "coordinates": [ [ [ [ 112.793465265573971, -7.284293653986654 ], [ 112.793461812726932, -7.284279691569803 ], [ 112.793453984794169, -7.284248037436939 ], [ 112.79344072402175, -7.284194414291878 ], [ 112.7934208405417, -7.284109797061586 ], [ 112.793381918528311, -7.283942586133587 ], [ 112.793352242238782, -7.28381509516797 ], [ 112.793333315404126, -7.283733784389461 ], [ 112.793340368798553, -7.283733951867537 ], [ 112.79335067065729, -7.283733911034258 ], [ 112.793365745057329, -7.283729066794547 ], [ 112.793374578062739, -7.283721137375777 ], [ 112.793381285298452, -7.283720871565565 ], [ 112.793396395837604, -7.28372511771105 ], [ 112.793388123692679, -7.283693333647399 ], [ 112.793384804253989, -7.283679404803475 ], [ 112.793393045117398, -7.283669573505088 ], [ 112.793402555534044, -7.283666976106384 ], [ 112.79340686679798, -7.283666671948152 ], [ 112.793410026945935, -7.283666085283322 ], [ 112.793412026847719, -7.283662919593334 ], [ 112.793413444914549, -7.283658033793595 ], [ 112.793416873154527, -7.283652565887246 ], [ 112.793417718516523, -7.28364825649621 ], [ 112.793418847948331, -7.283643084771231 ], [ 112.79342717499307, -7.283640468140406 ], [ 112.793431489680543, -7.283641025176439 ], [ 112.793433504418687, -7.28364159132907 ], [ 112.793435526004544, -7.283643879870535 ], [ 112.793443582674726, -7.283645570351226 ], [ 112.7934476132924, -7.283646989721157 ], [ 112.793451343862245, -7.283645252517642 ], [ 112.793451615377862, -7.283641232470655 ], [ 112.793454767536474, -7.28363863635189 ], [ 112.793457354979353, -7.28363862609559 ], [ 112.793458493541053, -7.283635750889109 ], [ 112.793456169624733, -7.283629731644733 ], [ 112.793455016226275, -7.283628875008648 ], [ 112.79345386168653, -7.283627731307726 ], [ 112.793451262830843, -7.283624870915853 ], [ 112.793451254841827, -7.283622861462151 ], [ 112.793451244570264, -7.28362027787882 ], [ 112.793453826306632, -7.283618832298493 ], [ 112.793453228493632, -7.283613093281365 ], [ 112.79345236030629, -7.283611661376067 ], [ 112.793449477380932, -7.283609663318177 ], [ 112.793448023934815, -7.283605650108657 ], [ 112.793448873861635, -7.283602488976925 ], [ 112.793449146518611, -7.283598755994787 ], [ 112.793450855502456, -7.283594730249923 ], [ 112.793453146321198, -7.283592424614759 ], [ 112.793456871184205, -7.283589252087222 ], [ 112.793460021059914, -7.283586081838902 ], [ 112.793461736891359, -7.283583778482902 ], [ 112.793464893614683, -7.283582330623386 ], [ 112.793467482198537, -7.283582607431912 ], [ 112.793469783288757, -7.283582885380011 ], [ 112.793474382045332, -7.283582580081766 ], [ 112.793476672863889, -7.283580274446546 ], [ 112.793476952368451, -7.283578263853276 ], [ 112.793477225025214, -7.283574530871162 ], [ 112.793479515843714, -7.283572225235941 ], [ 112.793481526016379, -7.283571643129129 ], [ 112.793484113458845, -7.283571632872774 ], [ 112.793489586109089, -7.283574194803728 ], [ 112.793490740648721, -7.283575338504559 ], [ 112.793495625757458, -7.283574745001704 ], [ 112.793498213199911, -7.283574734745264 ], [ 112.793500807490233, -7.283576446877642 ], [ 112.793502543864975, -7.283579310688071 ], [ 112.793504855226985, -7.28358217221923 ], [ 112.793506597308365, -7.283586471353652 ], [ 112.793508035917753, -7.283586752720383 ], [ 112.793513209661455, -7.283586445142511 ], [ 112.793516085738887, -7.283586720811128 ], [ 112.793517815265844, -7.283587862232658 ], [ 112.793518683453314, -7.283589294137823 ], [ 112.793519270995091, -7.283592449571424 ], [ 112.793519585880489, -7.283599337987078 ], [ 112.793521615455731, -7.283603635981759 ], [ 112.79352681088487, -7.28360878263495 ], [ 112.793531141550588, -7.283613358577326 ], [ 112.793532317775799, -7.283619956509221 ], [ 112.793532041695542, -7.283622828296881 ], [ 112.793532344026559, -7.28362655899966 ], [ 112.793529794247974, -7.283636042394828 ], [ 112.793528073851476, -7.283637197491844 ], [ 112.793526930724909, -7.283638924439169 ], [ 112.793526077374665, -7.283641224376516 ], [ 112.793526084222691, -7.283642946765307 ], [ 112.793528392161235, -7.283644947101847 ], [ 112.793530126253813, -7.283647236782438 ], [ 112.793532436475061, -7.283649811248544 ], [ 112.793532737664833, -7.283653254886543 ], [ 112.793535323966324, -7.283652957564971 ], [ 112.793539624957646, -7.283650069822339 ], [ 112.793545937263048, -7.283646887037331 ], [ 112.793547924608845, -7.283640563634226 ], [ 112.793553367585019, -7.283635661879333 ], [ 112.793557948080178, -7.283630763543358 ], [ 112.793565692146487, -7.283626139735905 ], [ 112.793569709067739, -7.283624114327159 ], [ 112.793577177053834, -7.283622362307196 ], [ 112.793583785983088, -7.283621474900509 ], [ 112.79359068925416, -7.283622308742826 ], [ 112.793595002799847, -7.28362257871253 ], [ 112.793601632273848, -7.283626858471824 ], [ 112.793606249292623, -7.283631146208775 ], [ 112.793610284475861, -7.283633713836299 ], [ 112.793612599262943, -7.283637436561056 ], [ 112.79361434248699, -7.283642022759543 ], [ 112.793614347052554, -7.283643171018676 ], [ 112.793614663081016, -7.283650346498715 ], [ 112.793614680201927, -7.283654652470532 ], [ 112.793614124618358, -7.28365953485131 ], [ 112.793613288389508, -7.283666140760521 ], [ 112.79361158283136, -7.283671027700073 ], [ 112.793611027247778, -7.283675910080839 ], [ 112.793611325013984, -7.283678492524274 ], [ 112.793613064814082, -7.283682217528336 ], [ 112.793615370470334, -7.283683643734713 ], [ 112.793620249872689, -7.283681614906344 ], [ 112.793623682675502, -7.283677295258126 ], [ 112.793625387092135, -7.283672121253729 ], [ 112.793627963120898, -7.283669240348575 ], [ 112.793629394882103, -7.283667799326143 ], [ 112.79363313229949, -7.283667784509986 ], [ 112.793637448128379, -7.283668628608738 ], [ 112.793640328771886, -7.283670052535566 ], [ 112.793643788968367, -7.283672622442077 ], [ 112.79364897869246, -7.283676333769379 ], [ 112.793652440030442, -7.283679190740568 ], [ 112.793654175265146, -7.283681767485283 ], [ 112.793657942359701, -7.283689216353158 ], [ 112.793661124194202, -7.283694083917483 ], [ 112.793653404098222, -7.283704736086971 ], [ 112.793648226929392, -7.283704182472383 ], [ 112.79364333953707, -7.283704201847613 ], [ 112.793635594329302, -7.283708538591687 ], [ 112.793635622864727, -7.283715715211327 ], [ 112.793635934328179, -7.283721742432032 ], [ 112.79363625492303, -7.283730066171065 ], [ 112.793631963063291, -7.283735250432946 ], [ 112.793630537009008, -7.283738126779355 ], [ 112.79362796097999, -7.283741007684625 ], [ 112.79362309299124, -7.283745907161068 ], [ 112.793618218153938, -7.283749084248821 ], [ 112.79361162406137, -7.283753703498679 ], [ 112.793607024162114, -7.283753721733942 ], [ 112.793602413990243, -7.283751156386058 ], [ 112.793600674189804, -7.283747431381977 ], [ 112.793599802577504, -7.28374513828276 ], [ 112.793595776524313, -7.283744867173716 ], [ 112.793589163027846, -7.283744606321828 ], [ 112.793589461935454, -7.283747475830039 ], [ 112.793592924415222, -7.283750619866451 ], [ 112.793598117564301, -7.283755192388583 ], [ 112.793599568729647, -7.283758631467543 ], [ 112.793599583567854, -7.283762363309814 ], [ 112.793599312053772, -7.283766383356567 ], [ 112.793598183765582, -7.283771842146334 ], [ 112.793598202028022, -7.283776435182948 ], [ 112.793597939645167, -7.283782751748008 ], [ 112.793596513590586, -7.28378562809445 ], [ 112.793593367139252, -7.283789659538194 ], [ 112.793588201383301, -7.283791976571089 ], [ 112.793583624311566, -7.283797736102001 ], [ 112.793576443816505, -7.283799486983089 ], [ 112.793574152997749, -7.283801792618941 ], [ 112.793572157662439, -7.283806106568648 ], [ 112.793571302029562, -7.283807832376484 ], [ 112.793567289672424, -7.283811006044797 ], [ 112.793565282923126, -7.283812449346605 ], [ 112.79356443299713, -7.283815610478394 ], [ 112.793565018257169, -7.28381819178217 ], [ 112.793564741035894, -7.283820776504982 ], [ 112.793562734286567, -7.283822219806722 ], [ 112.793558431011334, -7.28382453342038 ], [ 112.793553833393986, -7.283825125784868 ], [ 112.793551249374303, -7.283825997236342 ], [ 112.793550110813086, -7.283828872443038 ], [ 112.793548980241511, -7.283833757103278 ], [ 112.793548428081607, -7.283839500678527 ], [ 112.793547299792792, -7.2838449594684 ], [ 112.793544444258558, -7.283849850966719 ], [ 112.793541586441478, -7.283854168335441 ], [ 112.793537867284414, -7.283858776187987 ], [ 112.793535865100324, -7.283861367748905 ], [ 112.793534157258264, -7.283865680558881 ], [ 112.793532156215534, -7.283868559184603 ], [ 112.793526697257661, -7.283869442032739 ], [ 112.79352439844871, -7.28386973821488 ], [ 112.793518363361827, -7.283870336277503 ], [ 112.793516061128756, -7.283869771265181 ], [ 112.793513755471594, -7.283868345058497 ], [ 112.793508296513636, -7.283869227906419 ], [ 112.793505713634929, -7.283870386422557 ], [ 112.793503713733301, -7.283873552112976 ], [ 112.793504035467919, -7.283882162917397 ], [ 112.793508363854016, -7.283886164729755 ], [ 112.793511549113177, -7.283891893489509 ], [ 112.793512723057106, -7.283897917291652 ], [ 112.793513312882524, -7.28390164685475 ], [ 112.79351303223693, -7.283903370383235 ], [ 112.793512474369848, -7.28390767863458 ], [ 112.793511338090994, -7.283911127970832 ], [ 112.793511786642526, -7.283915480077484 ], [ 112.793514191935813, -7.283917862786915 ], [ 112.793519955128289, -7.283921189082818 ], [ 112.793521890776759, -7.283925965898312 ], [ 112.793526206988759, -7.283926905685845 ], [ 112.793528108395861, -7.28392307055733 ], [ 112.793533358190558, -7.283917786808571 ], [ 112.793538142144953, -7.283915854048557 ], [ 112.79354437117766, -7.28391582935536 ], [ 112.793549655213909, -7.283919157550319 ], [ 112.793555908976941, -7.283925352594146 ], [ 112.793561014667205, -7.283932030638018 ], [ 112.793565619134, -7.283933160661908 ], [ 112.793567344857905, -7.283933345200219 ], [ 112.793570605404057, -7.283933906413163 ], [ 112.793573674287671, -7.283934468385856 ], [ 112.793575009077031, -7.283932740678452 ], [ 112.79357596054129, -7.28393101449066 ], [ 112.793579596042136, -7.283929469042118 ], [ 112.793581124776836, -7.283928314704492 ], [ 112.793583998193142, -7.283927920554295 ], [ 112.79358398677897, -7.283925049906407 ], [ 112.793584354885141, -7.283921220856248 ], [ 112.793585873727523, -7.283917578623757 ], [ 112.793589131229766, -7.283917374330477 ], [ 112.793591814505334, -7.283917363693113 ], [ 112.793592382644405, -7.28391563902495 ], [ 112.793594856755632, -7.283911227487309 ], [ 112.793598676309259, -7.28390776751358 ], [ 112.79360248673143, -7.283902011021527 ], [ 112.793604598824061, -7.283902959546198 ], [ 112.793609579006073, -7.283902174284846 ], [ 112.793613412256704, -7.283902159088467 ], [ 112.793617433365085, -7.283901186249614 ], [ 112.793630006225456, -7.283913939697036 ], [ 112.793631606146022, -7.283911407144393 ], [ 112.793633898791143, -7.283909560811869 ], [ 112.793636770076489, -7.283908630807083 ], [ 112.793638839118685, -7.283908392949077 ], [ 112.793641139069038, -7.283908383831096 ], [ 112.793645163525611, -7.283908253048728 ], [ 112.793650221590099, -7.283907773685421 ], [ 112.793652172438655, -7.283906732501902 ], [ 112.793654121917427, -7.283905346840637 ], [ 112.793657452736156, -7.283904300186252 ], [ 112.793659064984325, -7.283904867933158 ], [ 112.793661484498031, -7.283906006618247 ], [ 112.793663788557637, -7.28390703093339 ], [ 112.793664943555257, -7.283908289459319 ], [ 112.793665871297378, -7.283910237852576 ], [ 112.793666686781492, -7.283912875657196 ], [ 112.793668991754345, -7.283914129624093 ], [ 112.793670483525972, -7.283913319915891 ], [ 112.793670587108778, -7.283910448812248 ], [ 112.793669544825718, -7.283908615700851 ], [ 112.793668850274727, -7.283907470177171 ], [ 112.793668727971806, -7.283905633418515 ], [ 112.793669873837672, -7.283904595426259 ], [ 112.793671940140271, -7.283903668612634 ], [ 112.793671813271459, -7.2839006835949 ], [ 112.793671454124677, -7.283897125359394 ], [ 112.793673050392243, -7.283893674199405 ], [ 112.79367534532004, -7.283892401996245 ], [ 112.79367649894786, -7.283893316044458 ], [ 112.793677776248416, -7.283896411329048 ], [ 112.793679280804483, -7.283898816746327 ], [ 112.793681815772274, -7.283900069801335 ], [ 112.793684682491474, -7.283897991537242 ], [ 112.79368672961715, -7.283892242035369 ], [ 112.793687183671494, -7.283890747474891 ], [ 112.793688779025715, -7.283887066663082 ], [ 112.793689578529182, -7.283885685560809 ], [ 112.793690148037669, -7.283884305370338 ], [ 112.793691974756641, -7.283880968124409 ], [ 112.793692992840306, -7.283876715462561 ], [ 112.793693902775345, -7.283874185645271 ], [ 112.793695722188787, -7.283869011184807 ], [ 112.793695597146268, -7.283866485470716 ], [ 112.793696277086269, -7.283863956565254 ], [ 112.793697419299264, -7.283861999965673 ], [ 112.793698099239236, -7.283859471060256 ], [ 112.793698322841962, -7.283857862585695 ], [ 112.793699905411444, -7.283850966648411 ], [ 112.793700015386435, -7.283849703107511 ], [ 112.793701621242121, -7.283848663291581 ], [ 112.793703686631176, -7.283847506826063 ], [ 112.793704716586163, -7.28384623963787 ], [ 112.793706203791544, -7.283844281670603 ], [ 112.793707001925142, -7.283842556090582 ], [ 112.793712858578814, -7.283840465972688 ], [ 112.793715725297503, -7.283838387708501 ], [ 112.793716983421049, -7.283836660304834 ], [ 112.7937172061105, -7.28383482217849 ], [ 112.793718346496959, -7.283832406275281 ], [ 112.79371891783164, -7.283831485388409 ], [ 112.793722375975207, -7.283833538577335 ], [ 112.793723287279832, -7.283831353237776 ], [ 112.793724884460019, -7.283828131729535 ], [ 112.793726601660268, -7.283826172850387 ], [ 112.793729015237815, -7.283825818798401 ], [ 112.793731426532361, -7.283824890616923 ], [ 112.793733948714987, -7.28382292854632 ], [ 112.793735667284963, -7.283821314144859 ], [ 112.793737734500198, -7.283820616982898 ], [ 112.793739917626112, -7.283820149016816 ], [ 112.793741399808667, -7.283816927964505 ], [ 112.793744151072971, -7.283814735330209 ], [ 112.79374633237245, -7.283813808060457 ], [ 112.793749205026643, -7.283813222532934 ], [ 112.793752998117299, -7.283812748183891 ], [ 112.793754836707294, -7.283812396411451 ], [ 112.793756447585309, -7.283812619680339 ], [ 112.793759093440741, -7.283812838845932 ], [ 112.793761395673485, -7.283813403856981 ], [ 112.793764387891173, -7.283813966132459 ], [ 112.793767608734001, -7.283814183018373 ], [ 112.793769911423396, -7.283814862855296 ], [ 112.793773480911554, -7.283815996980576 ], [ 112.793775203134203, -7.283815301186279 ], [ 112.793776579451162, -7.283814377107906 ], [ 112.793779566189528, -7.28381356147244 ], [ 112.793781637514115, -7.283813897743419 ], [ 112.793783482496593, -7.283815153533484 ], [ 112.793784865206121, -7.283815837017777 ], [ 112.793786817880303, -7.283815255137444 ], [ 112.793788651447514, -7.283813640279872 ], [ 112.793789453690223, -7.283812948132955 ], [ 112.793792433579341, -7.283810410108883 ], [ 112.793794965807066, -7.283810974207894 ], [ 112.793797731226036, -7.283812341176317 ], [ 112.793798884397191, -7.283813140398324 ], [ 112.793803496625216, -7.283816222460337 ], [ 112.793808684297304, -7.283819417068498 ], [ 112.793812028813363, -7.283821815190263 ], [ 112.793816872406367, -7.283825240817927 ], [ 112.79381987193004, -7.283827640307426 ], [ 112.793821723762008, -7.283830618485826 ], [ 112.793824264665645, -7.283833364276774 ], [ 112.793827376447183, -7.283835074354857 ], [ 112.793828634829495, -7.283838231912156 ], [ 112.793830177261825, -7.283840522350925 ], [ 112.793833238534248, -7.283839170556903 ], [ 112.793837071783855, -7.283839155358758 ], [ 112.793838212626227, -7.283836854281317 ], [ 112.793838398961398, -7.283835513885929 ], [ 112.79383915723983, -7.283833405704794 ], [ 112.793841067015208, -7.283831675717212 ], [ 112.793844515417717, -7.283831279285802 ], [ 112.793847397204289, -7.283832990275642 ], [ 112.793848747974224, -7.283835281474245 ], [ 112.793851817618048, -7.283836034821642 ], [ 112.793852578940616, -7.283834692146502 ], [ 112.793852568285928, -7.283832012875503 ], [ 112.793852937911979, -7.283828566578723 ], [ 112.793855418108407, -7.283825686052317 ], [ 112.793857527917737, -7.283826060446289 ], [ 112.79386098240856, -7.283827195026787 ], [ 112.793863481631249, -7.283829098912828 ], [ 112.793865196699798, -7.283826604179088 ], [ 112.793868448873411, -7.283825060248482 ], [ 112.793870181446195, -7.283826967174194 ], [ 112.793871916302209, -7.283829448229368 ], [ 112.793874976052223, -7.283827713682131 ], [ 112.793875354810822, -7.283826563903292 ], [ 112.793876294857768, -7.283821967067774 ], [ 112.793877814458469, -7.283818516211466 ], [ 112.793880489361385, -7.283816400431061 ], [ 112.793883923303497, -7.283812367845987 ], [ 112.793889082207741, -7.283808328421607 ], [ 112.793891753305189, -7.283805255758723 ], [ 112.793894235023345, -7.28380275798522 ], [ 112.793896149364741, -7.28380217625645 ], [ 112.793898832639172, -7.283802165617434 ], [ 112.793902287890916, -7.283803491574124 ], [ 112.793905549196978, -7.283804244161254 ], [ 112.793910344563798, -7.283805182045364 ], [ 112.793913800576632, -7.283806699378405 ], [ 112.793918027805788, -7.283809361930691 ], [ 112.793920334604977, -7.283811075199854 ], [ 112.79392245278602, -7.283813554734904 ], [ 112.793924189925434, -7.283816609919276 ], [ 112.793924593799474, -7.283821775564658 ], [ 112.793924606737818, -7.28382502896501 ], [ 112.793924234068001, -7.283827709755792 ], [ 112.79392385911494, -7.283829816417081 ], [ 112.793922528132754, -7.283832501007566 ], [ 112.793921582758756, -7.283835758207617 ], [ 112.793920252537632, -7.283838634174572 ], [ 112.793917204965013, -7.283843430745999 ], [ 112.793914152064829, -7.283846887681916 ], [ 112.793912627136848, -7.283848998902846 ], [ 112.7939097613326, -7.283851306819855 ], [ 112.793905937215882, -7.28385361853655 ], [ 112.793904791807464, -7.283854771355169 ], [ 112.793904223669685, -7.283856496023419 ], [ 112.793904238130082, -7.283860132176788 ], [ 112.793903674558763, -7.283863005103978 ], [ 112.793901961012509, -7.283865882590849 ], [ 112.793899671717696, -7.283868570980993 ], [ 112.793896414977553, -7.283868966652927 ], [ 112.793894877872305, -7.28386801584994 ], [ 112.793890271884038, -7.283866503076413 ], [ 112.79388759698098, -7.283868618856897 ], [ 112.793888371241607, -7.283870529582138 ], [ 112.793891059082867, -7.283871667202016 ], [ 112.793892981796333, -7.283873190614605 ], [ 112.793894138620928, -7.283874908443454 ], [ 112.793895103783015, -7.283876627032249 ], [ 112.793896459880827, -7.283880257866044 ], [ 112.793896665242627, -7.283883701883016 ], [ 112.793897060744811, -7.283886762387042 ], [ 112.793896696446666, -7.283891548319262 ], [ 112.793895750311393, -7.283894614142858 ], [ 112.793895763249651, -7.283897867543247 ], [ 112.793895773143618, -7.283900355437672 ], [ 112.793894444444376, -7.283903614157603 ], [ 112.793890809706468, -7.283905350984903 ], [ 112.793888517367151, -7.283907273869097 ], [ 112.79388488491243, -7.283909584825816 ], [ 112.793883552407706, -7.283911886663311 ], [ 112.793882600944812, -7.283913612851435 ], [ 112.793879924519345, -7.283915345878937 ], [ 112.79387704958171, -7.283915357277937 ], [ 112.793874935966628, -7.283914026001747 ], [ 112.793872439026558, -7.283912696245393 ], [ 112.793868222451351, -7.283912712963844 ], [ 112.793865543742612, -7.283913871861802 ], [ 112.793864780897863, -7.283914831784014 ], [ 112.793862495407936, -7.283918477056549 ], [ 112.793862121215682, -7.283920775094412 ], [ 112.793863662887475, -7.283922874156461 ], [ 112.793864620438981, -7.283922678980311 ], [ 112.793866721877052, -7.283920948232616 ], [ 112.793869785432975, -7.283920170567749 ], [ 112.793870935408052, -7.283920166008164 ], [ 112.793872471752408, -7.283920925434709 ], [ 112.793873055872766, -7.283923219672859 ], [ 112.793874604394247, -7.283927041123345 ], [ 112.793875002179576, -7.283930675756898 ], [ 112.793877507491544, -7.283934110654632 ], [ 112.793875800794567, -7.283938710529988 ], [ 112.793875421274905, -7.283939668932288 ], [ 112.793876964468978, -7.283942150747269 ], [ 112.793879275074232, -7.283944820898981 ], [ 112.793880046290766, -7.283945966118185 ], [ 112.793883322819426, -7.2839505462351 ], [ 112.793885060720427, -7.283953792796065 ], [ 112.793885840308818, -7.283957043156719 ], [ 112.793885661584582, -7.283960297317075 ], [ 112.793883949560154, -7.283963557556945 ], [ 112.793881473929858, -7.283967586342559 ], [ 112.79387976038322, -7.283970463829432 ], [ 112.793878815769915, -7.283973912406045 ], [ 112.793877480981848, -7.283975640114053 ], [ 112.793876343944873, -7.283978898074118 ], [ 112.793874437974566, -7.283981584944437 ], [ 112.793873099381102, -7.283982355769996 ], [ 112.793871185800029, -7.28398312887535 ], [ 112.793870616900975, -7.283984662167127 ], [ 112.793872740410407, -7.283988481337714 ], [ 112.793869889065576, -7.283994425408148 ], [ 112.793866640696251, -7.283996926221531 ], [ 112.793865496809588, -7.283998461793122 ], [ 112.793864359772527, -7.284001719753188 ], [ 112.793863214363682, -7.284002872571778 ], [ 112.793858622834293, -7.284004995951683 ], [ 112.793856716102695, -7.284007491445487 ], [ 112.793853471538554, -7.284010949141272 ], [ 112.793851760274819, -7.284014400757641 ], [ 112.793851008845962, -7.284018231327317 ], [ 112.793851593727524, -7.284020716941989 ], [ 112.793853329345524, -7.284023389373529 ], [ 112.793853144532591, -7.28402511252195 ], [ 112.793850856759008, -7.284028183665113 ], [ 112.793847432709228, -7.284034704144819 ], [ 112.793842660932896, -7.284039698932035 ], [ 112.7938398080653, -7.284045260249454 ], [ 112.793838287702883, -7.284048519729383 ], [ 112.793836382493154, -7.284051397976138 ], [ 112.793831023551817, -7.284053333019171 ], [ 112.793827956950651, -7.284053345178 ], [ 112.793826804692003, -7.28405277560806 ], [ 112.79382468727097, -7.284050487449228 ], [ 112.793821618386659, -7.284049925478497 ], [ 112.793817969187202, -7.284048026152046 ], [ 112.79381547072424, -7.284046313642496 ], [ 112.793813743477926, -7.284045746352275 ], [ 112.793809722369218, -7.284046719193076 ], [ 112.793808386058586, -7.284048064148021 ], [ 112.793805902055652, -7.284049987791929 ], [ 112.793802074131534, -7.284051342625788 ], [ 112.793799390094435, -7.284051161888078 ], [ 112.793794781821092, -7.284049074984456 ], [ 112.793793813614613, -7.284046590889487 ], [ 112.793793802198905, -7.284043720241895 ], [ 112.793793220361763, -7.284042000133135 ], [ 112.793789568118285, -7.284039335300353 ], [ 112.793784964411344, -7.284038396655595 ], [ 112.793782473558963, -7.284038597910907 ], [ 112.793781128876816, -7.284037837724228 ], [ 112.793780928842779, -7.284035733342585 ], [ 112.793780340156346, -7.284032290845187 ], [ 112.79377840602676, -7.284027896784631 ], [ 112.793777441625622, -7.284026369572101 ], [ 112.793772634840735, -7.284022561039521 ], [ 112.793769163605603, -7.284017216175486 ], [ 112.793768949873069, -7.284011667016749 ], [ 112.793770855844215, -7.284008980146678 ], [ 112.793774102692225, -7.284006096580828 ], [ 112.793779836587206, -7.284002054877242 ], [ 112.793787675725994, -7.283997239308627 ], [ 112.793791309704119, -7.283995311105419 ], [ 112.793797241349665, -7.283992799653785 ], [ 112.79379703979356, -7.283990312519141 ], [ 112.793796257161461, -7.28398629665219 ], [ 112.793794527632286, -7.283985155232339 ], [ 112.793790116349541, -7.283984407204112 ], [ 112.793784933089327, -7.283982322579896 ], [ 112.793783195188809, -7.2839790760184 ], [ 112.793781265625768, -7.283975830216844 ], [ 112.793778754986846, -7.283971055682884 ], [ 112.793777596640226, -7.283968955100669 ], [ 112.793776623867927, -7.283965322746557 ], [ 112.79377641622375, -7.283961304599826 ], [ 112.793777550978348, -7.283957472510344 ], [ 112.793777921365916, -7.283954217589944 ], [ 112.793776380455327, -7.283952309904068 ], [ 112.793772930529684, -7.283952323582147 ], [ 112.793768528379559, -7.283953872071709 ], [ 112.793763937610962, -7.283956186827148 ], [ 112.793761453608198, -7.283958110470744 ], [ 112.793758775659811, -7.283959460744749 ], [ 112.793754370465436, -7.283960243728177 ], [ 112.793749957660879, -7.283959112946456 ], [ 112.793746116038861, -7.283957023002511 ], [ 112.793742659263984, -7.283955314291791 ], [ 112.793738638916693, -7.283956478508306 ], [ 112.793735196601077, -7.283958405951197 ], [ 112.793732716783737, -7.283961382165526 ], [ 112.793732109551698, -7.283962915609216 ], [ 112.793730281767424, -7.283965984928198 ], [ 112.793728910320425, -7.283968133816222 ], [ 112.793727230386907, -7.283969824616413 ], [ 112.793724783803185, -7.283971518456103 ], [ 112.79372325476443, -7.283972596243555 ], [ 112.793720806354244, -7.283973830779617 ], [ 112.793717744015069, -7.283974914646032 ], [ 112.79371699014979, -7.283978132810918 ], [ 112.79371623324046, -7.283980585469728 ], [ 112.793715634531623, -7.28398426233038 ], [ 112.793715795167344, -7.283986098936988 ], [ 112.793718714526264, -7.283987618399006 ], [ 112.793720403592005, -7.283988224116967 ], [ 112.793723322342146, -7.28398959047776 ], [ 112.79372470657421, -7.2839906567151 ], [ 112.793727013830619, -7.283992484811059 ], [ 112.793729175062737, -7.283996150729463 ], [ 112.793731331424397, -7.283998591838157 ], [ 112.79373179993793, -7.284000733431356 ], [ 112.793731807243688, -7.284002570645827 ], [ 112.793731356994527, -7.28400502208889 ], [ 112.793730903092523, -7.284006554924688 ], [ 112.793730298904507, -7.284008853874423 ], [ 112.79372908017865, -7.284010849053368 ], [ 112.793727555401489, -7.2840129985493 ], [ 112.793725875467842, -7.284014689349564 ], [ 112.793725420348181, -7.284015915982934 ], [ 112.793725427045104, -7.284017600096193 ], [ 112.79372344775706, -7.284021129326734 ], [ 112.793721308441988, -7.284022975051903 ], [ 112.793718553980256, -7.284024363905027 ], [ 112.793716561907132, -7.284024678010153 ], [ 112.793713345628746, -7.284025609383323 ], [ 112.793710892347832, -7.284025619109715 ], [ 112.793708589961696, -7.284025015823325 ], [ 112.793705669384906, -7.284023190158882 ], [ 112.793704130605079, -7.28402181832697 ], [ 112.793701671236107, -7.284020297041202 ], [ 112.793699064016309, -7.284020154274194 ], [ 112.793697687698597, -7.28402107835253 ], [ 112.793696164747686, -7.284023687152039 ], [ 112.793695712063112, -7.284025526190244 ], [ 112.793695266075389, -7.284029049341786 ], [ 112.793694966720921, -7.284030887772097 ], [ 112.793693063717086, -7.284034321010378 ], [ 112.793690918928107, -7.284037200206582 ], [ 112.793690454040444, -7.284040790415902 ], [ 112.793691187043947, -7.28404437587605 ], [ 112.793691672502149, -7.284049975391109 ], [ 112.793676904160094, -7.284061205218267 ], [ 112.793667299612764, -7.284062173186594 ], [ 112.793663949322337, -7.284063143366723 ], [ 112.793659170123604, -7.284066272231557 ], [ 112.793657265863757, -7.284069389698516 ], [ 112.793652006557124, -7.284072281242295 ], [ 112.793649140179255, -7.284074445625913 ], [ 112.793649870328863, -7.28407731342423 ], [ 112.793651321115703, -7.284080656814365 ], [ 112.793646312801997, -7.284086418056105 ], [ 112.793644411395704, -7.284090253184996 ], [ 112.793642751470117, -7.284094565805369 ], [ 112.793642765738653, -7.284098154115124 ], [ 112.793643254407542, -7.284100544421948 ], [ 112.793641350147453, -7.284103661888913 ], [ 112.793638489476763, -7.284107261596438 ], [ 112.7936329772741, -7.284106805000836 ], [ 112.793631069208985, -7.284108965585181 ], [ 112.793629400722168, -7.284111125219692 ], [ 112.793626058041099, -7.284114009164822 ], [ 112.793621764656649, -7.284118810674396 ], [ 112.793619136905392, -7.284120734887485 ], [ 112.793615305555392, -7.28412122852562 ], [ 112.793610995048766, -7.284121724063395 ], [ 112.793608841697903, -7.284122450273585 ], [ 112.793605491406836, -7.284123420453398 ], [ 112.793603577634215, -7.284124145713752 ], [ 112.793599505754614, -7.284124401080943 ], [ 112.793597355257347, -7.284125844953047 ], [ 112.793597118532716, -7.284126563564771 ], [ 112.793597606250202, -7.284128714651075 ], [ 112.793596896076281, -7.284130870486354 ], [ 112.793595219979494, -7.284131116355594 ], [ 112.793592820391751, -7.284130168970911 ], [ 112.793591383873235, -7.284130413890293 ], [ 112.793590197396341, -7.284133289287139 ], [ 112.793589012821855, -7.284136643125282 ], [ 112.79358733957865, -7.284137606656429 ], [ 112.793582557524886, -7.2841400178588 ], [ 112.793580646605776, -7.284141460781049 ], [ 112.793578496108353, -7.284142904653081 ], [ 112.793576106032617, -7.284144349474878 ], [ 112.793573718810492, -7.284146511958657 ], [ 112.793572767155737, -7.284148190302384 ], [ 112.793569898874551, -7.284149876244385 ], [ 112.793567263513253, -7.284149886691999 ], [ 112.793564862974208, -7.28414870008654 ], [ 112.79356509113812, -7.28414582848887 ], [ 112.7935619737666, -7.284145123173999 ], [ 112.793557664210795, -7.284145857932012 ], [ 112.793553356557325, -7.284147071131274 ], [ 112.793550727854367, -7.284148756123396 ], [ 112.793548101053744, -7.284150919556848 ], [ 112.793545478057894, -7.284154039872917 ], [ 112.793544050099953, -7.284156437778142 ], [ 112.793540233017211, -7.28416051972573 ], [ 112.793537843892423, -7.284162203768037 ], [ 112.793536415934426, -7.284164601673236 ], [ 112.793536666927011, -7.28416747137145 ], [ 112.793537877184022, -7.284170576491196 ], [ 112.793538616845169, -7.28417583649642 ], [ 112.793538635868998, -7.284180620909659 ], [ 112.793537690872384, -7.284183973797979 ], [ 112.79353554893531, -7.284187570655865 ], [ 112.793533643722981, -7.284190448901942 ], [ 112.793530550130868, -7.284195724103523 ], [ 112.793528175273693, -7.284200996455793 ], [ 112.793524836396003, -7.28420483728314 ], [ 112.793520771173746, -7.284206767194471 ], [ 112.793516699293193, -7.284207022561128 ], [ 112.793515024147183, -7.284207507650794 ], [ 112.793510953217748, -7.284208002238064 ], [ 112.793506642709985, -7.284208497775039 ], [ 112.793505444818265, -7.284208502523827 ], [ 112.793502809456541, -7.28420851297115 ], [ 112.793498968593653, -7.284206614401895 ], [ 112.793498010280317, -7.284206618200907 ], [ 112.79349561544808, -7.284206866919115 ], [ 112.793493221567005, -7.284207354857961 ], [ 112.793492503783142, -7.284207596927883 ], [ 112.793490119413747, -7.284210477073361 ], [ 112.793488931984868, -7.284213113249456 ], [ 112.793487267301657, -7.284216229766387 ], [ 112.793484160392467, -7.284218155878423 ], [ 112.793481765560145, -7.284218404596592 ], [ 112.793480093267519, -7.284219607348142 ], [ 112.793478662455556, -7.284221287591281 ], [ 112.793477472173109, -7.284223206105374 ], [ 112.793477479782425, -7.284225119870698 ], [ 112.793477486440594, -7.284226794415386 ], [ 112.793477495952231, -7.284229186622096 ], [ 112.793477509268541, -7.284232535711452 ], [ 112.793477518780207, -7.284234927918148 ], [ 112.793477531145371, -7.284238037786815 ], [ 112.79347706530497, -7.284241388775663 ], [ 112.793475637346461, -7.284243786680855 ], [ 112.793472534241715, -7.284246669675561 ], [ 112.793470145116217, -7.28424835371768 ], [ 112.793469433039249, -7.284250031111584 ], [ 112.793470402766673, -7.28425289796067 ], [ 112.7934704132295, -7.284255529388041 ], [ 112.793468028859763, -7.284258409533512 ], [ 112.793465641636502, -7.284260572016981 ], [ 112.793465175796044, -7.28426392300584 ], [ 112.793468053590033, -7.28426462927089 ], [ 112.793469976875201, -7.284266296217655 ], [ 112.793472151152784, -7.284270832862642 ], [ 112.793472891764779, -7.284276332088766 ], [ 112.793473395651958, -7.284282549926676 ], [ 112.793473898588005, -7.284288528543894 ], [ 112.793471517071666, -7.284292126351389 ], [ 112.793465265573971, -7.284293653986654 ] ] ] ] } },
{ "type": "Feature", "properties": { "id": 57, "Id": 0, "Luas": 2995.6035365299999 }, "geometry": { "type": "MultiPolygon", "coordinates": [ [ [ [ 112.79331284920535, -7.283486519782296 ], [ 112.793307356870812, -7.283461071765806 ], [ 112.793283671167345, -7.283376005856175 ], [ 112.793254439468313, -7.283271021739238 ], [ 112.793239902725546, -7.283218813760865 ], [ 112.793230284608015, -7.283184270766781 ], [ 112.793225288784171, -7.283166328509037 ], [ 112.793225473547608, -7.283154048992817 ], [ 112.793226179339712, -7.283138735828827 ], [ 112.793229951727781, -7.283123410511676 ], [ 112.793239857307171, -7.283108060888031 ], [ 112.793246754104715, -7.283107268036846 ], [ 112.793260559871172, -7.283108744359265 ], [ 112.793275129243625, -7.283109452136611 ], [ 112.79328739866925, -7.283110169028658 ], [ 112.79329354098941, -7.283112441240208 ], [ 112.793298159140647, -7.283117016047249 ], [ 112.793303595671361, -7.283134601422033 ], [ 112.793307477603818, -7.283146834329785 ], [ 112.793304453609665, -7.283157563571081 ], [ 112.793300659923403, -7.283167530344556 ], [ 112.793305290247361, -7.283175167176333 ], [ 112.793309178266483, -7.283188931096484 ], [ 112.793316053763732, -7.283182779700255 ], [ 112.793319847449638, -7.283172812926727 ], [ 112.793326729032572, -7.283168192542921 ], [ 112.793337443860281, -7.283163556966554 ], [ 112.793347385952643, -7.283157393416025 ], [ 112.793348876647784, -7.283146670251728 ], [ 112.79335111269053, -7.283130585505369 ], [ 112.793359478881342, -7.283113710944638 ], [ 112.793366363506024, -7.283109856066754 ], [ 112.793372490610921, -7.28310830074601 ], [ 112.793386290290684, -7.28310824605205 ], [ 112.793390868882156, -7.283102869277142 ], [ 112.793397723075188, -7.283091359336777 ], [ 112.79341379835563, -7.283085171476733 ], [ 112.793422967709944, -7.283077479951393 ], [ 112.793430679845457, -7.283088932158143 ], [ 112.793449085503454, -7.283090390242998 ], [ 112.793461275804049, -7.283071203969546 ], [ 112.793461208853472, -7.283054362833468 ], [ 112.793463454022017, -7.283040574606115 ], [ 112.793471835423318, -7.283027527575586 ], [ 112.793481004775444, -7.283019836049591 ], [ 112.793492501462396, -7.283019024962934 ], [ 112.793511655506123, -7.283015886970162 ], [ 112.793531810992405, -7.283018773463179 ], [ 112.793530923405399, -7.283012461455994 ], [ 112.793529164208792, -7.283003856348935 ], [ 112.793527133496383, -7.282999271288738 ], [ 112.793525361746404, -7.282987508468697 ], [ 112.79352360825628, -7.282980338685586 ], [ 112.793525594460533, -7.282973728218257 ], [ 112.793531312370376, -7.282965667612944 ], [ 112.793533005375153, -7.28295762296108 ], [ 112.793535258530284, -7.28294584418764 ], [ 112.793540120807506, -7.282939509389789 ], [ 112.793543841100515, -7.282935188603683 ], [ 112.793550729524696, -7.282932290606725 ], [ 112.793552173838094, -7.282934007297883 ], [ 112.793552479591156, -7.282938599195259 ], [ 112.793560806622509, -7.282935982565241 ], [ 112.793563662153176, -7.282931091068087 ], [ 112.793567097235169, -7.282927345551032 ], [ 112.793571399361653, -7.282924744874563 ], [ 112.793575127642981, -7.28292243354193 ], [ 112.793578288926696, -7.282922133942058 ], [ 112.793584613776602, -7.282922108871808 ], [ 112.793590945474079, -7.282923806190272 ], [ 112.793598130520962, -7.282923203571536 ], [ 112.79360559164823, -7.282919729165123 ], [ 112.793610469901964, -7.282917413273997 ], [ 112.793617648100962, -7.282915088266189 ], [ 112.793621675287895, -7.282915646441675 ], [ 112.793630034274173, -7.282921067624819 ], [ 112.793637814850442, -7.282925629892591 ], [ 112.793643835087536, -7.282921299989224 ], [ 112.793651305344682, -7.282920122100477 ], [ 112.793658512076021, -7.282924973711846 ], [ 112.793660776640834, -7.282916065586478 ], [ 112.79366334239441, -7.282910601099013 ], [ 112.793668484173267, -7.282902255707156 ], [ 112.793669045463844, -7.282898808650494 ], [ 112.793669867997465, -7.282888757964053 ], [ 112.79367732341683, -7.282883848232784 ], [ 112.793683924345842, -7.282880951373801 ], [ 112.793689666219308, -7.282878919127932 ], [ 112.793695700151105, -7.282878034001549 ], [ 112.793700875027469, -7.282878013488313 ], [ 112.793710365724792, -7.282878837074898 ], [ 112.793716989480103, -7.282881681511122 ], [ 112.793727335808768, -7.282880779289773 ], [ 112.7937362241274, -7.282874715600403 ], [ 112.793744257955879, -7.282870664783321 ], [ 112.793750866873538, -7.282869777376916 ], [ 112.793760360994568, -7.28287146215682 ], [ 112.793767274525791, -7.282874879582157 ], [ 112.793772179029361, -7.282879166179375 ], [ 112.793777657377902, -7.282883163432401 ], [ 112.793780258512541, -7.282886597952551 ], [ 112.793783733540394, -7.282892899701371 ], [ 112.793786626733805, -7.282897481340886 ], [ 112.79379210850685, -7.282902339787962 ], [ 112.793795290334955, -7.282907207352473 ], [ 112.793796465418112, -7.282913518218623 ], [ 112.793796496235728, -7.282921268967383 ], [ 112.79379623271187, -7.282927298467209 ], [ 112.793801146347548, -7.282933881582052 ], [ 112.793803477110572, -7.282941623213181 ], [ 112.793801500041923, -7.282950530198876 ], [ 112.793799793345357, -7.28295513007335 ], [ 112.793797816276651, -7.282964037059042 ], [ 112.793801579940165, -7.282970624732585 ], [ 112.79380591288313, -7.282975774802802 ], [ 112.793810811681226, -7.282978626075392 ], [ 112.79381600139682, -7.282982337402486 ], [ 112.793819467294824, -7.282986342632609 ], [ 112.793820636671697, -7.282991218174717 ], [ 112.793822962869882, -7.282997811546507 ], [ 112.793826711695573, -7.28300066737776 ], [ 112.793835327359773, -7.28299833666783 ], [ 112.793853072036384, -7.282978171471103 ], [ 112.793857352473594, -7.282970116561766 ], [ 112.793869104308442, -7.282961170824835 ], [ 112.793876855209163, -7.282958269404088 ], [ 112.793889221980564, -7.282959368653675 ], [ 112.793909348784112, -7.282959862999655 ], [ 112.793922281409891, -7.28295866345075 ], [ 112.793927430032426, -7.2829520404455 ], [ 112.793926836782447, -7.282947449689127 ], [ 112.793923069693193, -7.282940000822767 ], [ 112.793914987924168, -7.282931994923453 ], [ 112.793908086947553, -7.282931735213144 ], [ 112.793898308756653, -7.282930912770815 ], [ 112.793889671406617, -7.282927789251228 ], [ 112.793880173860188, -7.282925243280207 ], [ 112.793872362463588, -7.282912930268768 ], [ 112.793874336106455, -7.282903162088854 ], [ 112.793881192566431, -7.282892226274327 ], [ 112.793892346583817, -7.282877541521791 ], [ 112.793899782595034, -7.28286775168669 ], [ 112.793900930284508, -7.282867172998164 ], [ 112.793911568670339, -7.282867417892001 ], [ 112.793921355991529, -7.282870536852369 ], [ 112.79392940693954, -7.28287079200364 ], [ 112.793937737390266, -7.282869036561757 ], [ 112.7939446246681, -7.282865851494904 ], [ 112.793946630270796, -7.282864121127962 ], [ 112.79394890738584, -7.282858370714825 ], [ 112.793953768514029, -7.282851748849383 ], [ 112.793957496792117, -7.282849437514266 ], [ 112.793964674986995, -7.282847112501645 ], [ 112.793971577103633, -7.282847659276149 ], [ 112.793979924676094, -7.282850209804739 ], [ 112.793985121239885, -7.282855643518397 ], [ 112.793985720197625, -7.282861669598312 ], [ 112.793983144174973, -7.282864550503951 ], [ 112.793983167005052, -7.282870291798733 ], [ 112.793984135779141, -7.282872919426173 ], [ 112.79398989610462, -7.2828755280568 ], [ 112.793999966923906, -7.282877641148906 ], [ 112.794026193129739, -7.282905765646945 ], [ 112.794048096477994, -7.282931275813807 ], [ 112.794050023563003, -7.282933899641455 ], [ 112.794053871073999, -7.282937472752449 ], [ 112.794057475202223, -7.28294008993085 ], [ 112.794062038592173, -7.282942942530269 ], [ 112.794063726099722, -7.282945567307715 ], [ 112.794063257408908, -7.282948200634142 ], [ 112.794061832310277, -7.282951316201355 ], [ 112.794059938520817, -7.282957065094975 ], [ 112.794057557014369, -7.28296066290297 ], [ 112.79405756843002, -7.28296353355023 ], [ 112.794062362836073, -7.282964232214259 ], [ 112.79406619512649, -7.282963977795387 ], [ 112.794077219501631, -7.282964890982602 ], [ 112.794084420148252, -7.28296821157401 ], [ 112.794092583862039, -7.282972724468655 ], [ 112.79410050704702, -7.282976999092421 ], [ 112.794107232344047, -7.282981278465614 ], [ 112.794111557108423, -7.282984371234851 ], [ 112.794113724722962, -7.282987233332773 ], [ 112.794115418890385, -7.282991532654083 ], [ 112.794116154747357, -7.28299583577507 ], [ 112.794118575258452, -7.283002046011362 ], [ 112.794119786465345, -7.283005390350088 ], [ 112.794121716405144, -7.283008731839039 ], [ 112.794124136916409, -7.283014942075248 ], [ 112.794125591506457, -7.283019242346393 ], [ 112.794125611484787, -7.283024265978928 ], [ 112.794123466702288, -7.283027145175461 ], [ 112.794117017133132, -7.283031955235501 ], [ 112.794111746425116, -7.283031976133894 ], [ 112.794103841314438, -7.28303224670199 ], [ 112.794102900127982, -7.283036556472436 ], [ 112.794108509859853, -7.283037443282523 ], [ 112.794113700719478, -7.28304144167015 ], [ 112.794120611971721, -7.283044284959322 ], [ 112.79413502316234, -7.283053414034038 ], [ 112.794148270681077, -7.283059102891341 ], [ 112.794154613797218, -7.283063670848013 ], [ 112.794166159190382, -7.283075107838468 ], [ 112.794171941020451, -7.28308312285121 ], [ 112.794180045629574, -7.283096870038222 ], [ 112.79418640472997, -7.283105456900117 ], [ 112.794197336321545, -7.283107135969368 ], [ 112.794202522615933, -7.283109986096768 ], [ 112.794208304447125, -7.283118001108733 ], [ 112.794211213629865, -7.283126601649912 ], [ 112.794212418403902, -7.283140376195567 ], [ 112.794215916273771, -7.283152419233017 ], [ 112.794226870700584, -7.283159839595186 ], [ 112.794236079617505, -7.283162099632568 ], [ 112.79424415682908, -7.283168957264875 ], [ 112.79425282729494, -7.283180405652057 ], [ 112.794255191177612, -7.283196472154621 ], [ 112.794255218579124, -7.283203361707274 ], [ 112.794254134826531, -7.283220016019533 ], [ 112.794251282728553, -7.283225768713708 ], [ 112.794237501319316, -7.283230416470044 ], [ 112.794230044761775, -7.283235039145688 ], [ 112.79423122898649, -7.283243646526487 ], [ 112.79423992000514, -7.283260262078084 ], [ 112.79425263364719, -7.283276287539473 ], [ 112.794260151859262, -7.283287166356653 ], [ 112.794261924772542, -7.283299216233379 ], [ 112.794255054618475, -7.283306707276446 ], [ 112.79424701393954, -7.283309035715175 ], [ 112.794237807302878, -7.283307349808196 ], [ 112.794221700826583, -7.283305691261606 ], [ 112.794216546497807, -7.283310878946552 ], [ 112.794210833166346, -7.283320087817282 ], [ 112.794203381174015, -7.283325858751691 ], [ 112.79419819030997, -7.283321860366116 ], [ 112.794195299392669, -7.283317852860402 ], [ 112.79419067894861, -7.283312703935904 ], [ 112.794186081338708, -7.283313296305341 ], [ 112.794180929292764, -7.283319058119402 ], [ 112.794172902313306, -7.283324831333414 ], [ 112.794164859349877, -7.283326585641436 ], [ 112.794156225416074, -7.283324323323399 ], [ 112.794150448148841, -7.283317456570057 ], [ 112.794141800515106, -7.283311749475185 ], [ 112.794133164298259, -7.283308913027223 ], [ 112.794124528081497, -7.283306076579036 ], [ 112.794115896431435, -7.283304388389528 ], [ 112.794107267064675, -7.283303274329265 ], [ 112.79410150349814, -7.283299852351634 ], [ 112.794095730798517, -7.283294133856184 ], [ 112.794089948965976, -7.283286118842888 ], [ 112.7940812830673, -7.283275818711006 ], [ 112.794068583129629, -7.283263238019989 ], [ 112.794060503634697, -7.283255806254873 ], [ 112.794051869702358, -7.283253543934399 ], [ 112.794043829022357, -7.283255872369525 ], [ 112.794032338422411, -7.283258214483291 ], [ 112.794028306666362, -7.283256508053432 ], [ 112.794023670242311, -7.283247340220384 ], [ 112.794020765627877, -7.283239887936306 ], [ 112.794015547368119, -7.283228999994483 ], [ 112.794010920077355, -7.283222128678973 ], [ 112.794005706384425, -7.283212388995859 ], [ 112.793997617758833, -7.283202660711252 ], [ 112.793988958713271, -7.28319408296508 ], [ 112.793980865522201, -7.283183206421056 ], [ 112.793979106315973, -7.283174601318054 ], [ 112.793972158532469, -7.283162571955384 ], [ 112.793964683707443, -7.283162601591228 ], [ 112.793953738358653, -7.283165496541309 ], [ 112.793949425959553, -7.283165513638756 ], [ 112.793944153346956, -7.283165056094344 ], [ 112.793935479082805, -7.283152650816781 ], [ 112.79392973111996, -7.283153152054354 ], [ 112.793928314581365, -7.283158420607081 ], [ 112.793927867768872, -7.283166556007881 ], [ 112.793926937995835, -7.283173736425876 ], [ 112.793924099211011, -7.28318283820763 ], [ 112.793921245205894, -7.283188112459444 ], [ 112.793911179135563, -7.28318719547033 ], [ 112.793908787163119, -7.283188161851214 ], [ 112.793905935060309, -7.283193914544229 ], [ 112.793894448645787, -7.283197309225032 ], [ 112.793885827651636, -7.283198300301395 ], [ 112.793878159260984, -7.283197852254577 ], [ 112.793869521144458, -7.283194537359357 ], [ 112.793866149933663, -7.283190244685477 ], [ 112.793860852588622, -7.283183567403777 ], [ 112.793856051521331, -7.283181194193693 ], [ 112.793853159466281, -7.283176899620059 ], [ 112.793853627207056, -7.28317402707289 ], [ 112.793855500072667, -7.283163015325453 ], [ 112.793848314642872, -7.283163522260855 ], [ 112.793846886688641, -7.283165920165994 ], [ 112.793840682398979, -7.283172164597261 ], [ 112.79383540407882, -7.283170271727752 ], [ 112.793830106734461, -7.283163594445539 ], [ 112.793826262076053, -7.283160738994618 ], [ 112.793820019737865, -7.283157414600267 ], [ 112.793813792618948, -7.28315791773597 ], [ 112.793808997259305, -7.283156979849066 ], [ 112.79380514689386, -7.283152689074112 ], [ 112.793796470730825, -7.28313980535159 ], [ 112.793791167680283, -7.283131692744825 ], [ 112.793782521955919, -7.283126464082341 ], [ 112.793774849761462, -7.283125059150878 ], [ 112.793769558125547, -7.283119817191431 ], [ 112.79375992555569, -7.283107415708125 ], [ 112.79374693128905, -7.283093113755679 ], [ 112.793738268445097, -7.283083579120383 ], [ 112.793729601796926, -7.283073087602252 ], [ 112.793720461700616, -7.28306403330721 ], [ 112.793712774289062, -7.283058800843971 ], [ 112.793706526246112, -7.283054041123577 ], [ 112.793699800950151, -7.283049761743775 ], [ 112.793690212135374, -7.283048364408164 ], [ 112.793682066493531, -7.283048396698049 ], [ 112.793661525486968, -7.283044156135423 ], [ 112.793659364532104, -7.283042968579331 ], [ 112.793655530337773, -7.283042744553659 ], [ 112.793654338155889, -7.283044184626034 ], [ 112.793653388404977, -7.283046341410688 ], [ 112.793650284356929, -7.283048985183833 ], [ 112.793648856401688, -7.283051383088491 ], [ 112.793646468233405, -7.283053306350612 ], [ 112.793643598056391, -7.28305451385007 ], [ 112.793641202279275, -7.283054523346872 ], [ 112.793639048933187, -7.283055249555965 ], [ 112.793638814110949, -7.283056446608946 ], [ 112.793639065101814, -7.283059316307195 ], [ 112.793638837888366, -7.283062427125444 ], [ 112.793638128666174, -7.283064822181072 ], [ 112.793634291618318, -7.283063880493295 ], [ 112.793629979219418, -7.283063897587463 ], [ 112.793625907349309, -7.283064152952562 ], [ 112.793623040025423, -7.283066078113942 ], [ 112.793620651856912, -7.283068001375936 ], [ 112.793619456821588, -7.283068723786257 ], [ 112.793614187062801, -7.283068983899644 ], [ 112.793611549805689, -7.283068515904646 ], [ 112.793608662508973, -7.283065417432004 ], [ 112.793604818803573, -7.283062801199275 ], [ 112.793598334987905, -7.283058999309447 ], [ 112.793594748930701, -7.283060927319642 ], [ 112.793594376295658, -7.283087721933492 ], [ 112.793595352677045, -7.283092263327494 ], [ 112.793596093285075, -7.283097762553793 ], [ 112.793597063960064, -7.283100868623799 ], [ 112.793600432314662, -7.283104443638477 ], [ 112.793600927638536, -7.283108508490456 ], [ 112.793600230780228, -7.283114013414712 ], [ 112.79359832557121, -7.283116891660018 ], [ 112.793593785006934, -7.283119780351618 ], [ 112.793590922437957, -7.283122901616211 ], [ 112.793588540926592, -7.283126499422815 ], [ 112.79358449188166, -7.283132496083695 ], [ 112.793580192797023, -7.283135862266859 ], [ 112.793575181636555, -7.283140905843656 ], [ 112.793571127835961, -7.283145706401159 ], [ 112.793570188546354, -7.283150494613134 ], [ 112.793567107322801, -7.283158879682011 ], [ 112.793560176686498, -7.283163213193977 ], [ 112.793552499735853, -7.283160612155354 ], [ 112.793548402186019, -7.283154408561902 ], [ 112.793545034782341, -7.283151072767487 ], [ 112.793537354027734, -7.283147514845861 ], [ 112.793532327649729, -7.283148730891554 ], [ 112.793528508671059, -7.28315233439578 ], [ 112.793527562723597, -7.283155448063074 ], [ 112.793529738895685, -7.283160463150494 ], [ 112.793530720983156, -7.28316643986878 ], [ 112.793530255142329, -7.283169790857503 ], [ 112.793528347079501, -7.283171951440631 ], [ 112.793525244931914, -7.283175073654642 ], [ 112.793521185424183, -7.283178438887814 ], [ 112.793519037783497, -7.283180600420571 ], [ 112.793508051442501, -7.283189256047809 ], [ 112.793505902850654, -7.283191178359839 ], [ 112.79350255541874, -7.283192866199343 ], [ 112.793498015804019, -7.283195994110971 ], [ 112.793491324744124, -7.283200326672535 ], [ 112.793487265235854, -7.28320369190555 ], [ 112.79348368963835, -7.283208251342689 ], [ 112.793477230547708, -7.283210669189043 ], [ 112.793471006279631, -7.283211889982361 ], [ 112.793467409759302, -7.28321118656445 ], [ 112.793463814190005, -7.283210722367171 ], [ 112.793459980944931, -7.283210737560851 ], [ 112.793454947908714, -7.283210279061153 ], [ 112.79345064026306, -7.283211492257356 ], [ 112.793447059910008, -7.283214855590924 ], [ 112.793443965369605, -7.283219891570038 ], [ 112.793440874633205, -7.283225884431888 ], [ 112.793439463794627, -7.283232588308607 ], [ 112.793438273671924, -7.283239367862319 ], [ 112.79343522290047, -7.283243360649325 ], [ 112.793433394506991, -7.283246276865763 ], [ 112.793431109167244, -7.28324996041157 ], [ 112.793430660133438, -7.283252718057096 ], [ 112.793430058987113, -7.283255782512827 ], [ 112.7934299160043, -7.283258385841626 ], [ 112.79343008272437, -7.283261753461128 ], [ 112.793430249444455, -7.283265121080624 ], [ 112.793430118025981, -7.283270633332958 ], [ 112.793429058716114, -7.283274158915638 ], [ 112.793426773984891, -7.283277995562712 ], [ 112.793423568057378, -7.283281529653757 ], [ 112.793417138551462, -7.283284157899866 ], [ 112.793414225284664, -7.283284169446877 ], [ 112.793408100612382, -7.28328633717368 ], [ 112.793403974096975, -7.283289721809814 ], [ 112.793403986269809, -7.283292783834591 ], [ 112.793405228733192, -7.28329675960499 ], [ 112.793407078429539, -7.283299201932014 ], [ 112.793410626926999, -7.283304699598685 ], [ 112.793418790535995, -7.283314006564132 ], [ 112.793421099004718, -7.283316140865352 ], [ 112.79342279232813, -7.283317818293807 ], [ 112.793424180817823, -7.283319956241463 ], [ 112.793424185687044, -7.283321181051365 ], [ 112.793422505145244, -7.283322718748944 ], [ 112.793421130654508, -7.283324102129751 ], [ 112.793421900955636, -7.283325017698493 ], [ 112.793423590627171, -7.283325776519502 ], [ 112.793426810553925, -7.283325763756872 ], [ 112.793429420813212, -7.283326672032637 ], [ 112.793431728673397, -7.283328653232525 ], [ 112.793433424431512, -7.283330943065885 ], [ 112.793435424414724, -7.283332619278791 ], [ 112.793437428658549, -7.283335367200328 ], [ 112.793437436571082, -7.283337357516401 ], [ 112.793437908125114, -7.283340264616653 ], [ 112.793439605100644, -7.283342860652454 ], [ 112.793442062638846, -7.283343922637095 ], [ 112.79344436502123, -7.283344525925763 ], [ 112.793446678968166, -7.283348038137916 ], [ 112.793449297140228, -7.283350936729598 ], [ 112.793451142576401, -7.283352307347659 ], [ 112.7934531437771, -7.283354289762891 ], [ 112.793453306845578, -7.283356738774914 ], [ 112.7934522402319, -7.283358427142817 ], [ 112.793449948805375, -7.283360579676438 ], [ 112.793447657987457, -7.283362885311322 ], [ 112.793446129558205, -7.283364116198756 ], [ 112.793444143574035, -7.283365961314391 ], [ 112.793442013998543, -7.283370256657553 ], [ 112.793442017650506, -7.283371175264993 ], [ 112.793442020693817, -7.283371940771169 ], [ 112.793442029823737, -7.283374237289732 ], [ 112.793441426242865, -7.283376689340539 ], [ 112.793440971731243, -7.283378069074905 ], [ 112.793439904508787, -7.28337960434157 ], [ 112.793438226401577, -7.283381754444174 ], [ 112.793436850084774, -7.283382678521375 ], [ 112.793434556223403, -7.28338421865004 ], [ 112.793433027794052, -7.283385449537437 ], [ 112.793432267231296, -7.283386983588588 ], [ 112.793431048504956, -7.283388978766678 ], [ 112.793428603139645, -7.283390978806804 ], [ 112.793425692915463, -7.283391755860241 ], [ 112.793422934803814, -7.283392226103429 ], [ 112.793421405157076, -7.283393150788371 ], [ 112.79341988037956, -7.283395300283173 ], [ 112.793417598691164, -7.283399902436553 ], [ 112.79341699754481, -7.283402966892337 ], [ 112.793417778193245, -7.283406485182073 ], [ 112.793418715214855, -7.283410768370256 ], [ 112.793419032830442, -7.283413522977062 ], [ 112.793419349837365, -7.2834161244826 ], [ 112.793419362619176, -7.283419339608606 ], [ 112.793418451769767, -7.283421639773691 ], [ 112.793417541529038, -7.283424093040009 ], [ 112.793415406475177, -7.283427010472026 ], [ 112.793414190791964, -7.283429771156327 ], [ 112.793413747236045, -7.28343390671304 ], [ 112.793413601210048, -7.283435744535645 ], [ 112.793413607296614, -7.283437275548017 ], [ 112.793414077024792, -7.283439723344592 ], [ 112.793415470384232, -7.2834430861021 ], [ 112.793416857657107, -7.28344491784721 ], [ 112.793417942530837, -7.283447822516452 ], [ 112.79341779711352, -7.283449813440322 ], [ 112.7934176547395, -7.283452569870359 ], [ 112.793417355383653, -7.283454408300729 ], [ 112.793417056636457, -7.283456399832336 ], [ 112.79341583851857, -7.283458548111686 ], [ 112.793414617357371, -7.283459930884839 ], [ 112.793415235546234, -7.283461153263733 ], [ 112.793420767595549, -7.283464193409386 ], [ 112.793422613032234, -7.283465564027477 ], [ 112.793423388202982, -7.28346770440603 ], [ 112.793423399767576, -7.283470613329554 ], [ 112.793421570764764, -7.283473376444891 ], [ 112.793419888396556, -7.283474454838861 ], [ 112.793417900585865, -7.283475840650819 ], [ 112.793415760053918, -7.28347738017174 ], [ 112.793414383128166, -7.283478151147705 ], [ 112.793411936545041, -7.283479844985389 ], [ 112.793411485076575, -7.283481990225983 ], [ 112.793410117889337, -7.283485210821746 ], [ 112.793408130687226, -7.28348674973493 ], [ 112.793406448927598, -7.283487981230119 ], [ 112.793403850840463, -7.283490134979216 ], [ 112.793402323019365, -7.283491518967881 ], [ 112.793399110395285, -7.283493368945491 ], [ 112.793397581356828, -7.283494446731658 ], [ 112.793395287494818, -7.283495986860302 ], [ 112.793393299683942, -7.283497372672191 ], [ 112.793391310047085, -7.283498299180316 ], [ 112.793389783443232, -7.283499989371441 ], [ 112.793387788937096, -7.283499691069672 ], [ 112.793383642334433, -7.283498023365135 ], [ 112.793381957531409, -7.283498489354061 ], [ 112.793378732125504, -7.283497124205494 ], [ 112.793375819465894, -7.283497288853832 ], [ 112.793373064396746, -7.283498524603122 ], [ 112.793372455337661, -7.283499598742777 ], [ 112.793371386288854, -7.283500674705653 ], [ 112.793369243930641, -7.283501754922707 ], [ 112.793366331271002, -7.283501919570977 ], [ 112.793362805291693, -7.28350208665021 ], [ 112.79336157926106, -7.283502244613368 ], [ 112.793356979363764, -7.283502262845462 ], [ 112.7933559048371, -7.283501960897103 ], [ 112.793352983656433, -7.283499982127914 ], [ 112.793349907928615, -7.283497697763939 ], [ 112.793347904901538, -7.283495256044557 ], [ 112.793344365532235, -7.283492054896255 ], [ 112.793342371026114, -7.283491756594255 ], [ 112.793338845046875, -7.283491923673285 ], [ 112.7933359317786, -7.283491935220122 ], [ 112.793331331881319, -7.283491953451931 ], [ 112.793329181610801, -7.283491043352617 ], [ 112.793325645893376, -7.283488760811591 ], [ 112.79332104051845, -7.283487401132083 ], [ 112.793317667260439, -7.283487414501963 ], [ 112.79331284920535, -7.283486519782296 ] ] ] ] } },
{ "type": "Feature", "properties": { "id": 58, "Id": 0, "Luas": 42.992250307900001 }, "geometry": { "type": "MultiPolygon", "coordinates": [ [ [ [ 112.793039811553754, -7.286884064460778 ], [ 112.793058370803678, -7.286863210645459 ], [ 112.793071271964109, -7.286854068966178 ], [ 112.793075074799418, -7.286846398706054 ], [ 112.793084631354887, -7.286839662531695 ], [ 112.793093241006559, -7.286835800805031 ], [ 112.793100903754606, -7.286834813526036 ], [ 112.793108089245635, -7.28683430658811 ], [ 112.793111918716988, -7.286833334507136 ], [ 112.793117189472298, -7.286833313609547 ], [ 112.79312677456636, -7.286833754055141 ], [ 112.793140198644934, -7.286835614626198 ], [ 112.793152189050147, -7.286838437779019 ], [ 112.793167060120936, -7.28684268485654 ], [ 112.793184604395108, -7.286857080000734 ], [ 112.793180027295662, -7.286862839535689 ], [ 112.793167395748384, -7.28686748272886 ], [ 112.793157982748596, -7.286867967708782 ], [ 112.793143250671065, -7.286868726739752 ], [ 112.793130747179063, -7.286868776314695 ], [ 112.79311220112848, -7.286868849847065 ], [ 112.793099601804371, -7.286868899801107 ], [ 112.793090497771672, -7.28686893589673 ], [ 112.793082352058178, -7.28686896819264 ], [ 112.793070801737557, -7.28686901398684 ], [ 112.793063768374182, -7.286872429760684 ], [ 112.793058548702433, -7.286874964709742 ], [ 112.793050453178338, -7.2868788963248 ], [ 112.793039811553754, -7.286884064460778 ] ] ] ] } },
{ "type": "Feature", "properties": { "id": 59, "Id": 0, "Luas": 649.531012648 }, "geometry": { "type": "MultiPolygon", "coordinates": [ [ [ [ 112.793198229013115, -7.286841239608021 ], [ 112.793197197702796, -7.286830125690383 ], [ 112.793200032702927, -7.2868200670227 ], [ 112.793202401862501, -7.286813359344374 ], [ 112.793206676243784, -7.286803773418451 ], [ 112.793210007527705, -7.286798018823094 ], [ 112.793216208060372, -7.2867908175044 ], [ 112.793222414301056, -7.286785051509753 ], [ 112.793226245674262, -7.286784557869322 ], [ 112.793231993685396, -7.286784056629294 ], [ 112.793236771961062, -7.286780688540921 ], [ 112.793238178995537, -7.286773027779673 ], [ 112.79323959554371, -7.286767759225171 ], [ 112.793234275318255, -7.286755340648964 ], [ 112.793231381334166, -7.286750567634776 ], [ 112.79322847783645, -7.28674340241383 ], [ 112.793228430268229, -7.286731441380072 ], [ 112.793227903540711, -7.286719482246182 ], [ 112.793230757567244, -7.286714207992093 ], [ 112.79323266278854, -7.286711329744508 ], [ 112.793233119115257, -7.286705586548434 ], [ 112.793235014822883, -7.286700316094098 ], [ 112.79323739920352, -7.286697435946621 ], [ 112.793254139338416, -7.286689714389152 ], [ 112.793263241463933, -7.286689199849774 ], [ 112.793274748900103, -7.286691068017344 ], [ 112.793279542396675, -7.286691527459503 ], [ 112.79328958761856, -7.286687181589095 ], [ 112.793292922706343, -7.286682383876241 ], [ 112.793297212307195, -7.286676625480824 ], [ 112.79330340142026, -7.286666553513692 ], [ 112.79330815115226, -7.286656008805012 ], [ 112.793303768315226, -7.286638323575175 ], [ 112.793299906499044, -7.286631162154582 ], [ 112.793297476452594, -7.286622559710209 ], [ 112.793298379590837, -7.286608681111663 ], [ 112.793305521313513, -7.286597170020854 ], [ 112.793311269322018, -7.286596668780435 ], [ 112.793321816534288, -7.286598062305868 ], [ 112.793330424275894, -7.286593722134942 ], [ 112.79333614183939, -7.286585565833018 ], [ 112.793338992058423, -7.286579334696078 ], [ 112.793344702010373, -7.286569264628811 ], [ 112.793351870370685, -7.286564451716196 ], [ 112.79336383412867, -7.286560576686432 ], [ 112.793369082046098, -7.286554814490877 ], [ 112.793372411423746, -7.286548581453905 ], [ 112.793374772968775, -7.28653996001032 ], [ 112.793376174292533, -7.286530863925383 ], [ 112.793374223404911, -7.28652225958158 ], [ 112.793363683805865, -7.286522779822256 ], [ 112.793362750224119, -7.286529003359321 ], [ 112.793361828059247, -7.286538097544328 ], [ 112.793351798063853, -7.286546270945976 ], [ 112.793346529215384, -7.286546770286824 ], [ 112.793338393022822, -7.286549194792539 ], [ 112.793336506830698, -7.286556857453548 ], [ 112.79333317935523, -7.286563568931723 ], [ 112.793322635949366, -7.286563132289007 ], [ 112.793317840551495, -7.286562194405634 ], [ 112.793309692941762, -7.286561748262971 ], [ 112.793302018782981, -7.286559864896223 ], [ 112.793294825686203, -7.286558458070798 ], [ 112.793289545420905, -7.286556086762979 ], [ 112.79328376887176, -7.286549411382921 ], [ 112.793280874889064, -7.286544638368849 ], [ 112.793279897543314, -7.286539857755191 ], [ 112.793276049047762, -7.286536045423486 ], [ 112.793272681614212, -7.286532709633207 ], [ 112.793269780020864, -7.286526022853607 ], [ 112.793269291348096, -7.286523632546761 ], [ 112.793264473118114, -7.286516953366546 ], [ 112.793262067808598, -7.286514570659091 ], [ 112.79325582161475, -7.286510289385033 ], [ 112.793255327233979, -7.286506463754083 ], [ 112.793256739976513, -7.286500238317044 ], [ 112.793260542806792, -7.286492568056725 ], [ 112.793269141033988, -7.28648583568056 ], [ 112.793276784748016, -7.286480063986706 ], [ 112.793281555409692, -7.28647478213331 ], [ 112.793282966249123, -7.286468078254927 ], [ 112.793279579789058, -7.286459958051154 ], [ 112.79327524832982, -7.286455190736415 ], [ 112.793271397932472, -7.286450899963123 ], [ 112.793269448950156, -7.286442774059649 ], [ 112.793270854081698, -7.286434634857239 ], [ 112.79327227633749, -7.28643080162695 ], [ 112.793276081069848, -7.286423609807997 ], [ 112.793278935094719, -7.286418335554137 ], [ 112.793282751243126, -7.286414014383258 ], [ 112.7932889498679, -7.286406334623694 ], [ 112.793296108713321, -7.286399129505729 ], [ 112.79330327707207, -7.286394316594405 ], [ 112.793314763570322, -7.286390921908095 ], [ 112.793322430115111, -7.286390891509973 ], [ 112.793331060686199, -7.28639229263591 ], [ 112.793340172319105, -7.286394170303129 ], [ 112.793346897670631, -7.286398449676325 ], [ 112.793353147668753, -7.286403687831961 ], [ 112.793358939438562, -7.286414190741954 ], [ 112.793359449042171, -7.286421843903156 ], [ 112.793363837585431, -7.286440964456597 ], [ 112.793368150017258, -7.286440947357086 ], [ 112.793373384613986, -7.286431836072582 ], [ 112.793379102175194, -7.286423679770735 ], [ 112.793386747789327, -7.286418386516922 ], [ 112.793392961634581, -7.286414534286874 ], [ 112.793401095921539, -7.286411631339475 ], [ 112.793411152553048, -7.286410156115968 ], [ 112.793418815292043, -7.286409168833519 ], [ 112.793426487545304, -7.286410573757464 ], [ 112.793439434353701, -7.286412914663743 ], [ 112.793446140677389, -7.286412409622163 ], [ 112.793457149917941, -7.286409495273706 ], [ 112.793458096818696, -7.286406620825849 ], [ 112.793467166588158, -7.286397972781831 ], [ 112.793473274209916, -7.286398585658524 ], [ 112.793335250919938, -7.286778127891261 ], [ 112.793314474832286, -7.286837044333582 ], [ 112.793300707005486, -7.286845136867516 ], [ 112.793292640989719, -7.286845351914301 ], [ 112.793278721140126, -7.286845723028875 ], [ 112.793261928076703, -7.286846170745086 ], [ 112.793250112324387, -7.286846485761953 ], [ 112.793238401615028, -7.28684389413001 ], [ 112.793233779514679, -7.286842871238567 ], [ 112.793223328268709, -7.28684055833103 ], [ 112.793214430887332, -7.286838589300459 ], [ 112.793205226457346, -7.286837477518993 ], [ 112.793198229013115, -7.286841239608021 ] ] ] ] } },
{ "type": "Feature", "properties": { "id": 60, "Id": 0, "Luas": 1751.13391372 }, "geometry": { "type": "MultiPolygon", "coordinates": [ [ [ [ 112.795550076866036, -7.279737920498853 ], [ 112.795531924426655, -7.279733829997364 ], [ 112.795518665588546, -7.279725270514834 ], [ 112.795511729265186, -7.279716111816516 ], [ 112.795508838369244, -7.27971210431578 ], [ 112.795507060893542, -7.279698906188688 ], [ 112.795486247358795, -7.279670281833967 ], [ 112.795473552085539, -7.279658849423444 ], [ 112.795456822806329, -7.279645136459381 ], [ 112.795430877836097, -7.279627441077794 ], [ 112.79542615694146, -7.279597030478664 ], [ 112.795408298256987, -7.279588489234706 ], [ 112.795397350770187, -7.279582791270922 ], [ 112.795376484722581, -7.279540961938184 ], [ 112.795359185036617, -7.279528399507245 ], [ 112.795341924174053, -7.279525597270666 ], [ 112.795320645292151, -7.279524533382699 ], [ 112.795302823149882, -7.279525178199719 ], [ 112.795279849009987, -7.279531584829532 ], [ 112.795263770080169, -7.279536815837693 ], [ 112.795248218176553, -7.279529987852779 ], [ 112.795233781983256, -7.279514543369344 ], [ 112.795223963910928, -7.27950367367755 ], [ 112.795216445764993, -7.279492794864917 ], [ 112.795207232360482, -7.279489386571695 ], [ 112.795198559685318, -7.279477364060472 ], [ 112.795196230074311, -7.279469909501482 ], [ 112.795197932183882, -7.279464161369392 ], [ 112.7951961958222, -7.279461297563755 ], [ 112.795193302647291, -7.279456715930692 ], [ 112.795193843376722, -7.279448101712866 ], [ 112.795198408976049, -7.279439471534474 ], [ 112.795204138238844, -7.279434281570978 ], [ 112.795208156258212, -7.279432543222805 ], [ 112.79521158559524, -7.279427362379605 ], [ 112.795203481052553, -7.279413615200537 ], [ 112.795199426497973, -7.279406167481713 ], [ 112.79518848358444, -7.27940161776951 ], [ 112.79518042014476, -7.279398204915105 ], [ 112.795178660949247, -7.279389599817423 ], [ 112.795184944642287, -7.279379240411521 ], [ 112.795181439952074, -7.27936547499125 ], [ 112.795180260305003, -7.279358015871841 ], [ 112.795182521412102, -7.279348246555488 ], [ 112.795183616572643, -7.27933446289487 ], [ 112.795189904831943, -7.27932525174745 ], [ 112.795203660996947, -7.279314288571861 ], [ 112.795209401675649, -7.279311969254611 ], [ 112.795220896733539, -7.279310775394965 ], [ 112.795230091866372, -7.279309590655378 ], [ 112.795235841678704, -7.279309567854512 ], [ 112.795246179923382, -7.279306656166889 ], [ 112.795253606725893, -7.279294569812975 ], [ 112.795263447360725, -7.279287019147778 ], [ 112.795263705165809, -7.279279554328567 ], [ 112.795265407274357, -7.279273806196563 ], [ 112.795268537701773, -7.279265755847596 ], [ 112.795271114841242, -7.279263162005803 ], [ 112.795278570186454, -7.279258252266304 ], [ 112.795282874552768, -7.279256225713273 ], [ 112.795290341315336, -7.279254186619422 ], [ 112.795291768492319, -7.279251597337869 ], [ 112.795295197827372, -7.279246416494588 ], [ 112.795300049772209, -7.279237498111415 ], [ 112.795311518566663, -7.279229701764711 ], [ 112.79531466611968, -7.279225957384335 ], [ 112.795315511464693, -7.279221647995444 ], [ 112.795315488629228, -7.279215906703948 ], [ 112.795314605605711, -7.279210742961827 ], [ 112.79531257604539, -7.279206444973725 ], [ 112.795308816974824, -7.279201005567755 ], [ 112.795305920375966, -7.279195562741563 ], [ 112.7953027408537, -7.279191269313663 ], [ 112.795302146462703, -7.279186391495982 ], [ 112.7953024179686, -7.2791823714518 ], [ 112.795302397416947, -7.279177204289409 ], [ 112.795302940428783, -7.279169164201096 ], [ 112.795305509575257, -7.27916456090725 ], [ 112.79530779123121, -7.279159958753485 ], [ 112.795314951091598, -7.279153040701876 ], [ 112.795319246322677, -7.279148717632177 ], [ 112.795326140385782, -7.279147254947476 ], [ 112.795329592555305, -7.2791478153957 ], [ 112.795335632139313, -7.279148365583119 ], [ 112.795340241121451, -7.279150643858354 ], [ 112.795347440943502, -7.279153773066412 ], [ 112.795351761293489, -7.279155765416997 ], [ 112.795354923688976, -7.279155752875942 ], [ 112.795357797452155, -7.279155454410388 ], [ 112.795366991439067, -7.279153982604331 ], [ 112.795372448049491, -7.279152525619461 ], [ 112.79538048864886, -7.279150197179861 ], [ 112.795386223615182, -7.279146442538221 ], [ 112.795395400474504, -7.279140664763182 ], [ 112.795397390071628, -7.279134915491066 ], [ 112.795395571500421, -7.27911138303755 ], [ 112.795396123645205, -7.279105639466037 ], [ 112.795398691648629, -7.279100749107411 ], [ 112.795402410755585, -7.279096141252873 ], [ 112.795405850364716, -7.279093543990383 ], [ 112.795411581904702, -7.279088928154982 ], [ 112.795416171475523, -7.279086326331931 ], [ 112.795422483705266, -7.279083143538981 ], [ 112.795428506160803, -7.27907938775699 ], [ 112.795433944500786, -7.279073337738721 ], [ 112.795437380684064, -7.279069879282395 ], [ 112.795441963403505, -7.279065555071841 ], [ 112.795445397302998, -7.279061522486374 ], [ 112.795447682382573, -7.279057781526016 ], [ 112.79545284807547, -7.279055464487019 ], [ 112.795458310393414, -7.279055442824264 ], [ 112.795464062485436, -7.279055994150399 ], [ 112.79546867831796, -7.279059994811719 ], [ 112.795471866975078, -7.279066584754715 ], [ 112.795474466949258, -7.279069732203367 ], [ 112.795476203310315, -7.279072596007936 ], [ 112.795479938402138, -7.279072007056714 ], [ 112.795483098513103, -7.279071420385824 ], [ 112.795488271057025, -7.279070825733727 ], [ 112.795491156238, -7.27907339791297 ], [ 112.795494332335025, -7.279076830145679 ], [ 112.795497797064414, -7.279080548302717 ], [ 112.795500682245518, -7.279083120481883 ], [ 112.795503278794357, -7.279085406736662 ], [ 112.79550731736289, -7.279088835548658 ], [ 112.79551163885435, -7.27909111496229 ], [ 112.795512226395886, -7.279094270391922 ], [ 112.795512250375353, -7.279100298747376 ], [ 112.795512832207493, -7.27910201885427 ], [ 112.795515444742875, -7.279108324012562 ], [ 112.79551574936157, -7.279112628840561 ], [ 112.795514608534845, -7.279114929917667 ], [ 112.795512030255878, -7.279117236695763 ], [ 112.795516354031463, -7.279120090238343 ], [ 112.795517515412101, -7.27912295632299 ], [ 112.795520694935405, -7.279127249749028 ], [ 112.79552300741986, -7.279130398337424 ], [ 112.795523599529133, -7.279134702025177 ], [ 112.795523334876535, -7.279140444456251 ], [ 112.795520475958384, -7.279144474761857 ], [ 112.795517331833508, -7.279149080336746 ], [ 112.795513616153315, -7.279154549385699 ], [ 112.795510189105372, -7.279160304358948 ], [ 112.795505624634146, -7.279163193152513 ], [ 112.795497209850154, -7.279167819630858 ], [ 112.795484964904446, -7.279173226817042 ], [ 112.795476550119972, -7.279177853295097 ], [ 112.795463511127636, -7.279176373971986 ], [ 112.795463526352449, -7.279180201499367 ], [ 112.795463547667197, -7.279185560037674 ], [ 112.79546434780319, -7.279193977557421 ], [ 112.79546747222318, -7.279208509999548 ], [ 112.795467523987924, -7.279221523592535 ], [ 112.795466039424952, -7.279233777761011 ], [ 112.795464545726986, -7.279243735413087 ], [ 112.795461543106043, -7.279259823189914 ], [ 112.795455437379218, -7.279266737063007 ], [ 112.795441674372185, -7.279275977857083 ], [ 112.795431735437262, -7.279282906932235 ], [ 112.79540723640271, -7.279291424786107 ], [ 112.795391161289473, -7.279297612678275 ], [ 112.795373568116858, -7.279307634178243 ], [ 112.795385128638245, -7.279322898682845 ], [ 112.795410488709635, -7.279338108459441 ], [ 112.79543124284271, -7.279351805466111 ], [ 112.795455793644862, -7.279356301203264 ], [ 112.795486486715376, -7.279363069130861 ], [ 112.795526355124636, -7.279363676525065 ], [ 112.795535573094909, -7.279368233069983 ], [ 112.795550178873, -7.279378126867972 ], [ 112.795558654563806, -7.279388810496368 ], [ 112.795564854691904, -7.279405627290042 ], [ 112.795567182024001, -7.279412507716662 ], [ 112.795580257566115, -7.279423173100021 ], [ 112.79558947858331, -7.279428495148804 ], [ 112.795593330063511, -7.279433072977412 ], [ 112.795593366607008, -7.279442259042322 ], [ 112.795590327447769, -7.279449160754117 ], [ 112.795581943113234, -7.279461442289241 ], [ 112.795577364579643, -7.279466819071741 ], [ 112.795575119469333, -7.279480607291537 ], [ 112.795573683634785, -7.279505109546399 ], [ 112.795569917421886, -7.279521965869429 ], [ 112.795564608789235, -7.279536531757783 ], [ 112.795565436336943, -7.279551838825373 ], [ 112.795570875917662, -7.27957018966986 ], [ 112.795579379021561, -7.279587762845493 ], [ 112.795590136371885, -7.27959384431716 ], [ 112.795602430051801, -7.279600685212205 ], [ 112.795620111543812, -7.279612863358309 ], [ 112.795624726622876, -7.27961667263987 ], [ 112.795631684264109, -7.279631189874014 ], [ 112.795638629724081, -7.279642645086427 ], [ 112.795647896428932, -7.279659449713404 ], [ 112.795647957338588, -7.279674759820969 ], [ 112.79564799083893, -7.279683180380155 ], [ 112.79564191861175, -7.279698514815498 ], [ 112.79563662520836, -7.279716908231453 ], [ 112.795626725860558, -7.279733788882409 ], [ 112.795607575032776, -7.279737692432942 ], [ 112.795581518333606, -7.279740092339951 ], [ 112.795550076866036, -7.279737920498853 ] ] ] ] } },
{ "type": "Feature", "properties": { "id": 61, "Id": 0, "Luas": 875.81206746299995 }, "geometry": { "type": "MultiPolygon", "coordinates": [ [ [ [ 112.795074587009097, -7.279485817042519 ], [ 112.795083182048316, -7.279478319163507 ], [ 112.795091208955782, -7.279472545952011 ], [ 112.795102092503569, -7.279462168306883 ], [ 112.795110701241995, -7.279458115202794 ], [ 112.79512162360632, -7.279457497753897 ], [ 112.79513370278363, -7.279458598132323 ], [ 112.795146945624253, -7.279463138725559 ], [ 112.79515560003054, -7.279470568204633 ], [ 112.795160799981417, -7.279476863105382 ], [ 112.795168881690159, -7.279484868993316 ], [ 112.795176951981887, -7.279490004235085 ], [ 112.795184442725358, -7.279493993498412 ], [ 112.795191360770943, -7.279498559170841 ], [ 112.795197715252598, -7.279505997769125 ], [ 112.795200615278461, -7.27951230178958 ], [ 112.795204110837474, -7.279523770692489 ], [ 112.795205297336565, -7.279532952199093 ], [ 112.795209340475324, -7.279537529271641 ], [ 112.795224858125962, -7.279535745320422 ], [ 112.795231194340374, -7.279538590884602 ], [ 112.795240410029606, -7.279542573306176 ], [ 112.795251937062929, -7.279549417252626 ], [ 112.79525999365508, -7.279551107717436 ], [ 112.795274400163692, -7.279559088520489 ], [ 112.795281900043406, -7.279565374298289 ], [ 112.795288813523598, -7.279568791710373 ], [ 112.795302047233633, -7.279571035781313 ], [ 112.795308949295801, -7.279571582547318 ], [ 112.795324519470753, -7.279583003562705 ], [ 112.795327405796897, -7.279585862806938 ], [ 112.795333762565605, -7.279593875531572 ], [ 112.795340703450904, -7.279604182492269 ], [ 112.79534764205286, -7.279613915323685 ], [ 112.795351705747152, -7.279623659556565 ], [ 112.795352899101104, -7.279634563449344 ], [ 112.79535122439826, -7.279647201131182 ], [ 112.795342079501467, -7.279661016715708 ], [ 112.795338082034561, -7.279667922227655 ], [ 112.795334089134982, -7.279675975997823 ], [ 112.795331809761734, -7.279681152281345 ], [ 112.795328410113328, -7.27969379680425 ], [ 112.795326123888842, -7.279697250700375 ], [ 112.795321015281104, -7.279713920968232 ], [ 112.795321076941363, -7.279729422454924 ], [ 112.795319965801042, -7.279739187210908 ], [ 112.795316582138298, -7.279755850637847 ], [ 112.795313164219664, -7.279763902127769 ], [ 112.795305712293526, -7.279769673063382 ], [ 112.795291340032293, -7.279770304200368 ], [ 112.795283265166603, -7.279764020703936 ], [ 112.795272837849765, -7.27974454135795 ], [ 112.795271626227532, -7.279729044431407 ], [ 112.795271023841991, -7.279722157161832 ], [ 112.795269273776626, -7.279715848581938 ], [ 112.795257755872811, -7.279711301153717 ], [ 112.795248013153937, -7.279719377725994 ], [ 112.795248067960856, -7.279733156825815 ], [ 112.795250381589682, -7.279736592479817 ], [ 112.795257883756335, -7.279743452386468 ], [ 112.79526192461428, -7.27974745532878 ], [ 112.795265392774184, -7.279752034680422 ], [ 112.795269454185188, -7.279761204784984 ], [ 112.795270629269069, -7.2797675156451 ], [ 112.795270097676905, -7.279778426379253 ], [ 112.795263788862499, -7.279782470366347 ], [ 112.795244819029492, -7.279783693873275 ], [ 112.795244262316743, -7.279788289186784 ], [ 112.795242571625778, -7.27979690796495 ], [ 112.795244321691371, -7.27980321654494 ], [ 112.795246067189723, -7.279808376866578 ], [ 112.795245544731742, -7.279821584117485 ], [ 112.795244990302706, -7.279826753560169 ], [ 112.795243872310024, -7.279834795928888 ], [ 112.795234154328156, -7.279849092234112 ], [ 112.79522652215708, -7.2798577345749 ], [ 112.795220785658941, -7.279861106464158 ], [ 112.795219855901081, -7.27986828687911 ], [ 112.795221308580153, -7.279872108706272 ], [ 112.795222765065347, -7.279876887415348 ], [ 112.795223742398946, -7.279881668024625 ], [ 112.795224246290033, -7.279887885857012 ], [ 112.795223335562653, -7.279899850681669 ], [ 112.795220962640812, -7.279905601474373 ], [ 112.795203745532234, -7.279913803378304 ], [ 112.795185073840798, -7.279917705013469 ], [ 112.795173570394368, -7.27991679373566 ], [ 112.795161572572411, -7.279912056829808 ], [ 112.795155322667824, -7.279906818680917 ], [ 112.795150485479979, -7.279895355098622 ], [ 112.795151400015257, -7.279884347155617 ], [ 112.795154233060117, -7.279873810053073 ], [ 112.795156117316381, -7.279865668955751 ], [ 112.795156083063176, -7.279857057017947 ], [ 112.795155577270194, -7.279850360744282 ], [ 112.795151242070233, -7.279844636553549 ], [ 112.795142122966027, -7.27984084512788 ], [ 112.795136356020279, -7.27983656196029 ], [ 112.795131530251552, -7.279827969023436 ], [ 112.79513053388996, -7.279818404003737 ], [ 112.795131456037709, -7.279809309824626 ], [ 112.795131435105631, -7.279804046973679 ], [ 112.795132357253422, -7.27979495279459 ], [ 112.795133292721587, -7.279789207702467 ], [ 112.795132284942795, -7.279776772036742 ], [ 112.795129377684106, -7.279768649940323 ], [ 112.795125998885638, -7.279762443507929 ], [ 112.795124550013639, -7.279759578562159 ], [ 112.795122601058338, -7.279751452665487 ], [ 112.795125449326974, -7.279744743091063 ], [ 112.795126390503967, -7.27974043332194 ], [ 112.79512587900328, -7.279732301725055 ], [ 112.79512441871411, -7.279726566133271 ], [ 112.79511766872983, -7.279716067032127 ], [ 112.795116214149473, -7.279711766763283 ], [ 112.795118106018037, -7.279705539430037 ], [ 112.795121920201055, -7.279700739819615 ], [ 112.795118997720408, -7.279688790194919 ], [ 112.795114637785645, -7.27967684627029 ], [ 112.795112694539796, -7.279670155696427 ], [ 112.795106414194066, -7.279657262489748 ], [ 112.795103518354196, -7.279652011038829 ], [ 112.795104444308663, -7.279643873741692 ], [ 112.795107756505956, -7.279633334739393 ], [ 112.795112506157295, -7.279622790037047 ], [ 112.795118706582571, -7.279615588721658 ], [ 112.795123469553545, -7.279608393106299 ], [ 112.795123439107883, -7.279600738050266 ], [ 112.795118126580263, -7.279590233248517 ], [ 112.795115717503592, -7.279586893661607 ], [ 112.795112363444119, -7.279586906961736 ], [ 112.795100875228599, -7.279589823208023 ], [ 112.795090356732473, -7.279595606300145 ], [ 112.7950807756079, -7.279596122740949 ], [ 112.795069715167685, -7.279586119179167 ], [ 112.795065372360824, -7.2795784812226 ], [ 112.795060012265409, -7.279556015394265 ], [ 112.795058072826791, -7.27955028170187 ], [ 112.795058019549273, -7.2795368853533 ], [ 112.7950555648071, -7.279522063181377 ], [ 112.795059820085896, -7.279507692851264 ], [ 112.795065046986394, -7.27949666780847 ], [ 112.795074587009097, -7.279485817042519 ] ] ] ] } },
{ "type": "Feature", "properties": { "id": 62, "Id": 0, "Luas": 1249.547302 }, "geometry": { "type": "MultiPolygon", "coordinates": [ [ [ [ 112.792568206247552, -7.282173022507083 ], [ 112.792578845033077, -7.282149249287616 ], [ 112.792582626568375, -7.282136220491648 ], [ 112.792582580948505, -7.282124737892835 ], [ 112.792581017240238, -7.282117088900518 ], [ 112.792573314269319, -7.282107933189256 ], [ 112.7925716745291, -7.28208114653204 ], [ 112.792577004565885, -7.282071939195602 ], [ 112.792590007159447, -7.282064232504527 ], [ 112.792601482540306, -7.282058062900003 ], [ 112.792609136849137, -7.2820549705056 ], [ 112.792619094141386, -7.28205263450722 ], [ 112.792627527262795, -7.282052601102032 ], [ 112.792635193736785, -7.282052570733548 ], [ 112.792650541891675, -7.282056337529006 ], [ 112.792665908295334, -7.282064697363194 ], [ 112.792671290034363, -7.282068503637516 ], [ 112.792685862418011, -7.28206997694886 ], [ 112.792698110527468, -7.282065335318276 ], [ 112.792697340838586, -7.282064572848708 ], [ 112.79269118941059, -7.282060004105121 ], [ 112.792683501646465, -7.282054675928741 ], [ 112.792678113824635, -7.282049338641428 ], [ 112.792669635081978, -7.282037889449246 ], [ 112.792665001742179, -7.282029487098553 ], [ 112.792665719726799, -7.282017235956747 ], [ 112.792667213483, -7.282007278297735 ], [ 112.79267024965803, -7.281999611084624 ], [ 112.792670964601228, -7.281986594436291 ], [ 112.79266634646919, -7.281982019618251 ], [ 112.792657140619227, -7.281980525047578 ], [ 112.792642580403893, -7.281982113760864 ], [ 112.79263722603838, -7.28198519704498 ], [ 112.792628808124974, -7.2819890579829 ], [ 112.79261884171018, -7.281989097461421 ], [ 112.792607329835491, -7.28198608098696 ], [ 112.792604232833298, -7.281978438068232 ], [ 112.792605708343245, -7.281963887369618 ], [ 112.792615644344494, -7.281956192825721 ], [ 112.792618656189873, -7.281942401560174 ], [ 112.792617083358508, -7.281932456048203 ], [ 112.792614774293043, -7.281930168638768 ], [ 112.792604807879457, -7.281930208116664 ], [ 112.79259404440603, -7.281922595565193 ], [ 112.792590950445998, -7.281915718152774 ], [ 112.792584765567554, -7.281902728834433 ], [ 112.792583122789182, -7.281875176670405 ], [ 112.792586928653748, -7.281868271927557 ], [ 112.792591507247778, -7.281862895161209 ], [ 112.792595328318285, -7.281859817951311 ], [ 112.79260145237123, -7.281857497137866 ], [ 112.792609112759493, -7.281855935757461 ], [ 112.792615242894811, -7.281855145956972 ], [ 112.792627509247879, -7.281855097368977 ], [ 112.792629021253006, -7.281849732749416 ], [ 112.79263359680499, -7.281843590476237 ], [ 112.792638178439447, -7.28183897921619 ], [ 112.79264659939156, -7.281835883785323 ], [ 112.79265195679676, -7.2818335660081 ], [ 112.792663435212631, -7.281828161910106 ], [ 112.792671856164233, -7.281825066478893 ], [ 112.792674128733069, -7.281818167809386 ], [ 112.792683304165948, -7.281812007314953 ], [ 112.792694022016548, -7.281808137266363 ], [ 112.79271011856116, -7.281807307985617 ], [ 112.792720851618398, -7.281807265469166 ], [ 112.792800607231172, -7.281813073676758 ], [ 112.792811343329589, -7.281813796664621 ], [ 112.792822867366112, -7.281819875160642 ], [ 112.792831343064876, -7.281830558843636 ], [ 112.792839830930603, -7.281844304552309 ], [ 112.792848312713602, -7.281856519247736 ], [ 112.792857561144118, -7.281868730905711 ], [ 112.792869103432764, -7.281879402438884 ], [ 112.792880630513295, -7.281886246439282 ], [ 112.792888354776494, -7.281900760690072 ], [ 112.792889173133304, -7.281913771262774 ], [ 112.792887676340214, -7.281922963414831 ], [ 112.792884652336454, -7.281933692654251 ], [ 112.79288315858507, -7.281943650312798 ], [ 112.792878604328664, -7.281955151133194 ], [ 112.792883986067395, -7.2819589574049 ], [ 112.7928916525387, -7.281958927032459 ], [ 112.792900088698872, -7.281959659129078 ], [ 112.792906991564791, -7.281960397300086 ], [ 112.792910849134913, -7.281966506165346 ], [ 112.792915512895974, -7.281982563577085 ], [ 112.792914819252729, -7.282000938769256 ], [ 112.792908707367971, -7.282006321612871 ], [ 112.792898771372407, -7.282014016162222 ], [ 112.792897265454258, -7.282020911794935 ], [ 112.792897304997837, -7.282030863378879 ], [ 112.79289733237421, -7.282037752937017 ], [ 112.792894314454259, -7.282050013189536 ], [ 112.792889735863241, -7.282055389958493 ], [ 112.792884375415781, -7.2820569422324 ], [ 112.792869809117036, -7.282056999940466 ], [ 112.79286521227499, -7.282057783670429 ], [ 112.792854512671965, -7.282066246762984 ], [ 112.792846867490908, -7.282071635680571 ], [ 112.792835398198079, -7.2820793363036 ], [ 112.792828510538754, -7.282082425664338 ], [ 112.792825477408158, -7.282090858384461 ], [ 112.7928262896814, -7.282102337944542 ], [ 112.792826329223885, -7.282112289528856 ], [ 112.792824832429787, -7.282121481681086 ], [ 112.792820275129344, -7.282132216995142 ], [ 112.792820299463173, -7.282138341047032 ], [ 112.792820345089197, -7.28214982364434 ], [ 112.792813487846004, -7.282160568070012 ], [ 112.792802027675648, -7.282170565212315 ], [ 112.792792112966694, -7.282183618306094 ], [ 112.792788322312674, -7.282194350582949 ], [ 112.792789131544126, -7.282205064636742 ], [ 112.792793010407792, -7.282216532048276 ], [ 112.792796098290296, -7.282221878444963 ], [ 112.792799207464995, -7.282232583387055 ], [ 112.792799222673679, -7.282236410919533 ], [ 112.792796183458719, -7.282243312626802 ], [ 112.792788544357691, -7.282250232557275 ], [ 112.792781662778964, -7.28225485293098 ], [ 112.792770187397323, -7.282261022540694 ], [ 112.792761002833402, -7.282264886519161 ], [ 112.792752578833657, -7.282267216447361 ], [ 112.792740309428581, -7.282266499534956 ], [ 112.792732642951421, -7.282266529906111 ], [ 112.792719600815317, -7.282264285017185 ], [ 112.792711928254917, -7.282262784374938 ], [ 112.792706525221789, -7.28225361955603 ], [ 112.792701882753462, -7.282242920686903 ], [ 112.792698764456034, -7.282229919223983 ], [ 112.792693361423744, -7.282220754404761 ], [ 112.792688743288537, -7.282216179587636 ], [ 112.792674913215606, -7.282208579188204 ], [ 112.792673340380674, -7.282198633677065 ], [ 112.792679446188046, -7.282191719822283 ], [ 112.792687848896506, -7.282184031349922 ], [ 112.792692409242179, -7.282174061542889 ], [ 112.792693130266841, -7.282162575907808 ], [ 112.792694617939063, -7.282151087235714 ], [ 112.792693823917844, -7.282144200713835 ], [ 112.792689178410043, -7.282132736337644 ], [ 112.792686114861496, -7.282133513992092 ], [ 112.792666233731083, -7.282146606564382 ], [ 112.792664746058094, -7.282158095236559 ], [ 112.792667852187606, -7.28216803467391 ], [ 112.792665606991591, -7.282181822902696 ], [ 112.79265647109132, -7.282197934983755 ], [ 112.792643486744822, -7.282210234716703 ], [ 112.792628190288795, -7.282219481533909 ], [ 112.792611333163961, -7.282221844865398 ], [ 112.792596754692156, -7.282218840539659 ], [ 112.792586763941173, -7.282212755966063 ], [ 112.792578288237664, -7.282202072278978 ], [ 112.792571357995257, -7.282194444544406 ], [ 112.792568206247552, -7.282173022507083 ] ] ] ] } },
{ "type": "Feature", "properties": { "id": 63, "Id": 0, "Luas": 5198.3670868 }, "geometry": { "type": "MultiPolygon", "coordinates": [ [ [ [ 112.792836178148349, -7.281705627796053 ], [ 112.792844785815021, -7.281701287655112 ], [ 112.792855787351428, -7.281696459581634 ], [ 112.792863453818384, -7.28169642921076 ], [ 112.792869696129898, -7.281699753625196 ], [ 112.792874966825934, -7.281699732745063 ], [ 112.792885029063797, -7.281699692882817 ], [ 112.792889350956628, -7.281702068006632 ], [ 112.792897030730884, -7.281705386725995 ], [ 112.792903271141611, -7.281708232698315 ], [ 112.79291286563172, -7.281711065382864 ], [ 112.792922450616501, -7.281711505859521 ], [ 112.792924352024613, -7.281707670734217 ], [ 112.792927688994141, -7.281703351472632 ], [ 112.792934402855835, -7.281704760221638 ], [ 112.792938724748865, -7.281707135344903 ], [ 112.792941618684907, -7.281711908370631 ], [ 112.792946414028904, -7.28171284627096 ], [ 112.792952643033217, -7.281712821593334 ], [ 112.792961264006166, -7.281711830541115 ], [ 112.792966036536697, -7.28170702714291 ], [ 112.792969379209097, -7.281704143205694 ], [ 112.792977030466659, -7.281700285300707 ], [ 112.792981816304817, -7.281698830993046 ], [ 112.792988999814852, -7.28169784563532 ], [ 112.792994266708234, -7.281696867870765 ], [ 112.792999054447421, -7.281695892004481 ], [ 112.793003842186565, -7.281694916138166 ], [ 112.79300480049487, -7.281694912341502 ], [ 112.793015355194228, -7.281698219668633 ], [ 112.793021103142806, -7.281697718446946 ], [ 112.793026868201991, -7.281701523198751 ], [ 112.793034074526133, -7.281706279138414 ], [ 112.793035055648772, -7.281712016639751 ], [ 112.793034591704185, -7.281715846070186 ], [ 112.793037953388122, -7.281717746547614 ], [ 112.793042748732134, -7.281718684446843 ], [ 112.793049928439672, -7.281716742205115 ], [ 112.793056627091758, -7.281714323420143 ], [ 112.793063333348655, -7.281713818401093 ], [ 112.793068604044294, -7.281713797518664 ], [ 112.793078671985114, -7.281715192976532 ], [ 112.793083948384464, -7.281716607418408 ], [ 112.793093067523344, -7.281720398880218 ], [ 112.793098826879458, -7.281722768306426 ], [ 112.793104118489126, -7.281728010279915 ], [ 112.793107016229385, -7.281733740187098 ], [ 112.793113277555321, -7.281741849012458 ], [ 112.793119521769839, -7.281745651864303 ], [ 112.793127174927392, -7.281742272398374 ], [ 112.793134347029365, -7.281738416389343 ], [ 112.793140558921564, -7.281734085735754 ], [ 112.793146282152904, -7.281727364773189 ], [ 112.793150098274126, -7.281723043611962 ], [ 112.793157272276844, -7.281719666044165 ], [ 112.793163512688579, -7.281722512012456 ], [ 112.793169253031451, -7.281720097022975 ], [ 112.793174487601277, -7.281710985751353 ], [ 112.793179737381706, -7.281705702011478 ], [ 112.793186439835196, -7.281704240107746 ], [ 112.793197460379645, -7.281704196441477 ], [ 112.793203706495348, -7.281708477733572 ], [ 112.793208505641957, -7.281710372513944 ], [ 112.793218086822705, -7.281709856101314 ], [ 112.793226692582579, -7.281705037512557 ], [ 112.793236745311546, -7.281702605435191 ], [ 112.793241517838339, -7.281697802034817 ], [ 112.793249636837928, -7.281691071578497 ], [ 112.793257765344364, -7.281686733329337 ], [ 112.793257263373206, -7.281680993930563 ], [ 112.793251975565724, -7.281676708842044 ], [ 112.79324668205409, -7.281670988429056 ], [ 112.793242831708994, -7.281666697644628 ], [ 112.793229403987112, -7.281663880155867 ], [ 112.793222695830352, -7.281663906735697 ], [ 112.79320641029652, -7.281665406610684 ], [ 112.793194925809843, -7.281669279707186 ], [ 112.793181507594554, -7.281668854424287 ], [ 112.793168540013369, -7.281661250620401 ], [ 112.79315845686348, -7.281656027632508 ], [ 112.793146432380681, -7.281644592498973 ], [ 112.793131550085704, -7.281637474729057 ], [ 112.793126754742644, -7.281636536830567 ], [ 112.793114798706469, -7.281642325589448 ], [ 112.793102380627133, -7.281652422219905 ], [ 112.793088977621679, -7.28165582446608 ], [ 112.793076510109358, -7.281653481617124 ], [ 112.79306596681829, -7.281653044940239 ], [ 112.793059245352651, -7.281649722427118 ], [ 112.793048198191983, -7.281643067908626 ], [ 112.793040993770134, -7.281638790410489 ], [ 112.793032378502602, -7.28164121678835 ], [ 112.793024248092564, -7.281645076592296 ], [ 112.793019950915067, -7.281648921209433 ], [ 112.793016150002074, -7.281657069901828 ], [ 112.793008061416998, -7.281671455418935 ], [ 112.79299562432243, -7.281676767632051 ], [ 112.792985600108437, -7.281686376327036 ], [ 112.792969318373153, -7.28168883307693 ], [ 112.792947760238548, -7.281689875382665 ], [ 112.792931931041622, -7.281685632051532 ], [ 112.792916556285221, -7.28167516708153 ], [ 112.79291126277694, -7.281669446663593 ], [ 112.792904037443847, -7.281659906306119 ], [ 112.792900177596223, -7.281653223310226 ], [ 112.79289201106468, -7.281647992722743 ], [ 112.792887194810149, -7.281641791964595 ], [ 112.792880475246349, -7.281638947889983 ], [ 112.792870880757931, -7.281636115204317 ], [ 112.792856979585494, -7.281634734926535 ], [ 112.79285122973603, -7.281634757704428 ], [ 112.792843097422761, -7.281638139063912 ], [ 112.792837379889676, -7.281646295348176 ], [ 112.792832626367641, -7.281655883160811 ], [ 112.792826425878104, -7.281663084460026 ], [ 112.792824522568196, -7.281666441143519 ], [ 112.792830293328805, -7.281671681223046 ], [ 112.792834187393339, -7.281686976167825 ], [ 112.792834661409444, -7.281692395994202 ], [ 112.792827579149773, -7.281691246189466 ], [ 112.792746955280478, -7.281682374726077 ], [ 112.792630576888314, -7.281668657672763 ], [ 112.792632918038905, -7.281660678868658 ], [ 112.792636484134434, -7.281653727230789 ], [ 112.792638861848204, -7.281649172545804 ], [ 112.792635010557461, -7.281644642533933 ], [ 112.792631874196601, -7.281639152791874 ], [ 112.792628497308357, -7.281633424777957 ], [ 112.792624875140888, -7.281626262388082 ], [ 112.792623423422839, -7.281622679769676 ], [ 112.792622683783492, -7.281617419758767 ], [ 112.792621946995254, -7.281612877410262 ], [ 112.792621452635274, -7.281609051775232 ], [ 112.792623591722361, -7.281604737260084 ], [ 112.792624046166992, -7.281598515621165 ], [ 112.792624026209324, -7.281593491984166 ], [ 112.792624735436874, -7.281591096929233 ], [ 112.79262687927573, -7.281587978518142 ], [ 112.792630462477675, -7.28158533285496 ], [ 112.79263501254114, -7.281584836383174 ], [ 112.792639562604577, -7.281584339911378 ], [ 112.792643147707139, -7.281582172689733 ], [ 112.792645772600679, -7.281579530822269 ], [ 112.79264839844457, -7.281577128175621 ], [ 112.79265150629368, -7.281575441293486 ], [ 112.792654850868658, -7.281573035799923 ], [ 112.792658686002284, -7.281573499058051 ], [ 112.792662035329116, -7.281572289668484 ], [ 112.792665378953629, -7.281569644954073 ], [ 112.79266775666683, -7.281565090269104 ], [ 112.792670863565363, -7.281563164166016 ], [ 112.792674451518735, -7.28156171460661 ], [ 112.792677076411962, -7.28155907273907 ], [ 112.792681143519346, -7.281557621281657 ], [ 112.792684741926948, -7.281558803150991 ], [ 112.792689536318989, -7.281559501833779 ], [ 112.792693366700476, -7.281558768987646 ], [ 112.792695276664006, -7.28155708685015 ], [ 112.79269694229852, -7.281554209557682 ], [ 112.792697165718778, -7.281550141855078 ], [ 112.792696196956257, -7.281547514222243 ], [ 112.792695709248605, -7.281545363133003 ], [ 112.792695940272083, -7.281543209196832 ], [ 112.792696409922186, -7.281540815090858 ], [ 112.792698556611498, -7.281538414342 ], [ 112.79270142678385, -7.281537206850199 ], [ 112.792703098120654, -7.2815357648825 ], [ 112.792703080063077, -7.28153121968732 ], [ 112.792704484261264, -7.281522841265433 ], [ 112.792704694375942, -7.281515424471674 ], [ 112.792707560746564, -7.281513260096675 ], [ 112.792710664793361, -7.281510616331079 ], [ 112.79271544682959, -7.281508205143332 ], [ 112.792720238369824, -7.281508186163523 ], [ 112.792727189904767, -7.281509115525896 ], [ 112.792734137638078, -7.281509088004976 ], [ 112.792740121360808, -7.281507628955169 ], [ 112.792744415689029, -7.281503066678046 ], [ 112.792749210080373, -7.281503765360327 ], [ 112.792753035709083, -7.28150183640986 ], [ 112.792757099013897, -7.281499428068772 ], [ 112.792762602631953, -7.281497731695979 ], [ 112.792767155545363, -7.281497952885488 ], [ 112.792770751101216, -7.281498417091846 ], [ 112.792776740526179, -7.281498393366379 ], [ 112.792780581361654, -7.281500291948338 ], [ 112.792785142829004, -7.281502666124779 ], [ 112.792789940071643, -7.281504082468982 ], [ 112.792794973089514, -7.281504540980926 ], [ 112.792799277871907, -7.281502610132066 ], [ 112.792804780539271, -7.281500674537968 ], [ 112.792812440349977, -7.281498969623305 ], [ 112.792818668401338, -7.281498705727453 ], [ 112.792828728734094, -7.28149818742599 ], [ 112.792837113928783, -7.281498154209238 ], [ 112.792843107155406, -7.281499087366003 ], [ 112.792846243517104, -7.281504577106243 ], [ 112.792848176291074, -7.281508636267031 ], [ 112.792852514339799, -7.281515078144993 ], [ 112.792860675165386, -7.281518873409246 ], [ 112.792866900365397, -7.281517891850339 ], [ 112.792869756279643, -7.281513096045921 ], [ 112.792873824336112, -7.281511883807818 ], [ 112.792877897144976, -7.281511867673552 ], [ 112.792885322130743, -7.281511359810595 ], [ 112.792890592824534, -7.281511338930818 ], [ 112.792896587952285, -7.281512750528369 ], [ 112.792899707205663, -7.281513934294113 ], [ 112.792905466558452, -7.281516303723699 ], [ 112.792910497675251, -7.281516283792764 ], [ 112.79291384605007, -7.281514835180827 ], [ 112.792915510732371, -7.281511718667125 ], [ 112.792919569283498, -7.281508114220927 ], [ 112.792921007695924, -7.281508347747112 ], [ 112.79292604071361, -7.281508806257568 ], [ 112.79292865705014, -7.281504011402046 ], [ 112.792931280040207, -7.281500891091912 ], [ 112.792936786508676, -7.28149991237946 ], [ 112.79294206575689, -7.281502044486036 ], [ 112.792945886631713, -7.281498919430317 ], [ 112.792948032368756, -7.281496279459877 ], [ 112.792957138194822, -7.281496721835111 ], [ 112.792966026306189, -7.281502667236872 ], [ 112.792966999917695, -7.281506514894676 ], [ 112.792968542335487, -7.281508805339659 ], [ 112.792970850639236, -7.281510901370796 ], [ 112.792975450517233, -7.281510883147579 ], [ 112.792977558034224, -7.281510683418616 ], [ 112.792980241296362, -7.281510672788373 ], [ 112.792984460132473, -7.281511230213516 ], [ 112.792985816972291, -7.281515052430582 ], [ 112.792983718580544, -7.281517548678862 ], [ 112.792984500435622, -7.281521373173848 ], [ 112.792988732199319, -7.281525184001262 ], [ 112.792991607123128, -7.28152517261162 ], [ 112.792996203959461, -7.281524388881714 ], [ 112.793000606092406, -7.281522840404675 ], [ 112.79300348253706, -7.281523211768162 ], [ 112.793010957338879, -7.281523182154825 ], [ 112.793017860958173, -7.281524111702359 ], [ 112.793025727448111, -7.281526185712788 ], [ 112.793032058364048, -7.281527691667875 ], [ 112.793035143200441, -7.281532272557116 ], [ 112.793039181782035, -7.281535701390062 ], [ 112.793041277131621, -7.281532439635174 ], [ 112.793041255838688, -7.281527081090274 ], [ 112.793043345865001, -7.281522479699138 ], [ 112.793048318419594, -7.281519780684047 ], [ 112.793052141765116, -7.281517277601524 ], [ 112.79305462804237, -7.281515928093941 ], [ 112.793058270372796, -7.281516105043161 ], [ 112.793060571072175, -7.281516287307684 ], [ 112.79306420960026, -7.281515507373862 ], [ 112.793070145785777, -7.281514144198066 ], [ 112.793073400990636, -7.28151336578286 ], [ 112.793077803883506, -7.281512008681714 ], [ 112.793080293963001, -7.281511616057035 ], [ 112.793083364350537, -7.281512560790487 ], [ 112.793084143924958, -7.281515811155282 ], [ 112.793083009925581, -7.281519834619963 ], [ 112.793083215275772, -7.28152327863939 ], [ 112.793085527382388, -7.281526331552808 ], [ 112.793088203039659, -7.281524407155906 ], [ 112.793089911263252, -7.281520190036576 ], [ 112.793094509620062, -7.281519789058929 ], [ 112.793098344372524, -7.281520156625052 ], [ 112.793103329854901, -7.281520711011576 ], [ 112.793108316097786, -7.281521456774652 ], [ 112.793114081154826, -7.281525261525777 ], [ 112.79312214843236, -7.281529631294207 ], [ 112.793127336223378, -7.28153286419341 ], [ 112.793130232441015, -7.28153821134751 ], [ 112.793135820286423, -7.281545653012895 ], [ 112.793140256641522, -7.281552716481225 ], [ 112.793140996363164, -7.281555584244482 ], [ 112.793143478837649, -7.281553277853493 ], [ 112.793147303703719, -7.281551157523419 ], [ 112.793150551303455, -7.281548465341668 ], [ 112.793153238368134, -7.281549411593305 ], [ 112.793157064755121, -7.281547674016338 ], [ 112.793162610772669, -7.281544589968777 ], [ 112.793167196961221, -7.28154112696491 ], [ 112.793171026390155, -7.281540154894222 ], [ 112.793175820971598, -7.281540901415843 ], [ 112.793182151127212, -7.281542215992089 ], [ 112.793185795739234, -7.281542967069963 ], [ 112.793189816829653, -7.281541994239745 ], [ 112.793192880372729, -7.281541216583045 ], [ 112.7931980476299, -7.281539282313441 ], [ 112.793203603533868, -7.281538686161064 ], [ 112.793208966255179, -7.281537708014885 ], [ 112.793212998753489, -7.281539605833258 ], [ 112.793216267647722, -7.281542272195549 ], [ 112.793220104681836, -7.281543213890303 ], [ 112.793224895460554, -7.281543003528486 ], [ 112.793227206046993, -7.281545673687744 ], [ 112.793230648349848, -7.281543746252476 ], [ 112.793231983135939, -7.281542018547317 ], [ 112.793235232256066, -7.281539709118304 ], [ 112.793237718532609, -7.281538359609818 ], [ 112.793241551003419, -7.281538153044896 ], [ 112.793246150120453, -7.281537943442304 ], [ 112.793250749998037, -7.281537925216223 ], [ 112.793256687703789, -7.28153694479121 ], [ 112.793262444395737, -7.281538644397702 ], [ 112.793267051118292, -7.281540348560668 ], [ 112.793271276799459, -7.281542628372173 ], [ 112.793275488029934, -7.281541272028647 ], [ 112.793278157601705, -7.28153781661819 ], [ 112.793283132436088, -7.281535691730552 ], [ 112.793288312622238, -7.281537010861828 ], [ 112.79329713818089, -7.28153927244656 ], [ 112.793306999054209, -7.28154081225528 ], [ 112.793319466562892, -7.281543155098343 ], [ 112.793331924564299, -7.28154310573388 ], [ 112.793344388270043, -7.281544491693349 ], [ 112.793354477122733, -7.281551150001491 ], [ 112.793366942730117, -7.281553014401724 ], [ 112.793372241945704, -7.281560170137531 ], [ 112.793383271993136, -7.281562518674697 ], [ 112.793389961132462, -7.281557707678677 ], [ 112.793400502518196, -7.281557665907046 ], [ 112.793412025030335, -7.281563361634659 ], [ 112.793417818613094, -7.281574343002263 ], [ 112.793422642478916, -7.281582457518793 ], [ 112.793428445570157, -7.281595831093163 ], [ 112.793439021185279, -7.281604401265663 ], [ 112.793450081659572, -7.281614404863254 ], [ 112.793453956726665, -7.281624915383742 ], [ 112.793467875010862, -7.281630601615353 ], [ 112.793479905204222, -7.281643472062594 ], [ 112.79349233279379, -7.281659881456561 ], [ 112.793492654516214, -7.281668492262243 ], [ 112.793493536390443, -7.281673368946469 ], [ 112.793494703475119, -7.281677670361736 ], [ 112.793493867241011, -7.281684276270789 ], [ 112.7934927549246, -7.281693753967468 ], [ 112.793491640326167, -7.281702657534521 ], [ 112.793492521059548, -7.281707247153906 ], [ 112.793499700382867, -7.281705209217246 ], [ 112.793504852426054, -7.281699447412947 ], [ 112.793509447740547, -7.281698280924521 ], [ 112.793517793007567, -7.281700257337926 ], [ 112.793525257540949, -7.28169764413195 ], [ 112.793532452838335, -7.281699625102411 ], [ 112.793537075537557, -7.281705348169522 ], [ 112.793538809620316, -7.281707637852072 ], [ 112.793544868640723, -7.281713068157535 ], [ 112.793547482316484, -7.281719660394342 ], [ 112.793547788065638, -7.281724252292167 ], [ 112.793552127837117, -7.281731124757625 ], [ 112.793559914094701, -7.281737122356298 ], [ 112.793561099437213, -7.281746016808303 ], [ 112.793566014194028, -7.281752886994799 ], [ 112.793566034733146, -7.281758054161574 ], [ 112.793569812072178, -7.281768086618449 ], [ 112.793568399713422, -7.28177440774132 ], [ 112.793564968061062, -7.281779014450866 ], [ 112.793566423780419, -7.281783601791152 ], [ 112.793570186285862, -7.281789902405318 ], [ 112.793572793116226, -7.281794772252853 ], [ 112.793578540683299, -7.281794175335681 ], [ 112.793583122305364, -7.281789564068517 ], [ 112.793587702786269, -7.281784665736518 ], [ 112.793592573041693, -7.281780340394741 ], [ 112.793595143357464, -7.281776024168003 ], [ 112.793602030624172, -7.281772839109704 ], [ 112.793609497440016, -7.281770800031812 ], [ 112.793614964360756, -7.281771926642507 ], [ 112.793621309734235, -7.281777068742282 ], [ 112.793626497150328, -7.281780205945884 ], [ 112.793633120887606, -7.281783050387539 ], [ 112.793638601501854, -7.281787621775599 ], [ 112.793644658242215, -7.281792477949504 ], [ 112.793648427595457, -7.281800500951602 ], [ 112.793639542716207, -7.281807425829084 ], [ 112.793634100899553, -7.281812614644588 ], [ 112.793631243091639, -7.281816932010884 ], [ 112.793629828451571, -7.281822679004145 ], [ 112.793635305643022, -7.281826389197698 ], [ 112.793638769246115, -7.281829820302317 ], [ 112.79364656349442, -7.281837827352383 ], [ 112.793641988719514, -7.281844161008999 ], [ 112.79363741166226, -7.281849920535948 ], [ 112.793639735565762, -7.281855939781473 ], [ 112.793642050340353, -7.281859662508544 ], [ 112.793640627712534, -7.281863400048193 ], [ 112.79363317230677, -7.281868309775032 ], [ 112.79362713952878, -7.281869481962167 ], [ 112.793623114633775, -7.281869497914056 ], [ 112.793617951179911, -7.281872389071689 ], [ 112.793614243446271, -7.281879867569168 ], [ 112.793615134451656, -7.281887040771182 ], [ 112.793615166402887, -7.281895078585851 ], [ 112.793613763173767, -7.281903696227282 ], [ 112.793610058863294, -7.281912035919198 ], [ 112.793606645468572, -7.281921235666171 ], [ 112.793602661653154, -7.281931585951241 ], [ 112.793599809549974, -7.281937338641639 ], [ 112.793601844820074, -7.281943071961948 ], [ 112.793606454970956, -7.281945637314561 ], [ 112.793606441277532, -7.28194219253682 ], [ 112.793606715076663, -7.281938746619661 ], [ 112.793611310392947, -7.28193758012968 ], [ 112.793618227330938, -7.28194185875562 ], [ 112.793625124869791, -7.281941257279669 ], [ 112.793630314570336, -7.28194496861239 ], [ 112.793635195096826, -7.281943226853106 ], [ 112.793637480202378, -7.281939485895109 ], [ 112.793638598220724, -7.281931443522787 ], [ 112.79363685386619, -7.281926570257697 ], [ 112.79363194481158, -7.281921135396755 ], [ 112.793627909645977, -7.281918567765548 ], [ 112.793627030051482, -7.281914265211716 ], [ 112.793633915037461, -7.281910506022861 ], [ 112.793638214872871, -7.281907331218476 ], [ 112.793638173792132, -7.281896996885455 ], [ 112.793630972785692, -7.281893580593515 ], [ 112.793628935233372, -7.281887273143728 ], [ 112.793630625954691, -7.281878654362954 ], [ 112.793638646075507, -7.281871158773988 ], [ 112.793643802682411, -7.281866545227322 ], [ 112.793648690054823, -7.281866525856949 ], [ 112.793654725114919, -7.28186592779916 ], [ 112.793662502247074, -7.281869628876675 ], [ 112.793665698898863, -7.281878228286844 ], [ 112.793665722862926, -7.281884256647686 ], [ 112.793671487547954, -7.281887965701106 ], [ 112.793681547503283, -7.281887351690518 ], [ 112.793690735851712, -7.281884444579745 ], [ 112.793700511737839, -7.28188469290264 ], [ 112.793708575221842, -7.281888105774917 ], [ 112.793718078450837, -7.281892087079207 ], [ 112.793725279457547, -7.281895503369588 ], [ 112.793732208948541, -7.281902939706391 ], [ 112.79373855090158, -7.281907220609335 ], [ 112.793737410061112, -7.281909521685666 ], [ 112.793735694235622, -7.281911825040958 ], [ 112.793735129521366, -7.281914410903089 ], [ 112.79373514207451, -7.281917568615774 ], [ 112.793737453426601, -7.281920430147698 ], [ 112.793745500934605, -7.281919824112049 ], [ 112.793751821205063, -7.28191865078374 ], [ 112.793756715425019, -7.281920353800784 ], [ 112.793763916432397, -7.281923770090343 ], [ 112.793769973175884, -7.281928626261784 ], [ 112.793774889079231, -7.28193578350952 ], [ 112.793780386815158, -7.281944660866778 ], [ 112.793782146007217, -7.281953265973079 ], [ 112.793786505185793, -7.281965018536144 ], [ 112.793790568883438, -7.281974762785156 ], [ 112.793794334817562, -7.281981924590617 ], [ 112.793800401833437, -7.281989364344406 ], [ 112.793803585935251, -7.28199480604012 ], [ 112.793808208641181, -7.282000529102826 ], [ 112.793807649633663, -7.282004550288843 ], [ 112.793807383824969, -7.282010005659187 ], [ 112.793811149759733, -7.282017167464347 ], [ 112.79381690645863, -7.282018867061726 ], [ 112.793824680170559, -7.282021706941145 ], [ 112.793832170955085, -7.282025696219042 ], [ 112.793839094743561, -7.282031697229399 ], [ 112.793833666623058, -7.282040330824652 ], [ 112.793827341786354, -7.282040355895362 ], [ 112.793811525129485, -7.282039270312639 ], [ 112.79380548892658, -7.282039581308263 ], [ 112.793800892469051, -7.282040460735574 ], [ 112.793800610682766, -7.282041897199031 ], [ 112.793802064123312, -7.282045910408126 ], [ 112.793806689112429, -7.282052207600249 ], [ 112.793808428904384, -7.282055932604985 ], [ 112.793811907347148, -7.28206309554959 ], [ 112.793811632408506, -7.282066254401727 ], [ 112.793807039374542, -7.282067995023483 ], [ 112.793803022467017, -7.282070020430861 ], [ 112.793801590710316, -7.282071461452579 ], [ 112.793801032844058, -7.282075769703385 ], [ 112.793797023925265, -7.282079804564153 ], [ 112.793796453505081, -7.282080955102425 ], [ 112.793795616134986, -7.282087273946257 ], [ 112.793791310593363, -7.282089013428342 ], [ 112.793787566341834, -7.28208730585395 ], [ 112.793784099311665, -7.282083013556885 ], [ 112.793781499324396, -7.282079866100275 ], [ 112.793779178841035, -7.282074708050646 ], [ 112.793777153839059, -7.28207155831489 ], [ 112.793773990279163, -7.282071283785124 ], [ 112.793768534767096, -7.282073027825179 ], [ 112.793766540578702, -7.282077628838532 ], [ 112.793764539542835, -7.282080507463177 ], [ 112.793760810127523, -7.282082531730692 ], [ 112.793757644285051, -7.282081683071261 ], [ 112.793752469417981, -7.282081703582914 ], [ 112.793747304821963, -7.282084307677615 ], [ 112.793742723199728, -7.282088918946693 ], [ 112.793743897136011, -7.282094942749114 ], [ 112.793749667530719, -7.282100087124594 ], [ 112.793757753843948, -7.282109241290634 ], [ 112.79376180156568, -7.282114966632728 ], [ 112.793766732307901, -7.282125855722197 ], [ 112.79376647791149, -7.28213418174045 ], [ 112.793762763332055, -7.282139937850306 ], [ 112.793760770284706, -7.282144825928462 ], [ 112.793760218124376, -7.282150569503264 ], [ 112.7937599466092, -7.282154589549799 ], [ 112.793758251325713, -7.282162060071473 ], [ 112.79375481624993, -7.282165805588288 ], [ 112.793750505001142, -7.2821661097463 ], [ 112.793742171137438, -7.282167003987425 ], [ 112.793736991704407, -7.282165876239995 ], [ 112.793731816836285, -7.282165896751649 ], [ 112.79372692489595, -7.282164767864558 ], [ 112.793720025071792, -7.28216479521326 ], [ 112.793710540095987, -7.28216540694712 ], [ 112.793702782358594, -7.282166585973327 ], [ 112.793694729615481, -7.282165876295672 ], [ 112.793691592287317, -7.282160147344468 ], [ 112.79369061115429, -7.282154409846928 ], [ 112.793688421674162, -7.282146045670013 ], [ 112.7936857625497, -7.282140075598893 ], [ 112.793679975607574, -7.282130768782955 ], [ 112.793673440453375, -7.282114048975028 ], [ 112.793672941328197, -7.282109027240208 ], [ 112.793672188361015, -7.282100418144975 ], [ 112.793672650397653, -7.282096110273857 ], [ 112.793672865249178, -7.28208988958696 ], [ 112.79367305727709, -7.282077927604106 ], [ 112.793674483328402, -7.282075051258707 ], [ 112.793676863884471, -7.282071214232342 ], [ 112.793676843913758, -7.282066190598393 ], [ 112.793676109015465, -7.282062126695794 ], [ 112.793676093799718, -7.282058299165136 ], [ 112.793673685665183, -7.282055198792168 ], [ 112.793668886513828, -7.282053304018131 ], [ 112.793669112777309, -7.282049953979261 ], [ 112.793667421472406, -7.282046372316208 ], [ 112.793662120064994, -7.282044694834731 ], [ 112.793659521219851, -7.282041834441961 ], [ 112.793655771263175, -7.282038691542229 ], [ 112.793651172522672, -7.282038996838498 ], [ 112.793649169203732, -7.28204130133316 ], [ 112.793647453377375, -7.282043604688353 ], [ 112.793644013736511, -7.282046201945106 ], [ 112.793637401406471, -7.282046228152645 ], [ 112.793633650308692, -7.28204279818792 ], [ 112.793628474300576, -7.282042531633235 ], [ 112.793621860829376, -7.282042270775737 ], [ 112.79361841776489, -7.282044006837913 ], [ 112.793616125811965, -7.282046025407118 ], [ 112.79361239411368, -7.282047475543888 ], [ 112.793606063570465, -7.282046065287497 ], [ 112.793602625070378, -7.282048949608812 ], [ 112.793602351271346, -7.28205239552598 ], [ 112.793601226405784, -7.282058715509529 ], [ 112.793596932274497, -7.282063325638034 ], [ 112.793590621130207, -7.282066795483234 ], [ 112.793581714564212, -7.282068266129535 ], [ 112.793573384124514, -7.282070021561661 ], [ 112.79356562410554, -7.282070626455547 ], [ 112.793558724282221, -7.282070653801436 ], [ 112.793549235884001, -7.282070404337058 ], [ 112.793540903161812, -7.28207158563895 ], [ 112.793532567016257, -7.282071905746286 ], [ 112.793529401173899, -7.282071057085135 ], [ 112.793525354596227, -7.282065618804964 ], [ 112.793524186368316, -7.28206103032535 ], [ 112.793525589598957, -7.282052412683751 ], [ 112.793522411204847, -7.282048406309459 ], [ 112.793517810181683, -7.282048137474742 ], [ 112.793514940960733, -7.282049584192676 ], [ 112.793511778541784, -7.282049596725833 ], [ 112.793505712669727, -7.282042444032045 ], [ 112.793505693271541, -7.282037563930013 ], [ 112.793504520479672, -7.282031827190993 ], [ 112.793502493197451, -7.282028103323836 ], [ 112.793497880763823, -7.282024963840596 ], [ 112.79349501154293, -7.282026410558355 ], [ 112.793494161616721, -7.28202957168953 ], [ 112.793494477635889, -7.282036747170877 ], [ 112.793492489149784, -7.282042783507814 ], [ 112.79349164949312, -7.282048528222446 ], [ 112.793492239312187, -7.282052257786492 ], [ 112.793493121188177, -7.28205713447046 ], [ 112.793497171188648, -7.282063433945505 ], [ 112.793499483681558, -7.282066582543627 ], [ 112.793503830303422, -7.282075177397814 ], [ 112.793510467738102, -7.282081466618259 ], [ 112.793516231284173, -7.282084888608476 ], [ 112.793520835730988, -7.282086018637578 ], [ 112.793534076368374, -7.282089985132997 ], [ 112.793542445606207, -7.28209798990535 ], [ 112.7935439173026, -7.282106596152905 ], [ 112.793541649312218, -7.282114643083062 ], [ 112.793533922384199, -7.282123572856402 ], [ 112.793530777081244, -7.282127891362125 ], [ 112.793527632919321, -7.282132496932667 ], [ 112.793529088640341, -7.282137084272804 ], [ 112.793532834032959, -7.282139078914314 ], [ 112.793544623515288, -7.282139606328205 ], [ 112.793554117620573, -7.282141291116435 ], [ 112.793559883449944, -7.282145287235463 ], [ 112.793563641395082, -7.282150439589618 ], [ 112.793563669923202, -7.282157616210019 ], [ 112.79356082124211, -7.282164230095005 ], [ 112.793558258912526, -7.282170555775776 ], [ 112.79355915334213, -7.282178590172365 ], [ 112.79356378061253, -7.282185461497061 ], [ 112.793569859040304, -7.282195771902251 ], [ 112.793569900121184, -7.282206106235525 ], [ 112.793567349203016, -7.282215302564512 ], [ 112.793550680330256, -7.282216803975697 ], [ 112.793536597750716, -7.282218008066716 ], [ 112.793532556876826, -7.282214005111069 ], [ 112.793525345595143, -7.282208005235182 ], [ 112.793523030818875, -7.282204282507789 ], [ 112.793521292169245, -7.282200844566388 ], [ 112.793517836551004, -7.282199422915141 ], [ 112.793513807088416, -7.282198290607474 ], [ 112.793508348149871, -7.28219917345056 ], [ 112.793503185832776, -7.282202351672757 ], [ 112.793495424670084, -7.282202669501181 ], [ 112.79349627231413, -7.282198934240281 ], [ 112.793492514369078, -7.282193781885455 ], [ 112.793487241006531, -7.282193132956229 ], [ 112.793481489630537, -7.282192772990776 ], [ 112.79347382315774, -7.282192803374174 ], [ 112.793460790153915, -7.282192855025656 ], [ 112.793453888806908, -7.282192499617309 ], [ 112.793443540589891, -7.282192923387335 ], [ 112.793432424204084, -7.282192967442292 ], [ 112.793422468438905, -7.282195686211434 ], [ 112.793417886811682, -7.282200297478285 ], [ 112.793414479497486, -7.282211028237641 ], [ 112.793411832744994, -7.282220224946293 ], [ 112.793407639005267, -7.282225982953389 ], [ 112.793400389325598, -7.282234432385186 ], [ 112.793392363870026, -7.282240588336455 ], [ 112.793384335371456, -7.282245978781365 ], [ 112.793381282474101, -7.282249435712293 ], [ 112.793377827996636, -7.28224830112481 ], [ 112.793372447772498, -7.282244877613999 ], [ 112.793367067548459, -7.282241454103104 ], [ 112.793362072169515, -7.282238411826173 ], [ 112.79335783583133, -7.282233452745368 ], [ 112.793356655433456, -7.28222580224004 ], [ 112.793357764328377, -7.28221546334831 ], [ 112.793358492942332, -7.282205891481959 ], [ 112.793361909385951, -7.282197457241456 ], [ 112.793365312137482, -7.28218557822283 ], [ 112.79336414695311, -7.282181755248771 ], [ 112.793360307631247, -7.282180239426933 ], [ 112.793356463745425, -7.282177575345706 ], [ 112.793353383464265, -7.282174142720043 ], [ 112.793349907688949, -7.282167649588332 ], [ 112.793349115179211, -7.28216114582321 ], [ 112.793349475683073, -7.282155403007175 ], [ 112.793350214946628, -7.28214851041268 ], [ 112.793351729985332, -7.282143911298883 ], [ 112.79335399950071, -7.282136247121927 ], [ 112.793357800789153, -7.282128194115657 ], [ 112.79336160207751, -7.282120141109368 ], [ 112.79336388224192, -7.282115156204329 ], [ 112.793365016999516, -7.282111324115867 ], [ 112.793364224489864, -7.28210482035075 ], [ 112.793365337948956, -7.282095629718484 ], [ 112.793372952695549, -7.282082585730964 ], [ 112.793375620747284, -7.282078747566294 ], [ 112.793380188682164, -7.282070691521878 ], [ 112.793379776453449, -7.282063420731525 ], [ 112.793377450649672, -7.282056923042718 ], [ 112.793374371890749, -7.282053873170133 ], [ 112.79336707048769, -7.28204930899453 ], [ 112.793362076632519, -7.282046649470177 ], [ 112.793357844860566, -7.282042838648317 ], [ 112.793350563234625, -7.282043250263109 ], [ 112.793344043691874, -7.282042510580299 ], [ 112.793338671077137, -7.282041000834099 ], [ 112.793332528772822, -7.282038728619571 ], [ 112.793329071254618, -7.282036828524999 ], [ 112.793324088048593, -7.282036848272125 ], [ 112.793316039775519, -7.282037262924343 ], [ 112.793309898992547, -7.282035373462612 ], [ 112.793297217369442, -7.282027385773242 ], [ 112.793294140132446, -7.282024718653061 ], [ 112.79328799022224, -7.282020532672077 ], [ 112.793283779748307, -7.282022080393376 ], [ 112.79327421035093, -7.282025563145877 ], [ 112.793268069568171, -7.282023673683483 ], [ 112.793263840839501, -7.282020628366773 ], [ 112.793260762081488, -7.28201757849318 ], [ 112.793256918197628, -7.282014914410572 ], [ 112.793251928906855, -7.282013403144241 ], [ 112.793247318376018, -7.282010742099413 ], [ 112.793245386546374, -7.282006922162536 ], [ 112.793242301703785, -7.282002341276116 ], [ 112.793239606269537, -7.281999289883379 ], [ 112.793233094333189, -7.282000463964589 ], [ 112.793226582396741, -7.28200163804571 ], [ 112.793220068939036, -7.282002429373581 ], [ 112.793211628215488, -7.282000549023768 ], [ 112.793208541852067, -7.28199558538387 ], [ 112.793204690362828, -7.28199100753488 ], [ 112.793199705635843, -7.281990644527342 ], [ 112.793193581586337, -7.281992965348583 ], [ 112.793183619737945, -7.281994153099068 ], [ 112.793179018334428, -7.281993788572426 ], [ 112.793173636593593, -7.28198998230496 ], [ 112.793168256373974, -7.281986558790553 ], [ 112.793160582297773, -7.281984675401897 ], [ 112.793157529399593, -7.281988132331354 ], [ 112.793149884224505, -7.281993521252872 ], [ 112.793138389081619, -7.281994715077794 ], [ 112.793129972695738, -7.281998958777253 ], [ 112.793123069829662, -7.281998220609847 ], [ 112.793113092769772, -7.281995580827032 ], [ 112.793103660577074, -7.281992594401764 ], [ 112.793102210564896, -7.281989442383519 ], [ 112.793101052608634, -7.281987437485729 ], [ 112.79309730493685, -7.281984868710059 ], [ 112.793092985702202, -7.281983163407249 ], [ 112.793086669990089, -7.281985484986571 ], [ 112.793080649756092, -7.281989814880964 ], [ 112.793078939630377, -7.281993553559156 ], [ 112.793077797645253, -7.281995567569755 ], [ 112.793076961405433, -7.282002173479616 ], [ 112.793076980798887, -7.282007053582807 ], [ 112.793076996769969, -7.28201107249131 ], [ 112.793077010459484, -7.282014517270041 ], [ 112.793075298052116, -7.282017681818443 ], [ 112.793072448222688, -7.282024008637072 ], [ 112.79307074037844, -7.282028321445033 ], [ 112.793069030252582, -7.282032060123236 ], [ 112.793064720143761, -7.282032651339383 ], [ 112.793062124724031, -7.282030652136932 ], [ 112.79305837819274, -7.282028370425884 ], [ 112.793054631661533, -7.282026088714828 ], [ 112.793049456793099, -7.28202610921829 ], [ 112.793047170540873, -7.282029563109673 ], [ 112.793043160473218, -7.282033310900458 ], [ 112.793034815199604, -7.282031334479288 ], [ 112.793030478853069, -7.282025323202421 ], [ 112.793025576647395, -7.28202161072284 ], [ 112.793024694776392, -7.282016734036686 ], [ 112.79302496743918, -7.282013001053883 ], [ 112.793024951468567, -7.282008982145283 ], [ 112.793023783245701, -7.282004393663088 ], [ 112.79301948226302, -7.282007281397986 ], [ 112.793014890365342, -7.282009309077215 ], [ 112.793009993863677, -7.282007031921878 ], [ 112.793008831344707, -7.282003878764133 ], [ 112.793008817655746, -7.282000433985269 ], [ 112.793007651714561, -7.281996419632812 ], [ 112.793006488054914, -7.281992979410135 ], [ 112.79300359373552, -7.281988110697209 ], [ 112.792998414304421, -7.281986982940357 ], [ 112.792994687166285, -7.281989581332023 ], [ 112.792993266813937, -7.281993893000856 ], [ 112.792991556687426, -7.281997631678866 ], [ 112.792988984082839, -7.282001373774019 ], [ 112.792984970592556, -7.282004260369603 ], [ 112.792979515075857, -7.282006004400706 ], [ 112.792973474307203, -7.282005167125588 ], [ 112.792968865298377, -7.282002888830751 ], [ 112.792962241559337, -7.282000044379143 ], [ 112.79296020743692, -7.281994598118936 ], [ 112.792960181200485, -7.281987995625957 ], [ 112.792963026468669, -7.281980520548051 ], [ 112.792957261785915, -7.281976811484514 ], [ 112.7929497698658, -7.281972535125074 ], [ 112.792943146127286, -7.281969690673046 ], [ 112.792940258652891, -7.281966544349012 ], [ 112.79293735749016, -7.281959953245932 ], [ 112.792935606298215, -7.281953357586842 ], [ 112.792934719865698, -7.281947332640562 ], [ 112.792933828870446, -7.28194015943459 ], [ 112.792931508396833, -7.281935001378042 ], [ 112.792926890263431, -7.281930426563168 ], [ 112.792924289141411, -7.281926992035006 ], [ 112.792922826583208, -7.281920682301706 ], [ 112.792925085459828, -7.281910338852732 ], [ 112.792928202251602, -7.281898843727166 ], [ 112.792930480519701, -7.281893380381854 ], [ 112.792934488306216, -7.281889058462291 ], [ 112.792941944863401, -7.281884435809942 ], [ 112.792947668479883, -7.281877810537064 ], [ 112.792953977347665, -7.281873766570381 ], [ 112.79296172253764, -7.281869429843739 ], [ 112.792967460982752, -7.28186653641459 ], [ 112.792973484638949, -7.281863067716541 ], [ 112.792978365168892, -7.281861325963934 ], [ 112.792982680979975, -7.281862170073536 ], [ 112.792984417342652, -7.281865033888558 ], [ 112.792985293508977, -7.281868475250444 ], [ 112.792990768416274, -7.281871611323142 ], [ 112.793000243124183, -7.281868416021471 ], [ 112.793005983850335, -7.28186609672169 ], [ 112.793014315431975, -7.281864628365293 ], [ 112.793023520898615, -7.281866027240693 ], [ 112.793028703750451, -7.2818680161923 ], [ 112.793038196709773, -7.281869413928336 ], [ 112.793044811320883, -7.281869961859982 ], [ 112.793052002057948, -7.281870794578317 ], [ 112.793057462135678, -7.281870198806385 ], [ 112.793062060876366, -7.281869893516509 ], [ 112.793066953954181, -7.281871309476894 ], [ 112.793070986835801, -7.281873302984207 ], [ 112.793074737928706, -7.281876732955044 ], [ 112.793077912895697, -7.281879878139084 ], [ 112.793079369751823, -7.281884752546937 ], [ 112.793079388004216, -7.281889345585241 ], [ 112.793081147183102, -7.281897950697606 ], [ 112.793085472120737, -7.281901091325221 ], [ 112.793086899316719, -7.281898502045775 ], [ 112.793087445782419, -7.281891323145262 ], [ 112.793089717203699, -7.281884137410255 ], [ 112.79309658394321, -7.281875785190346 ], [ 112.793103459808776, -7.281869729489497 ], [ 112.793109772096898, -7.281866546715689 ], [ 112.793115517385317, -7.281865375674218 ], [ 112.793120689970124, -7.281864781040691 ], [ 112.793125861414097, -7.281863899342177 ], [ 112.793130748787888, -7.281863879977402 ], [ 112.793137647468853, -7.281863565573945 ], [ 112.793141960998298, -7.281863835552128 ], [ 112.793144835924011, -7.281863824160986 ], [ 112.793150586916283, -7.281864088443543 ], [ 112.793154041390395, -7.281865223033637 ], [ 112.793158941313166, -7.281868361382262 ], [ 112.793164410517008, -7.281870062128145 ], [ 112.793169016102325, -7.28187147922648 ], [ 112.793173046702492, -7.281872898603028 ], [ 112.79317879883564, -7.281873449950082 ], [ 112.793181378282952, -7.281871430243657 ], [ 112.793185101996301, -7.28186797065628 ], [ 112.793190849565988, -7.281867373743684 ], [ 112.793194298335962, -7.281867073009067 ], [ 112.7931974607542, -7.28186706047844 ], [ 112.793199191413819, -7.281868488967913 ], [ 112.79320035165172, -7.281871067995178 ], [ 112.793200372187002, -7.281876235162969 ], [ 112.793202113114361, -7.281880247236316 ], [ 112.793206726685796, -7.28188367378832 ], [ 112.793215935575063, -7.281885933854193 ], [ 112.793222259270848, -7.281885621727668 ], [ 112.793227135235938, -7.281882731713085 ], [ 112.793233166875581, -7.281881272466113 ], [ 112.793235467957004, -7.281881550417597 ], [ 112.793242089413098, -7.281883820735466 ], [ 112.793245827957421, -7.281884092990986 ], [ 112.793247547208409, -7.281882650831543 ], [ 112.793247530095215, -7.281878344858518 ], [ 112.793247515263786, -7.281874613015233 ], [ 112.793248067431321, -7.281868869439497 ], [ 112.793250352540355, -7.281865128482737 ], [ 112.793253217198, -7.281862533507111 ], [ 112.793257525022796, -7.281861368159858 ], [ 112.793256355657576, -7.281856492613841 ], [ 112.793252318212183, -7.281853350848859 ], [ 112.793248284189488, -7.281851070278424 ], [ 112.793244827433668, -7.281849361559327 ], [ 112.793241086607935, -7.281848515174018 ], [ 112.793238785526682, -7.281848237222525 ], [ 112.793229582342533, -7.281847412481302 ], [ 112.793224980180028, -7.281846856578214 ], [ 112.79322237221163, -7.281841699662944 ], [ 112.793219772229293, -7.281838552201775 ], [ 112.79321747228893, -7.281838561315038 ], [ 112.793211436086324, -7.281838872302198 ], [ 112.793207405486442, -7.281837452925946 ], [ 112.793204524856748, -7.281836028993059 ], [ 112.793200210186853, -7.281835471950499 ], [ 112.793196754572122, -7.281834050295859 ], [ 112.793193587590736, -7.281832914566919 ], [ 112.793189571821799, -7.281835227033912 ], [ 112.793185268560237, -7.281837540640002 ], [ 112.793179520990904, -7.281838137552454 ], [ 112.793174629054221, -7.281837008658152 ], [ 112.793173183605688, -7.281835004899646 ], [ 112.793170009779402, -7.281832146781243 ], [ 112.79316426677336, -7.281833891952999 ], [ 112.793160256708262, -7.28183763974419 ], [ 112.793156530713219, -7.281840525201569 ], [ 112.793151370677762, -7.281844277549189 ], [ 112.793144469715514, -7.281844017823025 ], [ 112.79314044481967, -7.281844033770573 ], [ 112.79313211209859, -7.281845215064205 ], [ 112.793126362247349, -7.28184523784625 ], [ 112.79312032490347, -7.281845261767315 ], [ 112.793118018118221, -7.281843548490733 ], [ 112.793115124939931, -7.281838966843428 ], [ 112.793111943128366, -7.281834099270299 ], [ 112.793107903402358, -7.281830383373965 ], [ 112.793105294294492, -7.281824939392821 ], [ 112.793100694413639, -7.281824957618137 ], [ 112.793095809321741, -7.281825551112253 ], [ 112.793092367396468, -7.28182757423545 ], [ 112.793088645964005, -7.281831607951912 ], [ 112.793088372160696, -7.281835053869744 ], [ 112.793088672201762, -7.281838210444501 ], [ 112.793084365517132, -7.281839662855091 ], [ 112.793080349747314, -7.28184197532125 ], [ 112.79307604192185, -7.281843140666869 ], [ 112.793072013603549, -7.281842295419088 ], [ 112.793067688666639, -7.28183915479118 ], [ 112.793065088685196, -7.281836007328855 ], [ 112.793062783040881, -7.28183458111685 ], [ 112.793059331989312, -7.281834307720645 ], [ 112.793053863926772, -7.28183289403816 ], [ 112.793051560563981, -7.281832041955902 ], [ 112.793045240290468, -7.281833215274557 ], [ 112.793041506309294, -7.281834091276878 ], [ 112.793036330302286, -7.281833824714743 ], [ 112.793033450813624, -7.281832687845542 ], [ 112.793029415651048, -7.281830120207925 ], [ 112.793028254273423, -7.281827254115021 ], [ 112.793027381529143, -7.281824673948008 ], [ 112.793025940644128, -7.281823818448477 ], [ 112.793023352070293, -7.281823541634854 ], [ 112.793021918029652, -7.281824408524729 ], [ 112.793019329455831, -7.281824131711068 ], [ 112.79301385797126, -7.281821856833365 ], [ 112.793010402356856, -7.281820435177116 ], [ 112.793008096712725, -7.281819008964751 ], [ 112.793004932013062, -7.281818447364159 ], [ 112.793000617343154, -7.281817890319592 ], [ 112.792997168573066, -7.281818191052692 ], [ 112.792993143677108, -7.281818206998871 ], [ 112.792989406273733, -7.281818221806005 ], [ 112.792985676855267, -7.281820246067503 ], [ 112.792985682558793, -7.281821681392045 ], [ 112.792984257643667, -7.281824844801097 ], [ 112.792981962265884, -7.281826002172785 ], [ 112.792977944214059, -7.281827740508329 ], [ 112.792975064725496, -7.281826603638709 ], [ 112.79297046712567, -7.281827195992517 ], [ 112.792965009329464, -7.281828365893123 ], [ 112.792958689055482, -7.28182953921063 ], [ 112.792953231259176, -7.281830709111096 ], [ 112.792948337041182, -7.281829006084358 ], [ 112.792946025693738, -7.281826144547068 ], [ 112.79294313822048, -7.2818229982228 ], [ 112.79293708718825, -7.281819577362322 ], [ 112.792931345321364, -7.281821609596263 ], [ 112.792924171694864, -7.281825082849561 ], [ 112.792917825185455, -7.281819653673315 ], [ 112.792912637771749, -7.281816516460491 ], [ 112.792907174272102, -7.281816251035788 ], [ 112.792896537046602, -7.281816293177059 ], [ 112.792886197579392, -7.281818917763474 ], [ 112.792881029556696, -7.281820660654005 ], [ 112.792874429774145, -7.281823844563805 ], [ 112.792868106077776, -7.281824156685294 ], [ 112.79285919152619, -7.28182361786227 ], [ 112.792855159786157, -7.281821911417653 ], [ 112.792849678036404, -7.281817052953328 ], [ 112.792841903189739, -7.281813925989842 ], [ 112.792832135285337, -7.281815687102446 ], [ 112.792822867366112, -7.281819875160642 ], [ 112.792811343329589, -7.281813796664603 ], [ 112.792800607231172, -7.281813073676758 ], [ 112.792796026414862, -7.281812740078909 ], [ 112.792780412494409, -7.28181160299512 ], [ 112.79277315532012, -7.281811074491214 ], [ 112.792761411892585, -7.281810219275535 ], [ 112.792747381355539, -7.281809197500578 ], [ 112.79273161349488, -7.281808049204349 ], [ 112.792720851618398, -7.281807265469166 ], [ 112.79271011856116, -7.281807307985617 ], [ 112.792697940010825, -7.281807935414577 ], [ 112.792683304165948, -7.281812007314953 ], [ 112.792676056855953, -7.281805779503196 ], [ 112.792673155318141, -7.28179909270886 ], [ 112.792670729133079, -7.281791447133291 ], [ 112.792665422319715, -7.281782377620866 ], [ 112.792662051132027, -7.2817780849324 ], [ 112.792659634451454, -7.281772831564704 ], [ 112.792654837205816, -7.281771415219733 ], [ 112.792648134747736, -7.281772877116265 ], [ 112.792635203283368, -7.281774363686244 ], [ 112.792627050056666, -7.281772482185072 ], [ 112.792620802042649, -7.281767722442289 ], [ 112.79261837775951, -7.281760555307756 ], [ 112.792617400443191, -7.281755774687499 ], [ 112.792614495105141, -7.281748131009246 ], [ 112.792612551877312, -7.28174144041833 ], [ 112.792609186392696, -7.281738583054123 ], [ 112.792607246966526, -7.28173284934639 ], [ 112.792609144576176, -7.281728057338516 ], [ 112.792613426552677, -7.281720385191284 ], [ 112.792621060708171, -7.281712221316954 ], [ 112.792627266904432, -7.28170645534445 ], [ 112.792631556483528, -7.281700696963641 ], [ 112.792631997622479, -7.281691126233405 ], [ 112.792626204054187, -7.281680144851471 ], [ 112.792630470824051, -7.281668645171385 ], [ 112.792630576888314, -7.281668657672763 ], [ 112.792630317854744, -7.281669540477163 ], [ 112.792746955280478, -7.281682374726077 ], [ 112.792834689359267, -7.281692715568379 ], [ 112.792834661409444, -7.281692395994202 ], [ 112.792834771215055, -7.281692413821164 ], [ 112.792836178148349, -7.281705627796053 ] ] ] ] } },
{ "type": "Feature", "properties": { "id": 64, "Id": 0, "Luas": 3401.71764562 }, "geometry": { "type": "MultiPolygon", "coordinates": [ [ [ [ 112.793558963295865, -7.281202161233798 ], [ 112.793555210074189, -7.281198295088885 ], [ 112.793550176110287, -7.281197597364058 ], [ 112.793543234089725, -7.281199060220475 ], [ 112.793538202027392, -7.28119884093688 ], [ 112.793536513580676, -7.281195976934264 ], [ 112.793535058055127, -7.281191437437392 ], [ 112.793530732362782, -7.281188105436504 ], [ 112.793527376386933, -7.281187640286425 ], [ 112.793523528897339, -7.28118406716603 ], [ 112.793523793194581, -7.28119028595472 ], [ 112.793522131370025, -7.281194120131441 ], [ 112.793520963911561, -7.281201779940581 ], [ 112.793518840047653, -7.281209921988584 ], [ 112.793518149841077, -7.28121710145757 ], [ 112.793513620701688, -7.281222860792393 ], [ 112.79350572322582, -7.281225045107963 ], [ 112.793502598269356, -7.281222426022076 ], [ 112.793499234686962, -7.281220047106257 ], [ 112.793498264019831, -7.281216941034661 ], [ 112.793498014935281, -7.281214549777038 ], [ 112.793495594447563, -7.28120833953253 ], [ 112.793492717625014, -7.281207872483498 ], [ 112.7934886400664, -7.281206692519126 ], [ 112.793483361771735, -7.281204799639376 ], [ 112.79347878889665, -7.281199554821709 ], [ 112.793475878797409, -7.28119071504801 ], [ 112.793475606894731, -7.281182582493534 ], [ 112.793475325484494, -7.281172057732015 ], [ 112.793477917093526, -7.281161043136954 ], [ 112.79348365267353, -7.281157432042079 ], [ 112.793494421266089, -7.281154279452094 ], [ 112.793500899345261, -7.281156646026441 ], [ 112.793510501429665, -7.281161392465884 ], [ 112.793516513666489, -7.28116711002846 ], [ 112.793518664152302, -7.281165666159956 ], [ 112.793517683977441, -7.281160167881432 ], [ 112.793516937674639, -7.281153233329367 ], [ 112.793516678131539, -7.281148210644103 ], [ 112.7935161761594, -7.281142471246127 ], [ 112.793520705298207, -7.281136711911482 ], [ 112.793526905769141, -7.281129510607025 ], [ 112.793530951000349, -7.281122557067601 ], [ 112.793530210402267, -7.281117057839737 ], [ 112.793529710331669, -7.281111796883194 ], [ 112.793531124973057, -7.281106049890308 ], [ 112.793566569011759, -7.281102560292691 ], [ 112.793571116214736, -7.281101346150882 ], [ 112.793577105631812, -7.281101322416111 ], [ 112.793581893362216, -7.281100346545482 ], [ 112.793586682994203, -7.281099849116186 ], [ 112.793592200864353, -7.281101741045499 ], [ 112.793605380434201, -7.281102406490343 ], [ 112.793604756756551, -7.281066046845022 ], [ 112.793605950836593, -7.281065085215264 ], [ 112.793607867449865, -7.281065077620038 ], [ 112.79360787220395, -7.281066273723465 ], [ 112.793611477263667, -7.281069130130611 ], [ 112.793613149546189, -7.28106792738134 ], [ 112.793612414652273, -7.281063863477931 ], [ 112.793614326511459, -7.281062659779253 ], [ 112.793616481750533, -7.281062412013899 ], [ 112.793625337529377, -7.281060223899561 ], [ 112.793631567473184, -7.281060438435457 ], [ 112.793635650735439, -7.281063053722888 ], [ 112.793640449875184, -7.281064948499929 ], [ 112.79364087388015, -7.281051071801614 ], [ 112.793653812920724, -7.28105149897415 ], [ 112.793654558267193, -7.281046137392746 ], [ 112.793654898992273, -7.281035418787268 ], [ 112.793651424747324, -7.281029308409558 ], [ 112.793646412648016, -7.28102205584885 ], [ 112.793646771629355, -7.281015930280374 ], [ 112.793651738088528, -7.281011700248484 ], [ 112.793656721282318, -7.281011680500515 ], [ 112.793663242330524, -7.281012802935421 ], [ 112.793665936238128, -7.28101547157341 ], [ 112.793668995212172, -7.281013545655307 ], [ 112.793673191983174, -7.281008553155258 ], [ 112.793682005360083, -7.281007752709931 ], [ 112.793686988553731, -7.281007732961641 ], [ 112.793694651962767, -7.281006937073398 ], [ 112.793697326092655, -7.281004629921174 ], [ 112.793704207642648, -7.281000009540224 ], [ 112.793709187793411, -7.280999224285552 ], [ 112.793710733254755, -7.281002280233663 ], [ 112.793715331604332, -7.281001879251115 ], [ 112.793717996605736, -7.280997275580366 ], [ 112.793726426659546, -7.280996476653374 ], [ 112.793734473390714, -7.280995679245403 ], [ 112.79374061568025, -7.280997951457544 ], [ 112.793744456512968, -7.280999850031428 ], [ 112.793748317124098, -7.281006724395139 ], [ 112.793752153392688, -7.281007474709717 ], [ 112.793758671397867, -7.281007831637076 ], [ 112.793762136515284, -7.281011645495242 ], [ 112.793769419644235, -7.281011616631035 ], [ 112.793777083052831, -7.281010820741415 ], [ 112.7937858964291, -7.281010020294097 ], [ 112.793788581208517, -7.281010392412838 ], [ 112.793795496229308, -7.281014192597987 ], [ 112.79379820078772, -7.281019540506421 ], [ 112.793803187024125, -7.281020286262924 ], [ 112.793806323190097, -7.281013671239272 ], [ 112.793810049174127, -7.281010785779121 ], [ 112.79381579330709, -7.28100932766702 ], [ 112.793818097806891, -7.281010466810919 ], [ 112.79382211812937, -7.281009302599998 ], [ 112.793824979355264, -7.281005846428437 ], [ 112.793828990548789, -7.281002385699169 ], [ 112.793839611774018, -7.280998324633646 ], [ 112.793845355906626, -7.280996866521285 ], [ 112.793851683010871, -7.280997415583458 ], [ 112.793856294292709, -7.28100026800038 ], [ 112.793859464691607, -7.281002264920112 ], [ 112.793866092981446, -7.281006257620003 ], [ 112.793869267944984, -7.281009402798753 ], [ 112.793887381076615, -7.281009618078325 ], [ 112.793888832229982, -7.281013057158401 ], [ 112.793891429927584, -7.281015630486283 ], [ 112.793895743447436, -7.281015900459185 ], [ 112.79390065135081, -7.281021048254321 ], [ 112.793905256927303, -7.281022465346757 ], [ 112.793911295398701, -7.281022728482692 ], [ 112.79391561234209, -7.2810238596497 ], [ 112.793919933850205, -7.28102613907574 ], [ 112.793922246338454, -7.281029287672416 ], [ 112.793925137234112, -7.281033295184455 ], [ 112.793926015686353, -7.281037310672809 ], [ 112.793926608929056, -7.281041901430195 ], [ 112.793929496401304, -7.281045047747837 ], [ 112.793933236078729, -7.281045607064046 ], [ 112.793940998360753, -7.281045576297793 ], [ 112.79394617549778, -7.281046129916405 ], [ 112.793952504884913, -7.281047253106537 ], [ 112.793961718320901, -7.281050661419586 ], [ 112.793968629539179, -7.281053504719038 ], [ 112.793969804613482, -7.281059815585813 ], [ 112.793970696760738, -7.281067275851149 ], [ 112.793971291145226, -7.281072153673091 ], [ 112.793972179868945, -7.281078752744126 ], [ 112.793973072016357, -7.281086213009432 ], [ 112.793973093699464, -7.281091667239955 ], [ 112.793975414176998, -7.281096825289512 ], [ 112.793977448303849, -7.281102271543371 ], [ 112.7939757336231, -7.281104861963378 ], [ 112.793975753023858, -7.281109742064345 ], [ 112.793978353004945, -7.281112889521017 ], [ 112.793984103985423, -7.281113153795183 ], [ 112.793991291284442, -7.281113125306849 ], [ 112.793995601381383, -7.281112534084257 ], [ 112.793998196797673, -7.281114533281746 ], [ 112.794000510428205, -7.281117968942535 ], [ 112.794001955876695, -7.281119972698139 ], [ 112.794007706857201, -7.281120236971959 ], [ 112.794014610088027, -7.281121070817053 ], [ 112.794016062384074, -7.281124796961109 ], [ 112.79401838856856, -7.281131390334081 ], [ 112.794018992083807, -7.281138564673858 ], [ 112.794018438783681, -7.281144021183365 ], [ 112.794022765999642, -7.281147735931782 ], [ 112.79402508533687, -7.281152606916131 ], [ 112.794025112727113, -7.281159496470244 ], [ 112.794023699233634, -7.28116553052793 ], [ 112.794019977815395, -7.28116956424882 ], [ 112.794019437069167, -7.281178178470621 ], [ 112.794017458862967, -7.281186798390228 ], [ 112.794016920399287, -7.281195986741529 ], [ 112.794011785487157, -7.281206054520156 ], [ 112.79400922887298, -7.281213815524652 ], [ 112.79400981983467, -7.281217832152105 ], [ 112.794013285716616, -7.281221837383899 ], [ 112.794015891405095, -7.281226420163882 ], [ 112.794024267477127, -7.281236147317951 ], [ 112.794028894740293, -7.281243018638791 ], [ 112.794034102694056, -7.281251323004128 ], [ 112.794037577706803, -7.281257624753655 ], [ 112.794041037882934, -7.281260194661369 ], [ 112.794043916227253, -7.281261044459714 ], [ 112.794051109234843, -7.28126245129359 ], [ 112.794056005730013, -7.281264728438416 ], [ 112.794060324958522, -7.281266433732873 ], [ 112.794064360118895, -7.281269001361135 ], [ 112.794069554377955, -7.281273860948892 ], [ 112.794070728313628, -7.281279884750109 ], [ 112.794070744291943, -7.281283903656543 ], [ 112.79406932623391, -7.281288789455302 ], [ 112.794068780923837, -7.281296255417907 ], [ 112.794070241210378, -7.281301991014773 ], [ 112.794069685628543, -7.281306873394697 ], [ 112.794066248278085, -7.281310044782265 ], [ 112.794063094995735, -7.281312353835993 ], [ 112.794060804189584, -7.281314659470841 ], [ 112.794059665634336, -7.281317534676784 ], [ 112.794060268009915, -7.281324421951495 ], [ 112.79405741933914, -7.281331035836791 ], [ 112.794052552517115, -7.28133622237562 ], [ 112.794048534475621, -7.281337960718632 ], [ 112.79404480735009, -7.281340559116273 ], [ 112.794043098375724, -7.281344584860385 ], [ 112.794039376956604, -7.281348618581738 ], [ 112.794034488449554, -7.281348350890201 ], [ 112.79402443079104, -7.281349539035102 ], [ 112.794014070803669, -7.281346996477548 ], [ 112.794010907249216, -7.281346721948225 ], [ 112.794008310690018, -7.281344435686429 ], [ 112.794005141429196, -7.281342725833278 ], [ 112.794003707392491, -7.281343592725467 ], [ 112.794001417727131, -7.281346185424905 ], [ 112.793997398543965, -7.281347636702772 ], [ 112.793993662287818, -7.281347938581993 ], [ 112.793989352188717, -7.281348529805077 ], [ 112.793986770466034, -7.281349975385026 ], [ 112.793985342135585, -7.281352277600933 ], [ 112.793985069479945, -7.281356010582383 ], [ 112.793982779814385, -7.281358603281745 ], [ 112.793977043667141, -7.281362070850205 ], [ 112.793972448358247, -7.281363237342267 ], [ 112.793967850766762, -7.281363829704765 ], [ 112.793964396296275, -7.281362695120409 ], [ 112.793961512245019, -7.281360409997903 ], [ 112.793957772564909, -7.281359850682563 ], [ 112.79395375338143, -7.281361301960088 ], [ 112.79395233075698, -7.281365039499798 ], [ 112.793953793325088, -7.281371349226841 ], [ 112.793953537787928, -7.281379388179763 ], [ 112.793950115272267, -7.281386291408699 ], [ 112.79394811309848, -7.281388882968457 ], [ 112.793945247307008, -7.281391190882069 ], [ 112.793940659986376, -7.281394366827256 ], [ 112.793936069241909, -7.281396681578128 ], [ 112.793930902371869, -7.281398711543257 ], [ 112.793927178668739, -7.281402171134499 ], [ 112.793922602760162, -7.281408217727233 ], [ 112.793921178994182, -7.281411668202145 ], [ 112.793920331353732, -7.281415403462724 ], [ 112.793920356460887, -7.281421718887622 ], [ 112.793918929271157, -7.281424308168244 ], [ 112.793917512352536, -7.28142948103175 ], [ 112.793915796529348, -7.281431784387152 ], [ 112.793913207958539, -7.281431507578207 ], [ 112.793907759301945, -7.281434974006597 ], [ 112.793900609657896, -7.281444475632296 ], [ 112.793894588299096, -7.281448518469174 ], [ 112.793894032715514, -7.281453400849358 ], [ 112.793894647642759, -7.281463445837313 ], [ 112.793898405583462, -7.281468598189285 ], [ 112.793904763507669, -7.281476897997861 ], [ 112.793908541990874, -7.281487217515558 ], [ 112.793916604326483, -7.281490343320773 ], [ 112.793925834891027, -7.281498057603872 ], [ 112.793933342785053, -7.281506352853592 ], [ 112.793937682558592, -7.28151322531449 ], [ 112.79393742359791, -7.281520403073181 ], [ 112.793933997657632, -7.281526445107996 ], [ 112.793933143169752, -7.281528457980039 ], [ 112.793930567152231, -7.281531338883765 ], [ 112.793925419682111, -7.281538248950232 ], [ 112.793922559596027, -7.281541992187798 ], [ 112.79391740870193, -7.281548041059926 ], [ 112.793914839531695, -7.281552644352205 ], [ 112.793909394297629, -7.281556971975246 ], [ 112.793906527363802, -7.281558992824146 ], [ 112.793901655972832, -7.281563031103253 ], [ 112.793899653798206, -7.281565622663032 ], [ 112.793897651623567, -7.281568214222791 ], [ 112.793896525620625, -7.281574247141137 ], [ 112.793894242801116, -7.281578562229061 ], [ 112.793889940688189, -7.281581162905158 ], [ 112.793886215842235, -7.281584335431703 ], [ 112.793886228395877, -7.28158749314419 ], [ 112.793886547842888, -7.281595529818249 ], [ 112.793885428687261, -7.281603285125239 ], [ 112.793885165161072, -7.281609314624989 ], [ 112.793885187985936, -7.281615055920432 ], [ 112.793881749490779, -7.281617940242684 ], [ 112.793876004209721, -7.28161911129263 ], [ 112.793869103253243, -7.281618851576781 ], [ 112.793865071513636, -7.281617145141639 ], [ 112.793860469354343, -7.281616589244615 ], [ 112.793854435439641, -7.281617474369055 ], [ 112.793844921945592, -7.281610909483467 ], [ 112.793836553856153, -7.281603191780439 ], [ 112.793833365193095, -7.28159660182516 ], [ 112.793834203704606, -7.281590570046268 ], [ 112.793834743311791, -7.281581668759062 ], [ 112.79383413979707, -7.2815744944186 ], [ 112.793831831870421, -7.281572494081174 ], [ 112.793826643315001, -7.28156906981491 ], [ 112.793822037732582, -7.281567652722985 ], [ 112.79381714579911, -7.281566523835317 ], [ 112.793811968655717, -7.281565970216662 ], [ 112.793807648283277, -7.281563977855533 ], [ 112.793806765265103, -7.281558814107862 ], [ 112.793805589048773, -7.281552216175762 ], [ 112.793802700431911, -7.281548782793224 ], [ 112.793802694726011, -7.281547347469291 ], [ 112.793802102623786, -7.281543043776467 ], [ 112.793798073167366, -7.281541911470064 ], [ 112.793795441815718, -7.281542926642031 ], [ 112.793792818832657, -7.281546046955772 ], [ 112.793790674052389, -7.281548926149706 ], [ 112.79378493561866, -7.281551819587077 ], [ 112.793779903552903, -7.281551600307152 ], [ 112.793775825039887, -7.281550181125672 ], [ 112.793772225680641, -7.281548760045055 ], [ 112.793767673719657, -7.281548778086554 ], [ 112.79376552323339, -7.28155022195645 ], [ 112.793762181519369, -7.281553345118724 ], [ 112.793759800965788, -7.281557182144776 ], [ 112.793760288678243, -7.281559333231606 ], [ 112.793765825574013, -7.281566009570405 ], [ 112.793771122893034, -7.28157268685865 ], [ 112.793773782964294, -7.281578896150632 ], [ 112.793773816248347, -7.281587268873621 ], [ 112.793770484043904, -7.281592784242595 ], [ 112.793762834699962, -7.281597120600239 ], [ 112.793759258163561, -7.28160144081545 ], [ 112.793764298788659, -7.281603813081356 ], [ 112.793767689002578, -7.281612890172589 ], [ 112.793767243132805, -7.281621264794735 ], [ 112.793767533111463, -7.281633942540053 ], [ 112.793760861094114, -7.281643059512774 ], [ 112.793758479589243, -7.281646657318245 ], [ 112.793755148335308, -7.281652411907886 ], [ 112.793753015917019, -7.281658400970396 ], [ 112.793753519796212, -7.281664618808425 ], [ 112.79375545448039, -7.281669156404459 ], [ 112.793758591804334, -7.281674885355989 ], [ 112.793758613676815, -7.281680387431122 ], [ 112.793756965167361, -7.281687570697848 ], [ 112.793754580809392, -7.28169045084138 ], [ 112.793753180435658, -7.281699786144457 ], [ 112.793758239130597, -7.281706703602718 ], [ 112.793762329056946, -7.281710993431918 ], [ 112.793767614966313, -7.281714800071869 ], [ 112.793770745633921, -7.281718854478587 ], [ 112.793770527929709, -7.281724357503264 ], [ 112.793766956147593, -7.281729873821977 ], [ 112.793763618236511, -7.281733953867196 ], [ 112.793760282227339, -7.281738512353701 ], [ 112.793758145054085, -7.281743305313 ], [ 112.79375888470679, -7.28174856531876 ], [ 112.793759868691467, -7.281755020478211 ], [ 112.793759886760242, -7.281759565670705 ], [ 112.793756546946952, -7.281763167274634 ], [ 112.793753931570564, -7.281768201353751 ], [ 112.793755635237318, -7.281774892885171 ], [ 112.793750867471644, -7.28178089239308 ], [ 112.793748232124429, -7.28178090283837 ], [ 112.793746556987273, -7.281781387926683 ], [ 112.793744891359921, -7.281784265221575 ], [ 112.793745383827755, -7.281787612411661 ], [ 112.793749704773077, -7.281789748305306 ], [ 112.793755702757593, -7.281791877551868 ], [ 112.793757150680676, -7.281794503281615 ], [ 112.793755725581391, -7.281797618847659 ], [ 112.793751178372801, -7.281798832992862 ], [ 112.793747349895256, -7.281800044289358 ], [ 112.793745438984928, -7.2818014872099 ], [ 112.793743537584461, -7.281805322337015 ], [ 112.793742604001977, -7.281811545872433 ], [ 112.793739741440319, -7.281814667135853 ], [ 112.793737851451581, -7.2818213729109 ], [ 112.793736919771007, -7.281828074887663 ], [ 112.793734061013183, -7.281832153033747 ], [ 112.793731427567607, -7.281832641920333 ], [ 112.793729013728438, -7.281828106223441 ], [ 112.793724703243527, -7.281828601756969 ], [ 112.793721371037321, -7.281834117126071 ], [ 112.793719951643595, -7.281838668016045 ], [ 112.793718290770826, -7.281842741414242 ], [ 112.793715904510037, -7.281845143116481 ], [ 112.793711834552951, -7.281845876921031 ], [ 112.793708482376047, -7.281846368656188 ], [ 112.793706329986392, -7.281847334084834 ], [ 112.793699392712256, -7.281849993049284 ], [ 112.793695316098336, -7.281849052309008 ], [ 112.793690987544792, -7.281845002649624 ], [ 112.793690247892414, -7.281839742643619 ], [ 112.793690944751447, -7.281834237719643 ], [ 112.793694516535126, -7.281828721401125 ], [ 112.793686615130454, -7.28182750875071 ], [ 112.793684317016584, -7.281827977169995 ], [ 112.793680634374283, -7.281827302799451 ], [ 112.793676259467787, -7.281826057033959 ], [ 112.793672232290987, -7.281825498856573 ], [ 112.793668666471504, -7.281825283333826 ], [ 112.793661750676435, -7.281821291773117 ], [ 112.793659548844943, -7.281817051873729 ], [ 112.793656892046556, -7.28181407688256 ], [ 112.79365641243119, -7.281809141191002 ], [ 112.793658011890557, -7.281806493813981 ], [ 112.793660994052388, -7.281804529923207 ], [ 112.793661782142522, -7.281800278173675 ], [ 112.793662914767125, -7.281795910230927 ], [ 112.793663129698174, -7.281792120063969 ], [ 112.793661743344103, -7.281790517970363 ], [ 112.793658874809978, -7.281792136927558 ], [ 112.793656808515976, -7.281793063738847 ], [ 112.793654745417115, -7.281794794331561 ], [ 112.793652566408355, -7.281796295728184 ], [ 112.793650388312471, -7.28179802677667 ], [ 112.793648427595457, -7.281800500951586 ], [ 112.793644658242215, -7.281792477949486 ], [ 112.793640264858354, -7.281788955421737 ], [ 112.793638601501854, -7.281787621775599 ], [ 112.793635470911909, -7.281785010546129 ], [ 112.793633120887606, -7.281783050387539 ], [ 112.793631561615229, -7.281782380786823 ], [ 112.793629758779275, -7.281781606592217 ], [ 112.793626497150328, -7.281780205945884 ], [ 112.793623875076605, -7.281778620189318 ], [ 112.793621309734235, -7.281777068742282 ], [ 112.793618270093503, -7.281774605508913 ], [ 112.793614964360756, -7.281771926642507 ], [ 112.793609497440016, -7.281770800031812 ], [ 112.793602076090338, -7.281765894243831 ], [ 112.793595398099598, -7.281766377628703 ], [ 112.793593961778484, -7.281766670390435 ], [ 112.793591567529603, -7.281767062638397 ], [ 112.793590326673709, -7.281768311523234 ], [ 112.793589466098183, -7.281768793382761 ], [ 112.793587163496127, -7.281768132679917 ], [ 112.793586583566551, -7.281766891011131 ], [ 112.793586578241531, -7.281765551375312 ], [ 112.793586763817402, -7.281764019603385 ], [ 112.793585611185136, -7.281763354342987 ], [ 112.793584652877016, -7.281763358140918 ], [ 112.793582259008474, -7.281763846077114 ], [ 112.793580918898527, -7.281764234147284 ], [ 112.793579671576509, -7.281763856331501 ], [ 112.793578518183551, -7.281762999694542 ], [ 112.793575832638609, -7.281762436199049 ], [ 112.793575060667123, -7.281761099601565 ], [ 112.79357467125817, -7.281759570108345 ], [ 112.793574181454147, -7.281756892735675 ], [ 112.793574273101029, -7.281755839784884 ], [ 112.793573976860415, -7.281753640093967 ], [ 112.793573013607656, -7.281752399944343 ], [ 112.793571188638339, -7.281751354589342 ], [ 112.793569650400755, -7.281750116718393 ], [ 112.793567638334082, -7.281750220382261 ], [ 112.793566014194028, -7.281752886994799 ], [ 112.793561099437213, -7.281746016808303 ], [ 112.793559914094701, -7.281737122356298 ], [ 112.793556359867722, -7.281734384606291 ], [ 112.793554243602856, -7.281732754489735 ], [ 112.793552127837117, -7.281731124757609 ], [ 112.793551276633281, -7.281729776790595 ], [ 112.793551085190671, -7.28172457732934 ], [ 112.793552610876574, -7.281722657487292 ], [ 112.793554513800117, -7.281719205113771 ], [ 112.793554699376102, -7.281717673341817 ], [ 112.793554112220093, -7.281714613595732 ], [ 112.793552955404152, -7.281712895764224 ], [ 112.793549687267742, -7.281710420781718 ], [ 112.793548721352749, -7.281708510814048 ], [ 112.793549284927138, -7.281705637887134 ], [ 112.793551000753226, -7.281703334532472 ], [ 112.793551758271278, -7.281701034975616 ], [ 112.793551366580417, -7.281698931352714 ], [ 112.793550399144038, -7.281696638631944 ], [ 112.793550764210551, -7.281692044075642 ], [ 112.79355228761429, -7.281689550103992 ], [ 112.793554378395868, -7.281685140088189 ], [ 112.793551111020392, -7.281682856482186 ], [ 112.79354882401303, -7.281686118998283 ], [ 112.793545712859682, -7.281687777192131 ], [ 112.793543220498208, -7.281687595689844 ], [ 112.793540733461569, -7.281688753823452 ], [ 112.793537473693007, -7.281688383982845 ], [ 112.793533444995987, -7.28168744305079 ], [ 112.793529224637368, -7.281686502878231 ], [ 112.793526921655427, -7.281685746486697 ], [ 112.793526163376569, -7.281687854666973 ], [ 112.793522334708641, -7.281689018117314 ], [ 112.793520607472189, -7.281688450823635 ], [ 112.793518106743207, -7.281686164179153 ], [ 112.793515988576758, -7.281683684639025 ], [ 112.793515402181782, -7.281680816269374 ], [ 112.793515196067275, -7.281677180874423 ], [ 112.793514600544185, -7.281672015986157 ], [ 112.793514206571501, -7.281669338233483 ], [ 112.793513239135422, -7.2816670455126 ], [ 112.793510952734152, -7.28166684405601 ], [ 112.793510202743732, -7.281666215475608 ], [ 112.793508472084341, -7.281664786987348 ], [ 112.793507086872211, -7.281663471957829 ], [ 112.793506278926913, -7.281662728779359 ], [ 112.793504953495287, -7.281661987651626 ], [ 112.793504206015086, -7.281661990613838 ], [ 112.793502711967477, -7.281662226190115 ], [ 112.793501334742444, -7.281662920614393 ], [ 112.793500588631431, -7.281663268054403 ], [ 112.793500012277448, -7.28166292585522 ], [ 112.793499088650577, -7.281662010893558 ], [ 112.793497306197779, -7.281662017957268 ], [ 112.793494718538085, -7.281661970798062 ], [ 112.793492415778459, -7.281662102516714 ], [ 112.79349233279379, -7.281659881456543 ], [ 112.793467875010862, -7.281630601615353 ], [ 112.793453956726665, -7.281624915383742 ], [ 112.793450081659572, -7.281614404863254 ], [ 112.793428445570157, -7.281595831093163 ], [ 112.793423904567859, -7.281585366079081 ], [ 112.793417818613094, -7.281574343002263 ], [ 112.793422571127806, -7.281570935156171 ], [ 112.793425240698355, -7.281567479745067 ], [ 112.793424822386314, -7.281558677942156 ], [ 112.793429379668424, -7.281547942626743 ], [ 112.793432421913081, -7.281541806424767 ], [ 112.793436614126946, -7.281535665665779 ], [ 112.793440801776924, -7.281528376647446 ], [ 112.793443844021368, -7.28152224044546 ], [ 112.793448807444875, -7.28151724490783 ], [ 112.793452240618549, -7.281513020952437 ], [ 112.793457602577647, -7.281511851426944 ], [ 112.793459128263549, -7.281509931585269 ], [ 112.793460269105083, -7.281507630509541 ], [ 112.793465609766187, -7.281501102440317 ], [ 112.793472126258109, -7.281501076616991 ], [ 112.793478256384361, -7.281500286806344 ], [ 112.793475941233197, -7.281496468389356 ], [ 112.793472468506522, -7.281490740763783 ], [ 112.793473598698995, -7.281485760416212 ], [ 112.793474337961996, -7.281478867822066 ], [ 112.793475463590596, -7.281472739215132 ], [ 112.793478887636056, -7.281466218740982 ], [ 112.793486925249184, -7.281463124816565 ], [ 112.793494950691837, -7.281456968867137 ], [ 112.793506067059127, -7.281456924815076 ], [ 112.793514121406204, -7.281458041174461 ], [ 112.793519115254483, -7.281460700698554 ], [ 112.793526036367155, -7.28146603189903 ], [ 112.793530656020536, -7.281470989460662 ], [ 112.793534515113308, -7.281477481072745 ], [ 112.793539104340198, -7.28147478357218 ], [ 112.793538693633167, -7.281467895535375 ], [ 112.793533305812417, -7.281462558258894 ], [ 112.793530601252826, -7.281457210348871 ], [ 112.793528281537618, -7.28145224367285 ], [ 112.79352671477659, -7.281443829180742 ], [ 112.793525535902603, -7.281436561428879 ], [ 112.793529332620864, -7.281427360163783 ], [ 112.79353122337335, -7.281420845765709 ], [ 112.793533121732395, -7.281416245133159 ], [ 112.793538853321039, -7.281411629310022 ], [ 112.793547278819574, -7.281409682125109 ], [ 112.793557233045817, -7.28140658060448 ], [ 112.793573702240664, -7.281403070506105 ], [ 112.79357945208487, -7.281403047719755 ], [ 112.793582882213769, -7.281398058257659 ], [ 112.79358324271638, -7.28139231544213 ], [ 112.793581695732442, -7.281388876740647 ], [ 112.793581289589241, -7.28138313696328 ], [ 112.793583559099773, -7.281375472786815 ], [ 112.793589289165965, -7.281370474210203 ], [ 112.793593496589907, -7.281368160981594 ], [ 112.793597707056506, -7.281366613259151 ], [ 112.793601528114735, -7.281363536043392 ], [ 112.793606873336287, -7.28135815623263 ], [ 112.793612614051582, -7.281355836927468 ], [ 112.793625259143113, -7.281354638537382 ], [ 112.7936336922468, -7.281354605116639 ], [ 112.793641354140505, -7.281353426474761 ], [ 112.793648622061411, -7.28134957008031 ], [ 112.793650367620003, -7.281341888842336 ], [ 112.793650642560621, -7.281338729990055 ], [ 112.793650911795964, -7.281334135813707 ], [ 112.793653191194295, -7.281328959532279 ], [ 112.793657765965563, -7.281322625876746 ], [ 112.793662066937202, -7.281319738138253 ], [ 112.793666950880464, -7.281318857574727 ], [ 112.793665205388606, -7.2813136972443 ], [ 112.793666333677095, -7.281308238455484 ], [ 112.793670630084321, -7.281304202457736 ], [ 112.793672906059157, -7.281298164981845 ], [ 112.79367922974491, -7.281297852851015 ], [ 112.793685551148513, -7.281296966590522 ], [ 112.793688995348688, -7.281295517594033 ], [ 112.793689847555427, -7.281292930592658 ], [ 112.793688392978794, -7.281288630317411 ], [ 112.793686073643741, -7.281283759330676 ], [ 112.793685782728417, -7.281282899275617 ], [ 112.793685758766088, -7.281276870914663 ], [ 112.793689771103971, -7.281273697250637 ], [ 112.793696370870734, -7.28127051333224 ], [ 112.793704126311184, -7.281268760180267 ], [ 112.793713610127398, -7.28126786138631 ], [ 112.793720217881429, -7.281266686921226 ], [ 112.793722509830644, -7.281264668352523 ], [ 112.793723073403996, -7.28126179542574 ], [ 112.793722761949127, -7.281255768204294 ], [ 112.793725043628527, -7.281251166052386 ], [ 112.793731076398089, -7.281249993865962 ], [ 112.793733949036792, -7.281249408342456 ], [ 112.793735371663061, -7.281245670803095 ], [ 112.793731610303098, -7.281239657254405 ], [ 112.793729587588771, -7.28123708164693 ], [ 112.793729000052679, -7.281233926212899 ], [ 112.793731568082947, -7.281229035856785 ], [ 112.793736147416595, -7.281223850460145 ], [ 112.793741865307481, -7.281215789857911 ], [ 112.793745850258219, -7.281205726638468 ], [ 112.7937492750589, -7.281199397540171 ], [ 112.793751548750222, -7.281192785934651 ], [ 112.793750649759161, -7.281183603279318 ], [ 112.793752067820861, -7.281178717480773 ], [ 112.793753779079992, -7.281175265866864 ], [ 112.793755484633692, -7.281170378928927 ], [ 112.793756899272054, -7.281164631936025 ], [ 112.793756871885904, -7.281157742380878 ], [ 112.79375741491944, -7.281149702287776 ], [ 112.793758246586108, -7.28114194812007 ], [ 112.793759668070948, -7.281137923515943 ], [ 112.793762808802398, -7.281132456751468 ], [ 112.793763656444256, -7.281128721490951 ], [ 112.793762776851906, -7.281124418937184 ], [ 112.793759600746824, -7.281120986692916 ], [ 112.793754707677365, -7.281119570738523 ], [ 112.793747801022832, -7.281117875694956 ], [ 112.793736886596349, -7.28112050257454 ], [ 112.793735170772862, -7.281122805929192 ], [ 112.793733169739511, -7.281125684552832 ], [ 112.793732322097384, -7.281129419813351 ], [ 112.793733488040431, -7.281133434163096 ], [ 112.793735233531805, -7.281138594493244 ], [ 112.793735249506824, -7.28114261340046 ], [ 112.793734109808398, -7.281145201541181 ], [ 112.793730389528193, -7.281149522325074 ], [ 112.793726951034571, -7.281152406645615 ], [ 112.793722651205897, -7.281155581449014 ], [ 112.793719496781023, -7.281157603435716 ], [ 112.793716057146185, -7.281160200691397 ], [ 112.793711757317354, -7.281163375494727 ], [ 112.79370629610969, -7.281163684207445 ], [ 112.793701118970901, -7.281163130586347 ], [ 112.793694503230853, -7.281162295597134 ], [ 112.793687025014691, -7.28116146402589 ], [ 112.793684152376372, -7.281162049548977 ], [ 112.793676677583292, -7.28116207917197 ], [ 112.793673807227037, -7.281163238824651 ], [ 112.793672095967224, -7.281166690438415 ], [ 112.793668096181349, -7.281173021815022 ], [ 112.793665237235317, -7.281177052115792 ], [ 112.793662668063376, -7.281181655406807 ], [ 112.793661824984767, -7.281186538926633 ], [ 112.793660702401326, -7.281193433039454 ], [ 112.793659275210317, -7.281196022319469 ], [ 112.793654681042398, -7.281197475872884 ], [ 112.793647780091746, -7.281197216152085 ], [ 112.793645474450074, -7.281195789942649 ], [ 112.793643734664357, -7.281192064936035 ], [ 112.793641693694354, -7.281184896290941 ], [ 112.793633068932493, -7.281184930470602 ], [ 112.793625312351807, -7.281186396556253 ], [ 112.793622732910265, -7.281188416263806 ], [ 112.793620733016908, -7.28119158195198 ], [ 112.79361902175657, -7.281195033565681 ], [ 112.793615295769698, -7.281197919024905 ], [ 112.793612142484932, -7.281200228075871 ], [ 112.793609568748266, -7.281203683107487 ], [ 112.793606710942512, -7.281208000472851 ], [ 112.793603264460515, -7.281208875338964 ], [ 112.793598953220268, -7.281209179493338 ], [ 112.79359348858867, -7.281208627010374 ], [ 112.793590605680862, -7.281206628949599 ], [ 112.793587445549917, -7.281207215611502 ], [ 112.793583133168653, -7.281207232700892 ], [ 112.793577957170129, -7.281206966143269 ], [ 112.793573073227591, -7.28120784670562 ], [ 112.793566744978733, -7.281207010575358 ], [ 112.793558963295865, -7.281202161233798 ] ] ] ] } },
{ "type": "Feature", "properties": { "id": 65, "Id": 0, "Luas": 1634.6332756199999 }, "geometry": { "type": "MultiPolygon", "coordinates": [ [ [ [ 112.793508869642437, -7.28144283215969 ], [ 112.793504297149866, -7.281449739944176 ], [ 112.793495674664214, -7.281450348252092 ], [ 112.793484752240474, -7.281450965674054 ], [ 112.793480715939282, -7.281448110975406 ], [ 112.793472673001858, -7.28144986526374 ], [ 112.793464043670312, -7.281448751182065 ], [ 112.793457698303627, -7.281443609078453 ], [ 112.79345308930003, -7.281441330787641 ], [ 112.793447928130661, -7.281444796072154 ], [ 112.793447950949442, -7.281450537368969 ], [ 112.793447426166281, -7.281463170500531 ], [ 112.793443442348334, -7.281473520784301 ], [ 112.79343429279659, -7.281486188093118 ], [ 112.793427427209679, -7.281494827380204 ], [ 112.793418241147421, -7.281498308613859 ], [ 112.793403305238968, -7.281501812631818 ], [ 112.793398707643959, -7.281502404989076 ], [ 112.793388921496557, -7.281499573073946 ], [ 112.793379714897455, -7.281497887139569 ], [ 112.793372799109591, -7.281493895572498 ], [ 112.793365901576138, -7.28149449704304 ], [ 112.793357863200541, -7.281497399589044 ], [ 112.793352113354445, -7.281497422372874 ], [ 112.793334852407213, -7.281494620075352 ], [ 112.79332965472824, -7.281488899283319 ], [ 112.793320432157202, -7.281483194439555 ], [ 112.793316384447749, -7.281477469090604 ], [ 112.793314045720194, -7.28146771799859 ], [ 112.793313995522524, -7.281455087144605 ], [ 112.793319131594501, -7.281445306434382 ], [ 112.793325415353664, -7.281434947037776 ], [ 112.793329992412765, -7.281429187513889 ], [ 112.793333421784439, -7.281424006676432 ], [ 112.79333340124893, -7.281418839508941 ], [ 112.793331092183962, -7.281416552103373 ], [ 112.793328217261362, -7.281416563494999 ], [ 112.793320751589448, -7.281418889632043 ], [ 112.793315583573843, -7.281420632526042 ], [ 112.793307524663689, -7.281418367903382 ], [ 112.793300608877587, -7.281414376334777 ], [ 112.793295981621313, -7.281407505004256 ], [ 112.793291340675239, -7.281397188895216 ], [ 112.793292460982599, -7.281389720652136 ], [ 112.793290710930876, -7.281383412059831 ], [ 112.793287829163489, -7.281381701061929 ], [ 112.793282079318615, -7.281381723844508 ], [ 112.793275761334144, -7.281383471294496 ], [ 112.793272906946413, -7.281388649853411 ], [ 112.79326717535443, -7.281393265673755 ], [ 112.793262011902002, -7.281396156826609 ], [ 112.793256264338481, -7.28139675373865 ], [ 112.793248778131726, -7.281393912706742 ], [ 112.793244739550516, -7.281390483875777 ], [ 112.793241846375167, -7.2813859022288 ], [ 112.793237807794085, -7.281382473397707 ], [ 112.793233201073292, -7.281380769233994 ], [ 112.793230319306048, -7.281379058235686 ], [ 112.793228010241734, -7.281376770829412 ], [ 112.793223401239459, -7.281374492535821 ], [ 112.793217071846868, -7.281373369336214 ], [ 112.793209019782338, -7.281372827100731 ], [ 112.793202681263594, -7.281369407381825 ], [ 112.793196331337242, -7.281363117014 ], [ 112.793194592694604, -7.281359679069856 ], [ 112.793189395018999, -7.281353958275333 ], [ 112.793185940549066, -7.281352823684569 ], [ 112.793183035967047, -7.281345371388158 ], [ 112.793181279072556, -7.281337340405696 ], [ 112.793182029747982, -7.281333318459821 ], [ 112.793189291590309, -7.281327931059116 ], [ 112.793189264212188, -7.281321041501918 ], [ 112.793186555094422, -7.281314545329065 ], [ 112.793181585584975, -7.281318009851282 ], [ 112.79317662520144, -7.281323770892567 ], [ 112.793172419295772, -7.281326466870944 ], [ 112.79316399683735, -7.281329179555277 ], [ 112.793157863669776, -7.28132920385484 ], [ 112.793150182000545, -7.281325406697286 ], [ 112.793145175987377, -7.281319685142688 ], [ 112.793142086589157, -7.281313955994474 ], [ 112.793139388118789, -7.281310139093478 ], [ 112.793138985023361, -7.281305164820709 ], [ 112.793139325759441, -7.281294446212696 ], [ 112.793136234840588, -7.281288334311164 ], [ 112.793136984755989, -7.281284120988706 ], [ 112.79313505293176, -7.281280301050254 ], [ 112.793130436326109, -7.281276108989398 ], [ 112.793125439439464, -7.281272683953552 ], [ 112.793121598605467, -7.281270785374366 ], [ 112.793117754729593, -7.281268121288754 ], [ 112.793115827468412, -7.281265449609713 ], [ 112.793113889560772, -7.281260098658335 ], [ 112.793113189541373, -7.28125757522082 ], [ 112.793115283368621, -7.281253930712743 ], [ 112.793117375674896, -7.281249903451547 ], [ 112.793116208215466, -7.281245506345787 ], [ 112.793115813485613, -7.281242637215489 ], [ 112.793117523989878, -7.281238994226107 ], [ 112.793117696639726, -7.281234209051838 ], [ 112.793117874612847, -7.28123076351373 ], [ 112.793119018497833, -7.281229227944911 ], [ 112.793121119929594, -7.2812274972029 ], [ 112.793124179668567, -7.281225762664174 ], [ 112.793125899298303, -7.281224416193968 ], [ 112.793128768896722, -7.281223065167735 ], [ 112.793131258214103, -7.281222481166579 ], [ 112.793134324797222, -7.281222469017165 ], [ 112.793137773182266, -7.281222072595818 ], [ 112.793140454161033, -7.281221487835292 ], [ 112.79314331843608, -7.28121879717281 ], [ 112.793141966159368, -7.281216123215883 ], [ 112.793138505606862, -7.281213457611673 ], [ 112.793138110876924, -7.281210588481419 ], [ 112.79314039560478, -7.281206751837411 ], [ 112.793144410608804, -7.281204247995526 ], [ 112.793146318857978, -7.281202135259559 ], [ 112.793148792965724, -7.281197723726407 ], [ 112.79314859065768, -7.281195045213419 ], [ 112.793146081568253, -7.281190653423173 ], [ 112.793143392224479, -7.28118913304115 ], [ 112.793138421955263, -7.281192406186061 ], [ 112.793137664435164, -7.281194705742596 ], [ 112.793135381228254, -7.281198925139766 ], [ 112.793132332136011, -7.281203338950853 ], [ 112.793128513356137, -7.281206990292939 ], [ 112.793126030883002, -7.281209296683453 ], [ 112.793122197654213, -7.281209311870119 ], [ 112.793120088617925, -7.281209128846177 ], [ 112.793120103066698, -7.281212765001547 ], [ 112.793119155405975, -7.281215448070574 ], [ 112.793116095667031, -7.281217182609221 ], [ 112.793112073818563, -7.281217964061589 ], [ 112.793109589063903, -7.281219696322214 ], [ 112.793105570257183, -7.28122124328092 ], [ 112.793099634075531, -7.2812226064562 ], [ 112.793096956898879, -7.28122414809954 ], [ 112.79309524411309, -7.281227216959056 ], [ 112.793093531327287, -7.281230285818542 ], [ 112.793091425332676, -7.281230868300916 ], [ 112.793087200415783, -7.281228779863361 ], [ 112.793082586852861, -7.28122535330817 ], [ 112.793077018784999, -7.281222887432507 ], [ 112.793072980967025, -7.281219649975852 ], [ 112.793070096159525, -7.281217173469704 ], [ 112.793068362841652, -7.281215075160863 ], [ 112.793065092430012, -7.281212026043447 ], [ 112.793062975028846, -7.281209737876594 ], [ 112.793061237148422, -7.281206491308057 ], [ 112.793060844700278, -7.281204196307457 ], [ 112.793060257548987, -7.281201136559686 ], [ 112.793058328007163, -7.281197890750477 ], [ 112.793056207564362, -7.281194837077103 ], [ 112.793054670470696, -7.281193886268531 ], [ 112.793054660585071, -7.281191398372662 ], [ 112.793056946834525, -7.28118794448215 ], [ 112.793057123287312, -7.281184116190754 ], [ 112.793056538417403, -7.281181630572793 ], [ 112.793056908812915, -7.281178375651909 ], [ 112.793057090588746, -7.281175886996738 ], [ 112.793054592146248, -7.281174174478206 ], [ 112.793051711141331, -7.281172654854822 ], [ 112.79304824982917, -7.281169797873106 ], [ 112.793045161954353, -7.281164451476893 ], [ 112.793043985370929, -7.281157757851433 ], [ 112.79304319667294, -7.281152210966995 ], [ 112.793044719318402, -7.281149525620192 ], [ 112.793048731281033, -7.281146256272657 ], [ 112.793051790259511, -7.281144330357916 ], [ 112.793053503805879, -7.281141452875155 ], [ 112.793052141644466, -7.281136291021871 ], [ 112.793050022722952, -7.281133620101627 ], [ 112.793045791723785, -7.281130000650538 ], [ 112.793043101620199, -7.281128288891141 ], [ 112.793037532793363, -7.281125631638069 ], [ 112.793034073762911, -7.281123348785918 ], [ 112.793030996534512, -7.281120681661991 ], [ 112.793025998889959, -7.281117065247782 ], [ 112.793019847855206, -7.281112592194429 ], [ 112.793013323763205, -7.281110704243781 ], [ 112.793006810316896, -7.28111149556558 ], [ 112.793000689318148, -7.281114581888077 ], [ 112.792996495579075, -7.281120339890364 ], [ 112.792992286631929, -7.281122270360382 ], [ 112.792983083842344, -7.28112154129875 ], [ 112.792975791583771, -7.28111927363138 ], [ 112.792971565907933, -7.281116993815721 ], [ 112.792962729712769, -7.281112052949564 ], [ 112.792958878235254, -7.281107475095879 ], [ 112.792956547883037, -7.281099829142222 ], [ 112.792954981135054, -7.281091414645105 ], [ 112.792956488573395, -7.281084901766192 ], [ 112.792960688395922, -7.281080674777133 ], [ 112.792962964000509, -7.28107454161441 ], [ 112.792963712396997, -7.281069945538624 ], [ 112.792967521292695, -7.281063806301877 ], [ 112.792970578750385, -7.281061497634476 ], [ 112.792972486239748, -7.281059193522537 ], [ 112.792979646011517, -7.28105705998364 ], [ 112.792986164019538, -7.281057416922092 ], [ 112.792988459393882, -7.281056259551332 ], [ 112.792993438027622, -7.281055091550874 ], [ 112.792998025734619, -7.281052011302762 ], [ 112.793004155857375, -7.281051221499847 ], [ 112.793011067833604, -7.281054256191988 ], [ 112.793016832883183, -7.281058060946068 ], [ 112.793022982776463, -7.281062246934726 ], [ 112.793027975097417, -7.281064523712844 ], [ 112.793037562729253, -7.28106563400849 ], [ 112.793040230780448, -7.281061795846369 ], [ 112.793039068645541, -7.28105873837637 ], [ 112.793036364094661, -7.281053390461278 ], [ 112.793032509575596, -7.281048047101793 ], [ 112.793027114161532, -7.281040796050421 ], [ 112.793023641444648, -7.281035068419028 ], [ 112.793019408165549, -7.281030874837586 ], [ 112.793016318771606, -7.281025145687605 ], [ 112.793016671678402, -7.281017489104673 ], [ 112.793021625978824, -7.281010197052494 ], [ 112.793025793863265, -7.280997932245517 ], [ 112.793030360278237, -7.280989493452187 ], [ 112.793034557057609, -7.280984500956401 ], [ 112.793037987191497, -7.28097951149766 ], [ 112.793039899242586, -7.280978355645278 ], [ 112.793045256635537, -7.280976037866275 ], [ 112.793051004955146, -7.280975632334763 ], [ 112.793057521440971, -7.280975606519259 ], [ 112.793064037926769, -7.280975580703661 ], [ 112.793069787767152, -7.280975557925116 ], [ 112.793075920930207, -7.280975533627918 ], [ 112.79308128592703, -7.28097512961459 ], [ 112.793088567537254, -7.280974718008284 ], [ 112.793094312814986, -7.280973546969795 ], [ 112.793100445977942, -7.280973522672274 ], [ 112.793105815537217, -7.280974266918289 ], [ 112.793112350273233, -7.280978834140427 ], [ 112.793116216959305, -7.280987239524738 ], [ 112.793117780667572, -7.280994888514241 ], [ 112.793118194407811, -7.281002542059651 ], [ 112.793118977782896, -7.281006749307609 ], [ 112.793120159689536, -7.28101478256895 ], [ 112.793120196190742, -7.281023968645739 ], [ 112.793119070556727, -7.281030097252763 ], [ 112.793118311515698, -7.281032014056047 ], [ 112.7931232901485, -7.281030846054303 ], [ 112.793131720206702, -7.281030047137952 ], [ 112.793142830482068, -7.281028472084627 ], [ 112.793151271186474, -7.281030352440294 ], [ 112.793159330089125, -7.281032617067693 ], [ 112.793165089055464, -7.281034890806904 ], [ 112.79316817540932, -7.281039854449023 ], [ 112.793169722388583, -7.281043293153014 ], [ 112.793176626760498, -7.281044414076479 ], [ 112.793181612997827, -7.281045159840034 ], [ 112.793185852362001, -7.281050884432279 ], [ 112.793186643342608, -7.281057005445832 ], [ 112.793188960009488, -7.281061206618726 ], [ 112.79319396601943, -7.281066928173497 ], [ 112.793193999480494, -7.281075348743521 ], [ 112.793194782856531, -7.281079555991132 ], [ 112.793200928188298, -7.281082593717332 ], [ 112.79320554022911, -7.281085637518309 ], [ 112.793208235656195, -7.281088688912771 ], [ 112.793209409960056, -7.281094808407487 ], [ 112.79320981913942, -7.281101313692793 ], [ 112.793210985838485, -7.281105519421609 ], [ 112.793210632935313, -7.281113176003926 ], [ 112.793217538829253, -7.28111467967959 ], [ 112.793225590128586, -7.281115030539485 ], [ 112.793234785312208, -7.281113845830264 ], [ 112.793242832048421, -7.281113048430302 ], [ 112.79324438663366, -7.281118400899694 ], [ 112.793248621436348, -7.281122977231479 ], [ 112.793253619842687, -7.281126785019354 ], [ 112.793255909132228, -7.281124096634626 ], [ 112.793257434818202, -7.281122176793735 ], [ 112.793260881681149, -7.281121397618524 ], [ 112.793264720993008, -7.281122913443519 ], [ 112.793267028534814, -7.281124818096761 ], [ 112.793267810390674, -7.281128642590879 ], [ 112.793268587683485, -7.281131318825497 ], [ 112.793272048235764, -7.281133984428702 ], [ 112.793274346651415, -7.28113359256287 ], [ 112.793276252618071, -7.281130905696806 ], [ 112.793278163147804, -7.281129367090267 ], [ 112.793281999417658, -7.281130117408765 ], [ 112.793281255587772, -7.281135861743767 ], [ 112.793280505673707, -7.281140075066149 ], [ 112.793284735913787, -7.281143503137972 ], [ 112.79328666469614, -7.281146557569323 ], [ 112.793287828353996, -7.28114999779136 ], [ 112.793288616294348, -7.281155353298064 ], [ 112.79328825274527, -7.28116033060797 ], [ 112.793287887675149, -7.28116492516471 ], [ 112.793288669531321, -7.281168749658725 ], [ 112.793293664896339, -7.281171791939581 ], [ 112.793297511814046, -7.281175221529997 ], [ 112.793302884417699, -7.281176731279277 ], [ 112.793305188917813, -7.281177870425926 ], [ 112.793306746546278, -7.281183988401174 ], [ 112.793308295048334, -7.281187809857474 ], [ 112.793314046411751, -7.281188169828325 ], [ 112.79331788116103, -7.281188537393238 ], [ 112.793321715910309, -7.281188904958098 ], [ 112.793327479442453, -7.281192326953997 ], [ 112.793332089964011, -7.281194987999978 ], [ 112.793339420251968, -7.281206824489639 ], [ 112.793340224925402, -7.281216390280683 ], [ 112.79334217956746, -7.281225951515133 ], [ 112.793344128125185, -7.281233981736989 ], [ 112.793348741689528, -7.281237408289019 ], [ 112.793355644543155, -7.281238146455724 ], [ 112.793360624697996, -7.28123736120412 ], [ 112.793364074603659, -7.281237347534253 ], [ 112.793370591092128, -7.281237321713317 ], [ 112.793375572768042, -7.281236919214708 ], [ 112.793383234661547, -7.281235740577503 ], [ 112.793388986025406, -7.281236100547237 ], [ 112.793394738910393, -7.281236843270037 ], [ 112.793400120641905, -7.281240649536747 ], [ 112.793402816071179, -7.281243700929484 ], [ 112.793408590252739, -7.281249802195945 ], [ 112.79340977368723, -7.28125821820815 ], [ 112.7934105616295, -7.281263573714189 ], [ 112.793415938797878, -7.281266231721165 ], [ 112.793419772026539, -7.281266216531892 ], [ 112.793421699289198, -7.281268888209197 ], [ 112.793425544687437, -7.281271935044924 ], [ 112.793427482598531, -7.281277285994065 ], [ 112.793430178028245, -7.281280337386534 ], [ 112.793434390016245, -7.281279172418753 ], [ 112.793438224766192, -7.281279539982463 ], [ 112.793444360974561, -7.281280281185515 ], [ 112.79344897149754, -7.281282942229919 ], [ 112.793453969907091, -7.281286750014711 ], [ 112.793459727356364, -7.281288640995867 ], [ 112.793465086270444, -7.281286705964678 ], [ 112.793471208787736, -7.281284002389212 ], [ 112.793478863075151, -7.281280909984723 ], [ 112.79348267957009, -7.28127668451058 ], [ 112.793483040074278, -7.281270941694818 ], [ 112.793485695951844, -7.2812640415058 ], [ 112.793489141293719, -7.281262879575563 ], [ 112.793496812314416, -7.281263997455124 ], [ 112.793502181876775, -7.281264741695384 ], [ 112.793508315042317, -7.28126471739137 ], [ 112.793517901155965, -7.281265444922382 ], [ 112.793523654041138, -7.281266187643435 ], [ 112.793530941739022, -7.281267307041381 ], [ 112.793535170460572, -7.281270352356971 ], [ 112.793539794675397, -7.281276458178334 ], [ 112.793545159673954, -7.281276054158734 ], [ 112.793548214086314, -7.281272979981584 ], [ 112.793548954869905, -7.281266470140732 ], [ 112.793548930529141, -7.281260346091032 ], [ 112.793548522865535, -7.281254223560397 ], [ 112.793548503088687, -7.281249247770039 ], [ 112.793549240829719, -7.281241972422952 ], [ 112.793555204008172, -7.281239365167854 ], [ 112.793559002246383, -7.281230546656097 ], [ 112.793558209738691, -7.281224042891388 ], [ 112.793558564156839, -7.281216769063397 ], [ 112.79355854285869, -7.281211410519912 ], [ 112.793558963295865, -7.281202161233798 ], [ 112.793566744978733, -7.281207010575358 ], [ 112.793573073227591, -7.28120784670562 ], [ 112.793577957170129, -7.281206966143269 ], [ 112.793583133168653, -7.281207232700892 ], [ 112.793587445549917, -7.281207215611502 ], [ 112.793590605680862, -7.281206628949599 ], [ 112.79359348858867, -7.281208627010356 ], [ 112.793598953220268, -7.281209179493338 ], [ 112.793606710942512, -7.281208000472851 ], [ 112.793609568748266, -7.281203683107487 ], [ 112.793612142484932, -7.281200228075871 ], [ 112.793615295769698, -7.281197919024889 ], [ 112.79361902175657, -7.281195033565681 ], [ 112.793622732910265, -7.281188416263806 ], [ 112.793625312351807, -7.281186396556253 ], [ 112.793633068932493, -7.281184930470602 ], [ 112.793641693694354, -7.281184896290941 ], [ 112.793643734664357, -7.281192064936035 ], [ 112.793647780091746, -7.281197216152085 ], [ 112.793654681042398, -7.281197475872868 ], [ 112.793659275210317, -7.281196022319469 ], [ 112.793589603388099, -7.281308789898792 ], [ 112.793559106829548, -7.28135826999516 ], [ 112.793544691330467, -7.281381658869465 ], [ 112.79353432538646, -7.281398477416027 ], [ 112.79352365447896, -7.281396497990174 ], [ 112.793521952345245, -7.281402246122491 ], [ 112.793523121710763, -7.281407121667481 ], [ 112.793522280365082, -7.281418020232146 ], [ 112.793517479033071, -7.281425810300757 ], [ 112.793510135895403, -7.281430291779869 ], [ 112.793508869642437, -7.28144283215969 ] ] ] ] } },
{ "type": "Feature", "properties": { "id": 66, "Id": 0, "Luas": 96.906578329499993 }, "geometry": { "type": "MultiPolygon", "coordinates": [ [ [ [ 112.79353432538646, -7.281398477416027 ], [ 112.793660702401326, -7.281193433039454 ], [ 112.793664567718707, -7.281189536703163 ], [ 112.793668303974457, -7.281189234826889 ], [ 112.793672919822015, -7.281193235504753 ], [ 112.793675228886855, -7.281195522908448 ], [ 112.793675824409775, -7.281200687796325 ], [ 112.793677283549968, -7.281206136330931 ], [ 112.793677596145073, -7.281212450617396 ], [ 112.793676465574592, -7.281217335276571 ], [ 112.793674189599955, -7.28122337275237 ], [ 112.793671902214825, -7.281226539580085 ], [ 112.793667308046693, -7.281227993133726 ], [ 112.793664726323144, -7.28122943871189 ], [ 112.793663304837295, -7.281233463315997 ], [ 112.793663318529809, -7.281236908093686 ], [ 112.793664774246949, -7.281241495433925 ], [ 112.793666801525191, -7.281245219301051 ], [ 112.793668826521412, -7.281248369038505 ], [ 112.793667985725008, -7.281253826687961 ], [ 112.793665415411809, -7.281258142914276 ], [ 112.793664282559092, -7.281262453443836 ], [ 112.793664301956909, -7.281267333545609 ], [ 112.793665756533187, -7.281271633821011 ], [ 112.793667490614283, -7.281273923503309 ], [ 112.793667790657977, -7.281277080076877 ], [ 112.793667238494763, -7.281282823651821 ], [ 112.793667828312692, -7.281286553215614 ], [ 112.793668128356387, -7.281289709789162 ], [ 112.7936652694099, -7.281293740090095 ], [ 112.793658668501436, -7.281296636943353 ], [ 112.793653791404651, -7.281299239895638 ], [ 112.79365091876538, -7.281299825418754 ], [ 112.793647772326509, -7.281303856858941 ], [ 112.79364490881558, -7.281306738900528 ], [ 112.793640587305177, -7.281304459472207 ], [ 112.793636256666517, -7.281299883525294 ], [ 112.793631930592099, -7.281296455837591 ], [ 112.79362876019141, -7.281294458916529 ], [ 112.793625604624111, -7.2812961938381 ], [ 112.7936259069496, -7.281299924541389 ], [ 112.793626208134086, -7.281303368179856 ], [ 112.793626507036521, -7.281306237688676 ], [ 112.793624503719784, -7.281308542182532 ], [ 112.793623645807457, -7.281309693859811 ], [ 112.793623654935701, -7.281311990378335 ], [ 112.793624235625131, -7.281313423423754 ], [ 112.793624528822434, -7.281314857608487 ], [ 112.793622812997768, -7.28131716096303 ], [ 112.793621091467969, -7.281318028993486 ], [ 112.793618791530761, -7.281318038108138 ], [ 112.793618796094876, -7.281319186367369 ], [ 112.79361794274665, -7.281321486303925 ], [ 112.793613666877164, -7.281330689468048 ], [ 112.793612824939146, -7.281335860052756 ], [ 112.793612853464808, -7.281343036673186 ], [ 112.793610572924905, -7.281347925889747 ], [ 112.79360714355731, -7.281353106728434 ], [ 112.793604524660282, -7.281360520107079 ], [ 112.793597393925793, -7.281359460891521 ], [ 112.79359596216996, -7.281360901912225 ], [ 112.793594538401294, -7.281364352386706 ], [ 112.793593496589907, -7.281368160981594 ], [ 112.793589289165965, -7.281370474210187 ], [ 112.793583559099773, -7.281375472786798 ], [ 112.793581289589241, -7.28138313696328 ], [ 112.793581695732442, -7.281388876740647 ], [ 112.793576509687327, -7.281385379895776 ], [ 112.793573631342284, -7.281384530094421 ], [ 112.793570763266331, -7.281386263876494 ], [ 112.793565302055498, -7.281386572588206 ], [ 112.793563572538289, -7.281385431164751 ], [ 112.793559556775449, -7.281387743633622 ], [ 112.793556689840401, -7.281389764480442 ], [ 112.793553827469324, -7.281392933586544 ], [ 112.793547796978899, -7.281394679900796 ], [ 112.793542917598259, -7.2813967087226 ], [ 112.79353432538646, -7.281398477416027 ] ] ] ] } },
{ "type": "Feature", "properties": { "id": 67, "Id": 0, "Luas": 770.82351110499997 }, "geometry": { "type": "MultiPolygon", "coordinates": [ [ [ [ 112.794404181751489, -7.281733481412812 ], [ 112.794408749663461, -7.281725425363268 ], [ 112.794414091832053, -7.281719280038526 ], [ 112.794418676487197, -7.281715434270973 ], [ 112.794425177757418, -7.281711580904053 ], [ 112.794433224496771, -7.281710783480829 ], [ 112.794439357665226, -7.281710759162721 ], [ 112.794443210683468, -7.281715719751687 ], [ 112.794449748485178, -7.281721052454255 ], [ 112.794453210569785, -7.281724100798423 ], [ 112.794455516596656, -7.281725622690669 ], [ 112.794460886163506, -7.28172636691782 ], [ 112.794466639053383, -7.281727109625017 ], [ 112.794473169244611, -7.2817305285626 ], [ 112.794480852449396, -7.2817347084461 ], [ 112.794484694812937, -7.281736989764234 ], [ 112.794490073513046, -7.281740030508399 ], [ 112.794493914354462, -7.281741929073531 ], [ 112.794496231036959, -7.281746130235773 ], [ 112.794500081011691, -7.281750325318235 ], [ 112.794503927942074, -7.281753754894848 ], [ 112.794508546085282, -7.281758329690171 ], [ 112.794515085410509, -7.281764045144309 ], [ 112.794522011103425, -7.28177052458417 ], [ 112.794525483844481, -7.281776252197817 ], [ 112.794524733638497, -7.281780388968962 ], [ 112.794523216177438, -7.281784375678917 ], [ 112.794521386577898, -7.281786985694417 ], [ 112.794520476344815, -7.281789438960837 ], [ 112.794521103057377, -7.281792804754359 ], [ 112.794522033992891, -7.281795556927237 ], [ 112.794524349153761, -7.281799375336285 ], [ 112.794525577005416, -7.281799676674681 ], [ 112.794527573938865, -7.281800587377763 ], [ 112.794528498785439, -7.281801808539038 ], [ 112.79452881518624, -7.281804256941553 ], [ 112.794527445574388, -7.281806865133146 ], [ 112.794525454729907, -7.281807485441653 ], [ 112.79452285056847, -7.281808108182095 ], [ 112.794523170622654, -7.281811475191561 ], [ 112.794524102776023, -7.281814533566727 ], [ 112.794522828892269, -7.281821934796382 ], [ 112.794522845066084, -7.281826001545818 ], [ 112.7945216585982, -7.281828876942458 ], [ 112.794519028008835, -7.28183008349509 ], [ 112.794514490317823, -7.281833689853129 ], [ 112.794512818987585, -7.28183513182636 ], [ 112.794512595584422, -7.281839199525836 ], [ 112.794512841821145, -7.281840873119761 ], [ 112.794513337148842, -7.281844937969268 ], [ 112.794514550256011, -7.281848760748258 ], [ 112.794514805055385, -7.281852587327183 ], [ 112.794511932986111, -7.281853316388683 ], [ 112.79450666324442, -7.281853576508855 ], [ 112.79450642652165, -7.281854295120533 ], [ 112.794505958784484, -7.281857167667204 ], [ 112.794505486290362, -7.281858844111047 ], [ 112.7945035791886, -7.281861243916494 ], [ 112.794499517796964, -7.281864130712854 ], [ 112.794494255666251, -7.28186630459742 ], [ 112.794487796601999, -7.281868722452366 ], [ 112.794485407492019, -7.281870406496028 ], [ 112.794480146312509, -7.281872819601021 ], [ 112.794478236356426, -7.281874501744719 ], [ 112.794474175915838, -7.281877627761467 ], [ 112.794471561499506, -7.281882901063483 ], [ 112.794471098519054, -7.281886969712994 ], [ 112.794470864650364, -7.281888405986342 ], [ 112.794468710360292, -7.281888892977155 ], [ 112.794464647065382, -7.281891301332207 ], [ 112.794463228631045, -7.281896091443276 ], [ 112.794462520365272, -7.281898725719359 ], [ 112.794458949543525, -7.281904481262334 ], [ 112.79445561449316, -7.281909278973111 ], [ 112.794453949822085, -7.281912395490191 ], [ 112.794451340162283, -7.281918864895001 ], [ 112.794450392319419, -7.281921500121068 ], [ 112.794446322364479, -7.281922233932083 ], [ 112.794444413359443, -7.281924155296263 ], [ 112.794441069746469, -7.281926800021902 ], [ 112.794436771630885, -7.281930405429596 ], [ 112.794431986750283, -7.281932098972624 ], [ 112.794427917746546, -7.281933072004074 ], [ 112.794423595846723, -7.281930696897471 ], [ 112.794420001240184, -7.281930471926122 ], [ 112.794419530648412, -7.281932626811139 ], [ 112.79441882238234, -7.28193526108721 ], [ 112.794419072424347, -7.281937891563548 ], [ 112.794421712528305, -7.281939077216977 ], [ 112.794422912316136, -7.281939550908374 ], [ 112.794423165212251, -7.281942899046375 ], [ 112.794422211661001, -7.281944098949002 ], [ 112.794415022447723, -7.281943649006289 ], [ 112.794404962115621, -7.281944167344994 ], [ 112.794402084337307, -7.281943461082546 ], [ 112.794400884549489, -7.281942987391105 ], [ 112.794398481168471, -7.281941083125878 ], [ 112.794394638422673, -7.281938706119143 ], [ 112.794391048572749, -7.281939677250426 ], [ 112.794390584640269, -7.281943506679431 ], [ 112.794390592251062, -7.281945420444035 ], [ 112.794390844195618, -7.281948529361535 ], [ 112.794390855611809, -7.281951400008417 ], [ 112.794390396436071, -7.281956425540304 ], [ 112.794389212821144, -7.281960018598542 ], [ 112.794386831321063, -7.281963616406457 ], [ 112.794385162843966, -7.281965776041147 ], [ 112.794382782295145, -7.281969613069633 ], [ 112.794380888511171, -7.281975361962864 ], [ 112.794380663204308, -7.28197895122141 ], [ 112.794379241914953, -7.281983023670729 ], [ 112.794377099040389, -7.28198638130815 ], [ 112.794373518703509, -7.281989744645128 ], [ 112.794369694984169, -7.281992152049734 ], [ 112.794367067247322, -7.281994076263534 ], [ 112.794361098750471, -7.281999362864338 ], [ 112.794353449408717, -7.282003699232211 ], [ 112.794348432560469, -7.282007307489165 ], [ 112.794345562392408, -7.282008514991048 ], [ 112.794341245248617, -7.28200733598665 ], [ 112.794335980261209, -7.282008792208212 ], [ 112.794330698149906, -7.28200594245927 ], [ 112.79432614999098, -7.282006917389833 ], [ 112.794324715382558, -7.282007640751011 ], [ 112.794321356547073, -7.282006457946752 ], [ 112.794318472109083, -7.282004077139796 ], [ 112.794316303548428, -7.282000975821333 ], [ 112.794315567693559, -7.281996672700548 ], [ 112.794315063805271, -7.281990454865225 ], [ 112.794315532494934, -7.281987821539016 ], [ 112.794315762558838, -7.281985428383309 ], [ 112.794313841185868, -7.281984239879575 ], [ 112.79431073239202, -7.281985687551702 ], [ 112.794309063914412, -7.281987847186219 ], [ 112.794306441885126, -7.281991206723231 ], [ 112.794306451398214, -7.28199359892907 ], [ 112.794307663553184, -7.281997182488336 ], [ 112.794306239409153, -7.282000537275847 ], [ 112.794303609769301, -7.282001983048189 ], [ 112.794298820130621, -7.282002480487221 ], [ 112.794294749223113, -7.282002975076524 ], [ 112.794291398949412, -7.282003945257302 ], [ 112.794290694487742, -7.282007536415732 ], [ 112.794288312035263, -7.28201089500281 ], [ 112.79428712176032, -7.282012813516913 ], [ 112.794285455185133, -7.28201545159255 ], [ 112.794281870090714, -7.282017618826087 ], [ 112.794277804890797, -7.282019548738816 ], [ 112.79427349725988, -7.2820207619396 ], [ 112.794267986987066, -7.282020783786809 ], [ 112.794264392379603, -7.282020558814382 ], [ 112.794261035446624, -7.282019854450852 ], [ 112.79425408771128, -7.28201988199713 ], [ 112.794250972257942, -7.282019655124834 ], [ 112.794249052787464, -7.282018945062001 ], [ 112.794243531099227, -7.28201609626182 ], [ 112.794241605921087, -7.282013950875396 ], [ 112.794237283069634, -7.282011336546375 ], [ 112.794233448885109, -7.282011112523539 ], [ 112.794231046455423, -7.282009447477954 ], [ 112.794229365610789, -7.282008497244567 ], [ 112.794226006775347, -7.282007314439558 ], [ 112.794222649842453, -7.282006610075705 ], [ 112.794222661257663, -7.282009480722843 ], [ 112.794224835525483, -7.282014017365452 ], [ 112.794225095079213, -7.282019040048063 ], [ 112.794224156747546, -7.282024067479945 ], [ 112.794222977887486, -7.282028856641091 ], [ 112.794223473213279, -7.282032921491468 ], [ 112.794223969490332, -7.282037225562458 ], [ 112.794224711052152, -7.282042964007133 ], [ 112.79422617039404, -7.282048460381615 ], [ 112.794226667622468, -7.282053003673163 ], [ 112.794227397769063, -7.282055871470693 ], [ 112.794229328655049, -7.282059452180726 ], [ 112.794232452670201, -7.282061832038408 ], [ 112.794234851295101, -7.282062540201539 ], [ 112.794240608755885, -7.282064431169494 ], [ 112.794244410816816, -7.282068626443936 ], [ 112.79424653431596, -7.282072445614489 ], [ 112.794247702550848, -7.282077034090447 ], [ 112.794248679124067, -7.282081623326284 ], [ 112.794249845836944, -7.282085829049262 ], [ 112.794250436042688, -7.282089654298972 ], [ 112.794251024726378, -7.282093096795761 ], [ 112.794251226281546, -7.282095583929993 ], [ 112.79425066195094, -7.282098265480298 ], [ 112.794249713535905, -7.282100757173947 ], [ 112.794246850786948, -7.282103830596029 ], [ 112.794244943302331, -7.282106134712695 ], [ 112.79424188432543, -7.282108060635811 ], [ 112.794240166980416, -7.282109981239657 ], [ 112.794238646624308, -7.282113240718878 ], [ 112.794236745988911, -7.282117267223798 ], [ 112.794235984669299, -7.282118609898679 ], [ 112.794234457463872, -7.282120146989664 ], [ 112.794230069031315, -7.282125140255613 ], [ 112.794226631296922, -7.28212821595729 ], [ 112.794223183669189, -7.282128803764833 ], [ 112.794218582265984, -7.282128439249326 ], [ 112.794214908253196, -7.282127525625328 ], [ 112.794210690934435, -7.282127350966429 ], [ 112.794208008431454, -7.28212755298133 ], [ 112.794206487314042, -7.282130621084043 ], [ 112.794204584395217, -7.282134073459489 ], [ 112.794204210204015, -7.28213637149697 ], [ 112.794202883031346, -7.282140012969242 ], [ 112.794201170252165, -7.282143081831807 ], [ 112.794199265811216, -7.28214615145431 ], [ 112.794198126495132, -7.282148835284294 ], [ 112.794194305436889, -7.282151912505604 ], [ 112.794186639728807, -7.282152134277414 ], [ 112.794182421648784, -7.282151768241814 ], [ 112.794179747516694, -7.282154075397835 ], [ 112.794177649130816, -7.282156571650718 ], [ 112.794175352995083, -7.282157537651643 ], [ 112.794171512150399, -7.282155639084379 ], [ 112.794166516008303, -7.282152405440923 ], [ 112.794164020600789, -7.282151458436873 ], [ 112.794159988094435, -7.282149560629323 ], [ 112.794157105558483, -7.282147658262572 ], [ 112.794154596453026, -7.282143266481754 ], [ 112.79415151084045, -7.282138494227585 ], [ 112.794149001735107, -7.282134102446724 ], [ 112.794146872148303, -7.282128752263715 ], [ 112.794145128167983, -7.282123974690426 ], [ 112.794144151595532, -7.282119385454142 ], [ 112.794143181111082, -7.282116327229712 ], [ 112.794141441696823, -7.282112697915262 ], [ 112.794140476539326, -7.282110979326207 ], [ 112.794138735603127, -7.282106967258747 ], [ 112.794139477898355, -7.282100840171871 ], [ 112.794141948953893, -7.282095663128698 ], [ 112.794145384405837, -7.282092013298117 ], [ 112.794147677497406, -7.282090281791472 ], [ 112.794152655374774, -7.282088922399754 ], [ 112.794158400659924, -7.282087751345049 ], [ 112.79416298455989, -7.282083714202223 ], [ 112.794166230632854, -7.282080639260835 ], [ 112.794165835894489, -7.282077770133363 ], [ 112.794163909384551, -7.28207528983775 ], [ 112.794161983635647, -7.282073000918595 ], [ 112.794160632110831, -7.282070518343385 ], [ 112.794160226718631, -7.282064969945123 ], [ 112.79416040239947, -7.282060950279167 ], [ 112.794158853125097, -7.282056937451947 ], [ 112.794156928898303, -7.282055031285712 ], [ 112.794154047885044, -7.28205351167172 ], [ 112.79414981534714, -7.282049509482412 ], [ 112.794148461539535, -7.282046452777684 ], [ 112.794148060713482, -7.282042052638277 ], [ 112.794148243243342, -7.282039755360636 ], [ 112.794148229545613, -7.282036310583937 ], [ 112.794147256778487, -7.282032678230021 ], [ 112.794147247646677, -7.282030381712234 ], [ 112.794146470346192, -7.282027705480876 ], [ 112.794145878619531, -7.282023497477797 ], [ 112.794147583789069, -7.282018514850557 ], [ 112.794150433601729, -7.282012188028856 ], [ 112.794152720605055, -7.282008925510437 ], [ 112.794164557969282, -7.281997395810605 ], [ 112.794170856930521, -7.28199086393497 ], [ 112.794174868127556, -7.281987403201287 ], [ 112.794180036143416, -7.281985660296769 ], [ 112.794185389732874, -7.28198238562047 ], [ 112.79418959715737, -7.281980072385745 ], [ 112.794193999287415, -7.281978523897013 ], [ 112.794197444631166, -7.281977361960516 ], [ 112.794201077070539, -7.281975051005307 ], [ 112.794202411092087, -7.281973131921425 ], [ 112.794201441368827, -7.281970265073606 ], [ 112.794198936830398, -7.281967021551785 ], [ 112.794198346625492, -7.281963196301807 ], [ 112.794197748049598, -7.281957265910568 ], [ 112.794197732068653, -7.281953247004537 ], [ 112.794200024398378, -7.28195132412136 ], [ 112.794201363746879, -7.281950744672884 ], [ 112.794202693202379, -7.281947677330169 ], [ 112.794202681787397, -7.281944806682993 ], [ 112.794203811971244, -7.28193982633538 ], [ 112.794204366409204, -7.281934656890861 ], [ 112.79420588372129, -7.281930631905944 ], [ 112.794204335208292, -7.281926810455302 ], [ 112.794204894212228, -7.281922789269685 ], [ 112.794205829690469, -7.281917044176025 ], [ 112.794207531054184, -7.281911104666418 ], [ 112.794209233939853, -7.281905547909796 ], [ 112.794211521703346, -7.281902476767754 ], [ 112.794215732170954, -7.281900929038892 ], [ 112.794219954814565, -7.281902443333588 ], [ 112.794224366075781, -7.28190319136249 ], [ 112.794228768965951, -7.281901834250113 ], [ 112.794233165768048, -7.281898946125867 ], [ 112.794235839137585, -7.281896447593458 ], [ 112.794236975409106, -7.281892998257669 ], [ 112.794237919258038, -7.281889358305254 ], [ 112.794238865389943, -7.281886292482299 ], [ 112.794240388028712, -7.281883607132653 ], [ 112.79424325458173, -7.281881490593287 ], [ 112.794246891586184, -7.281880327896775 ], [ 112.794249765749271, -7.281880125122106 ], [ 112.794253022474535, -7.281879729451211 ], [ 112.794257235224762, -7.281878755851429 ], [ 112.7942608699461, -7.281877019025418 ], [ 112.794263358502874, -7.281876243641007 ], [ 112.794266041004278, -7.281876041626163 ], [ 112.794269495479227, -7.281877176207031 ], [ 112.794271801506625, -7.281878698100131 ], [ 112.794274296151542, -7.28187945372748 ], [ 112.794279851293922, -7.281878666184734 ], [ 112.794286938968028, -7.281877681186336 ], [ 112.794289808564841, -7.281876330152629 ], [ 112.794294016748708, -7.281874208293738 ], [ 112.794297842370355, -7.281872279331063 ], [ 112.794303202045768, -7.281870535665671 ], [ 112.794308567048361, -7.281870131635467 ], [ 112.794311448060583, -7.28187165124865 ], [ 112.794313175298072, -7.281872218538886 ], [ 112.794317772132189, -7.281871434795272 ], [ 112.794323132568479, -7.281869882506123 ], [ 112.794327717986917, -7.281866228115446 ], [ 112.794330772395654, -7.281863153933417 ], [ 112.794335551758664, -7.281860072912138 ], [ 112.794338793262625, -7.281855849711397 ], [ 112.794342600618691, -7.281849327713321 ], [ 112.794340671065072, -7.281846081912586 ], [ 112.794338358949375, -7.2818430290081 ], [ 112.794336424068504, -7.281838443572088 ], [ 112.794336215663961, -7.28183423404976 ], [ 112.794337544357262, -7.281830975330499 ], [ 112.79434058658903, -7.281824839125041 ], [ 112.794340956974423, -7.281821584205306 ], [ 112.79434075237512, -7.281818331565327 ], [ 112.794341776833051, -7.281810863703724 ], [ 112.794395250981182, -7.281738501620507 ], [ 112.794404181751489, -7.281733481412812 ] ] ] ] } },
{ "type": "Feature", "properties": { "id": 68, "Id": 0, "Luas": 44988.245218600001 }, "geometry": { "type": "MultiPolygon", "coordinates": [ [ [ [ 112.816777399873061, -7.330874133930695 ], [ 112.819391119129733, -7.330903753577768 ], [ 112.819517071977415, -7.331474502776349 ], [ 112.819540462162266, -7.332278189465301 ], [ 112.819232780134996, -7.332270822859504 ], [ 112.819175019604984, -7.332207902359602 ], [ 112.819077274249707, -7.332211168570514 ], [ 112.818916216080751, -7.332200337710971 ], [ 112.818841297578444, -7.3321604517721 ], [ 112.818680320972021, -7.332169715035105 ], [ 112.818654525670496, -7.332189913941703 ], [ 112.818559632193214, -7.332187427203294 ], [ 112.818487658817688, -7.332164753178281 ], [ 112.818148454258576, -7.332183349175181 ], [ 112.818053747117062, -7.332226791974676 ], [ 112.817904201355773, -7.332218784835596 ], [ 112.817786224651101, -7.332196296732917 ], [ 112.817700143079136, -7.332239704585843 ], [ 112.817573505806749, -7.332208639494619 ], [ 112.817447113056957, -7.332237857043855 ], [ 112.817260189532703, -7.332230000810494 ], [ 112.817056096225798, -7.332242308463449 ], [ 112.816803089394284, -7.332246201768118 ], [ 112.816685322162314, -7.332275384255337 ], [ 112.816311440031342, -7.332251059259457 ], [ 112.816298880311507, -7.331989880612863 ], [ 112.816801972030774, -7.331970623699756 ], [ 112.816804090714186, -7.331784022760574 ], [ 112.816839408389214, -7.331275774632385 ], [ 112.816884212919902, -7.330979916416418 ], [ 112.816777399873061, -7.330874133930695 ] ] ] ] } },
{ "type": "Feature", "properties": { "id": 69, "Id": 0, "Luas": 253382.03835 }, "geometry": { "type": "MultiPolygon", "coordinates": [ [ [ [ 112.816777399873075, -7.330874133930695 ], [ 112.816768600929905, -7.330500410578394 ], [ 112.817354970702468, -7.330455937967367 ], [ 112.817734589905569, -7.33047736859925 ], [ 112.817960958381988, -7.330522383776507 ], [ 112.818256347134877, -7.33057094724578 ], [ 112.818289497078482, -7.329292417110496 ], [ 112.818284980376305, -7.329124023909341 ], [ 112.818664551700252, -7.329133971614052 ], [ 112.818644032854749, -7.328801059261846 ], [ 112.819395989157812, -7.328939636403287 ], [ 112.819622263561811, -7.328961686090411 ], [ 112.819629247129768, -7.328793246489191 ], [ 112.819713554768796, -7.328785250299669 ], [ 112.819966835038784, -7.328849293381092 ], [ 112.820595712655091, -7.328888850734687 ], [ 112.821036620562339, -7.328898548153647 ], [ 112.821400623612007, -7.328851143714306 ], [ 112.82176476650136, -7.328838186167205 ], [ 112.822201747179491, -7.328824933205428 ], [ 112.822531652252167, -7.328877181690589 ], [ 112.8228998152439, -7.328910137219022 ], [ 112.823122349194392, -7.328955165405763 ], [ 112.823287161640337, -7.328946842179239 ], [ 112.823517222618221, -7.328957391936368 ], [ 112.824269703972575, -7.329036631782174 ], [ 112.824460071711101, -7.330597487821845 ], [ 112.824496817762267, -7.331148501614065 ], [ 112.82415174810221, -7.331138419298115 ], [ 112.824092396713397, -7.332097454094982 ], [ 112.824054972004788, -7.332792300991215 ], [ 112.823411253758252, -7.332875290804073 ], [ 112.823094630919201, -7.332790455895538 ], [ 112.822812136875854, -7.332613621770275 ], [ 112.822720083671086, -7.332602512492753 ], [ 112.822570806653076, -7.332660530656836 ], [ 112.822369729207438, -7.332707276228408 ], [ 112.820580371528749, -7.332473393100017 ], [ 112.820333033862283, -7.332457170932488 ], [ 112.819970687932269, -7.332441414292941 ], [ 112.819648571534287, -7.332419753206381 ], [ 112.819545040776532, -7.332414431006685 ], [ 112.819540462162266, -7.332278189465301 ], [ 112.819522550727569, -7.331662753975304 ], [ 112.81951707197743, -7.331474502776349 ], [ 112.819492091239567, -7.331361303965965 ], [ 112.819470486281745, -7.331263402238448 ], [ 112.819453032160411, -7.331184309757112 ], [ 112.819428485798952, -7.331073079066266 ], [ 112.819407567622022, -7.330978289253599 ], [ 112.819391119129747, -7.330903753577768 ], [ 112.819124677372898, -7.330900734857955 ], [ 112.818808460861533, -7.330897151996687 ], [ 112.818440322668408, -7.330892980560518 ], [ 112.818009029625927, -7.330888093121153 ], [ 112.817583928633567, -7.33088327544415 ], [ 112.817296281760193, -7.330880015308224 ], [ 112.817020310738172, -7.330876887330589 ], [ 112.816939642083796, -7.33087597296425 ], [ 112.816777399873075, -7.330874133930695 ] ] ] ] } }
]
}
