{
"type": "FeatureCollection",
"name": "Building",
"crs": { "type": "name", "properties": { "name": "urn:ogc:def:crs:OGC:1.3:CRS84" } },
"features": [
{ "type": "Feature", "properties": { "id": 23, "Id": 0, "Nama": null, "Luas": 240.83379259193316 }, "geometry": { "type": "MultiPolygon", "coordinates": [ [ [ [ 112.790658547663554, -7.28804708857627 ], [ 112.790876692378674, -7.288053879855497 ], [ 112.790872839150381, -7.288145374654603 ], [ 112.790655068597715, -7.288136285344708 ], [ 112.790658547663554, -7.28804708857627 ] ] ] ] } },
{ "type": "Feature", "properties": { "id": 21, "Id": 0, "Nama": null, "Luas": 119.83841466234662 }, "geometry": { "type": "MultiPolygon", "coordinates": [ [ [ [ 112.791369307898862, -7.288731843358331 ], [ 112.791373520087106, -7.288590837221156 ], [ 112.79137688701779, -7.288540988599367 ], [ 112.791378824670829, -7.288507680849138 ], [ 112.791416551588952, -7.288509368623862 ], [ 112.791416095461074, -7.288544105851784 ], [ 112.791411785286044, -7.288544697067736 ], [ 112.791411227768364, -7.288597328702042 ], [ 112.791448228953286, -7.28859967003869 ], [ 112.791447039026522, -7.288637855008384 ], [ 112.791408321981663, -7.288637817027372 ], [ 112.791407581167078, -7.288692554564842 ], [ 112.791407261715747, -7.288732745573471 ], [ 112.791369307898862, -7.288731843358331 ] ] ] ] } },
{ "type": "Feature", "properties": { "id": 1, "Id": 0, "Nama": null, "Luas": 733.49862534180284 }, "geometry": { "type": "MultiPolygon", "coordinates": [ [ [ [ 112.789897753625937, -7.28820309361273 ], [ 112.789981612651189, -7.288204197004019 ], [ 112.7900515911778, -7.288209182926948 ], [ 112.790072208435248, -7.288212450455114 ], [ 112.790175817281067, -7.288215580801793 ], [ 112.790258632400594, -7.288219271901726 ], [ 112.790356391665071, -7.288221468466927 ], [ 112.790369333593134, -7.288222565502775 ], [ 112.790458481622821, -7.288228240978456 ], [ 112.790455154602796, -7.288331599259745 ], [ 112.790250428142414, -7.28832523313082 ], [ 112.789892718968261, -7.288310860417745 ], [ 112.789897753625937, -7.28820309361273 ] ] ] ] } },
{ "type": "Feature", "properties": { "id": 2, "Id": 0, "Nama": null, "Luas": 704.49293540290091 }, "geometry": { "type": "MultiPolygon", "coordinates": [ [ [ [ 112.7899071280968, -7.288005648152574 ], [ 112.790464970992929, -7.288028319051606 ], [ 112.790462502655345, -7.288130717033804 ], [ 112.789900830135466, -7.28810901822074 ], [ 112.7899071280968, -7.288005648152574 ] ] ] ] } },
{ "type": "Feature", "properties": { "id": 3, "Id": 0, "Nama": null, "Luas": 97.284336183452979 }, "geometry": { "type": "MultiPolygon", "coordinates": [ [ [ [ 112.790386061135806, -7.288139249041293 ], [ 112.790489582857816, -7.288144580532421 ], [ 112.790487581593567, -7.28821980072841 ], [ 112.790383496260432, -7.288217342170129 ], [ 112.790386061135806, -7.288139249041293 ] ] ] ] } },
{ "type": "Feature", "properties": { "id": 4, "Id": 0, "Nama": null, "Luas": 210.37957994210501 }, "geometry": { "type": "MultiPolygon", "coordinates": [ [ [ [ 112.789776518879634, -7.288235658335518 ], [ 112.789776458932039, -7.288223777070797 ], [ 112.789780726333532, -7.288127119710614 ], [ 112.789782451316114, -7.288127112882908 ], [ 112.789782600886994, -7.288126164960413 ], [ 112.789788937067172, -7.287984135996685 ], [ 112.789857181844596, -7.287986927952024 ], [ 112.78985125332953, -7.288135079454396 ], [ 112.789848959431254, -7.288136619573434 ], [ 112.789843230377713, -7.288238456352844 ], [ 112.789776518879634, -7.288235658335518 ] ] ] ] } },
{ "type": "Feature", "properties": { "id": 5, "Id": 0, "Nama": null, "Luas": 84.383056633698288 }, "geometry": { "type": "MultiPolygon", "coordinates": [ [ [ [ 112.790001807414811, -7.288432522560819 ], [ 112.790062000811517, -7.288434963582444 ], [ 112.790061022566377, -7.2884782193052 ], [ 112.790054505961479, -7.28847824510398 ], [ 112.79005215854329, -7.288562844298696 ], [ 112.790002324152198, -7.288562658828658 ], [ 112.790004662460916, -7.288475763109574 ], [ 112.78999967461526, -7.288474634576247 ], [ 112.790001807414811, -7.288432522560819 ] ] ] ] } },
{ "type": "Feature", "properties": { "id": 6, "Id": 0, "Nama": null, "Luas": 574.7949595102109 }, "geometry": { "type": "MultiPolygon", "coordinates": [ [ [ [ 112.790075609774433, -7.288435101085371 ], [ 112.790092467160122, -7.288432737789175 ], [ 112.79012313961185, -7.288434147395333 ], [ 112.790203272226464, -7.288438040495907 ], [ 112.790312163680866, -7.288444116271057 ], [ 112.79044942608256, -7.288451227956354 ], [ 112.79044887072989, -7.288504433747478 ], [ 112.790410537765425, -7.288504585537078 ], [ 112.790409308481017, -7.288581142337114 ], [ 112.790085734095967, -7.288571323466986 ], [ 112.790087821288779, -7.288517728841851 ], [ 112.790070951740944, -7.288517030108878 ], [ 112.790075609774433, -7.288435101085371 ] ] ] ] } },
{ "type": "Feature", "properties": { "id": 7, "Id": 0, "Nama": null, "Luas": 148.02662825756124 }, "geometry": { "type": "MultiPolygon", "coordinates": [ [ [ [ 112.790386700164561, -7.288921086557615 ], [ 112.790465290415909, -7.288922689140014 ], [ 112.79046779238756, -7.289070041694728 ], [ 112.790383463560417, -7.289071332540943 ], [ 112.790386700164561, -7.288921086557615 ] ] ] ] } },
{ "type": "Feature", "properties": { "id": 8, "Id": 0, "Nama": null, "Luas": 239.29732307157974 }, "geometry": { "type": "MultiPolygon", "coordinates": [ [ [ [ 112.790610495424687, -7.289047467868783 ], [ 112.790822304282656, -7.289051413454262 ], [ 112.790822684442432, -7.289147101840858 ], [ 112.790606049702006, -7.289134563287978 ], [ 112.790610495424687, -7.289047467868783 ] ] ] ] } },
{ "type": "Feature", "properties": { "id": 9, "Id": 0, "Nama": null, "Luas": 320.04103277079412 }, "geometry": { "type": "MultiPolygon", "coordinates": [ [ [ [ 112.790870288965593, -7.289068447568144 ], [ 112.791151142830302, -7.289083602285972 ], [ 112.791148629074371, -7.289174517626539 ], [ 112.790865873708327, -7.289163198048355 ], [ 112.790870288965593, -7.289068447568144 ] ] ] ] } },
{ "type": "Feature", "properties": { "id": 10, "Id": 0, "Nama": null, "Luas": 306.26642668023123 }, "geometry": { "type": "MultiPolygon", "coordinates": [ [ [ [ 112.790877548787321, -7.288966030629416 ], [ 112.790880062607414, -7.288875115276506 ], [ 112.791161874673378, -7.288890266221161 ], [ 112.791158387377479, -7.28897735782351 ], [ 112.790877548787321, -7.288966030629416 ] ] ] ] } },
{ "type": "Feature", "properties": { "id": 11, "Id": 0, "Nama": null, "Luas": 235.94886490836507 }, "geometry": { "type": "MultiPolygon", "coordinates": [ [ [ [ 112.790613998029102, -7.288964203780915 ], [ 112.790619386877225, -7.288873277030564 ], [ 112.790836983615264, -7.288886768695758 ], [ 112.790828704631295, -7.288973879290051 ], [ 112.790613998029102, -7.288964203780915 ] ] ] ] } },
{ "type": "Feature", "properties": { "id": 12, "Id": 0, "Nama": null, "Luas": 65.052324390546346 }, "geometry": { "type": "MultiPolygon", "coordinates": [ [ [ [ 112.790592614411935, -7.28898514886771 ], [ 112.790623139060017, -7.288985530349353 ], [ 112.790623276746615, -7.288964621917907 ], [ 112.790668872606275, -7.288966676651252 ], [ 112.790667461697765, -7.289048529049019 ], [ 112.790619075859752, -7.289047627707471 ], [ 112.790619540479199, -7.289044633116479 ], [ 112.790618978641987, -7.289023822787708 ], [ 112.790596213669019, -7.289022716823148 ], [ 112.790592856680263, -7.289022012443905 ], [ 112.790585665440759, -7.289021084025001 ], [ 112.790581101043017, -7.289017992179835 ], [ 112.790582194420864, -7.288991673125762 ], [ 112.790585723594063, -7.288987472715644 ], [ 112.790592614411935, -7.28898514886771 ] ] ] ] } },
{ "type": "Feature", "properties": { "id": 13, "Id": 0, "Nama": null, "Luas": 163.61697857835952 }, "geometry": { "type": "MultiPolygon", "coordinates": [ [ [ [ 112.790822684442432, -7.289147101840858 ], [ 112.790822342583525, -7.289061054059187 ], [ 112.790828704631295, -7.288973879290051 ], [ 112.790830873112156, -7.288951062762683 ], [ 112.790836471970664, -7.288892152165867 ], [ 112.790879541763033, -7.288893952235184 ], [ 112.790877548787321, -7.288966030629416 ], [ 112.79087471932192, -7.28898955762741 ], [ 112.790883840516059, -7.288993827543214 ], [ 112.790897749533173, -7.28899712159508 ], [ 112.790908317719285, -7.289003778025864 ], [ 112.790909321665012, -7.289015256835727 ], [ 112.790909374889381, -7.289028653209281 ], [ 112.790902700830173, -7.289037291735859 ], [ 112.79089360814784, -7.289040198449424 ], [ 112.790873473818408, -7.289037885955389 ], [ 112.790870288965593, -7.289068447568144 ], [ 112.790866539782442, -7.289148904235424 ], [ 112.790822684442432, -7.289147101840858 ] ] ] ] } },
{ "type": "Feature", "properties": { "id": 14, "Id": 0, "Nama": null, "Luas": 167.75761436764878 }, "geometry": { "type": "MultiPolygon", "coordinates": [ [ [ [ 112.791150348001395, -7.289112348953803 ], [ 112.791150954208049, -7.289090424207187 ], [ 112.791171926972964, -7.289092682251024 ], [ 112.791170701696885, -7.289073740510028 ], [ 112.791149999596882, -7.289073248386004 ], [ 112.791155421030467, -7.288990550855455 ], [ 112.791177275397686, -7.288991612554477 ], [ 112.791176620554793, -7.288971520275046 ], [ 112.791158617569607, -7.288971609011456 ], [ 112.791159541574601, -7.28894853293836 ], [ 112.791178256565942, -7.288949122362992 ], [ 112.791180426507495, -7.288916387829238 ], [ 112.791195937677585, -7.288912881543713 ], [ 112.791211471661214, -7.288915116559735 ], [ 112.791216667146514, -7.288920263229833 ], [ 112.79121465918837, -7.288993761007249 ], [ 112.791238236258224, -7.288994241739092 ], [ 112.791235678407531, -7.289074057225732 ], [ 112.791210387755811, -7.289076453979832 ], [ 112.791208354706058, -7.289143636325013 ], [ 112.791199759439408, -7.289151134188024 ], [ 112.791184814130958, -7.289152341676783 ], [ 112.791172734671932, -7.289151241254339 ], [ 112.791166943655924, -7.289140929690417 ], [ 112.791167418269069, -7.289115665683179 ], [ 112.791150348001395, -7.289112348953803 ] ] ] ] } },
{ "type": "Feature", "properties": { "id": 15, "Id": 0, "Nama": null, "Luas": 711.5538067016023 }, "geometry": { "type": "MultiPolygon", "coordinates": [ [ [ [ 112.79144251837613, -7.288924918424032 ], [ 112.791520901934263, -7.288930466614484 ], [ 112.791521613835627, -7.28895526660469 ], [ 112.791529740427336, -7.288955234403626 ], [ 112.791531691751402, -7.288906080361096 ], [ 112.791714798025453, -7.288912397552991 ], [ 112.791714551629099, -7.288966137947846 ], [ 112.791760864558498, -7.288967638555303 ], [ 112.791763636704033, -7.288970689644438 ], [ 112.791980023917176, -7.288978865177643 ], [ 112.791978317881146, -7.28905113690199 ], [ 112.791761115813173, -7.289042421087282 ], [ 112.791760724585785, -7.289059723361662 ], [ 112.791527742859799, -7.289050623416391 ], [ 112.791528440151652, -7.289033166823523 ], [ 112.791520312950055, -7.289033045923537 ], [ 112.791519812192547, -7.289061372105492 ], [ 112.791436147795622, -7.289058143953024 ], [ 112.79144251837613, -7.288924918424032 ] ] ] ] } },
{ "type": "Feature", "properties": { "id": 16, "Id": 0, "Nama": null, "Luas": 343.95289270684952 }, "geometry": { "type": "MultiPolygon", "coordinates": [ [ [ [ 112.791412518033709, -7.288671107652256 ], [ 112.791694623487686, -7.288682965397479 ], [ 112.791694969704935, -7.288692915769886 ], [ 112.791713826475487, -7.288692075527591 ], [ 112.79171363237262, -7.288681818344987 ], [ 112.791748367199787, -7.288682982081807 ], [ 112.79175646276002, -7.288694432782385 ], [ 112.791754281447965, -7.28872429665859 ], [ 112.791748045509195, -7.288746712794546 ], [ 112.791711818582229, -7.288746282214533 ], [ 112.791712847626258, -7.288715848764889 ], [ 112.791694440961706, -7.288714199287667 ], [ 112.791691791903332, -7.288771049555645 ], [ 112.791407696729607, -7.288760118327986 ], [ 112.791412518033709, -7.288671107652256 ] ] ] ] } },
{ "type": "Feature", "properties": { "id": 17, "Id": 0, "Nama": null, "Luas": 235.35966561734676 }, "geometry": { "type": "MultiPolygon", "coordinates": [ [ [ [ 112.791151161780661, -7.288646383363042 ], [ 112.79136662343052, -7.288653184962867 ], [ 112.791363150614956, -7.288743912715227 ], [ 112.791148829785058, -7.288734810047737 ], [ 112.791151161780661, -7.288646383363042 ] ] ] ] } },
{ "type": "Feature", "properties": { "id": 18, "Id": 0, "Nama": null, "Luas": 239.18250647711102 }, "geometry": { "type": "MultiPolygon", "coordinates": [ [ [ [ 112.791162757648905, -7.288477540483193 ], [ 112.791377072269881, -7.288485112160135 ], [ 112.791372840395411, -7.288577756716995 ], [ 112.791158130233526, -7.288567124539437 ], [ 112.791162757648905, -7.288477540483193 ] ] ] ] } },
{ "type": "Feature", "properties": { "id": 19, "Id": 0, "Nama": null, "Luas": 377.32074225883298 }, "geometry": { "type": "MultiPolygon", "coordinates": [ [ [ [ 112.791422645882804, -7.288474214337058 ], [ 112.791700223512862, -7.288484980045116 ], [ 112.791702782103798, -7.288550039004409 ], [ 112.791723481892106, -7.288549956978777 ], [ 112.791723344976504, -7.288515509175784 ], [ 112.791758241641688, -7.288518815726167 ], [ 112.791760181108259, -7.28852454943141 ], [ 112.791765175039444, -7.288527208957542 ], [ 112.79176118965708, -7.288585404177309 ], [ 112.791719790077835, -7.288585568231868 ], [ 112.791718974737663, -7.288573323162153 ], [ 112.791699420372709, -7.288572252370754 ], [ 112.791698690224408, -7.288581441489654 ], [ 112.791418061108544, -7.288574515479453 ], [ 112.791422645882804, -7.288474214337058 ] ] ] ] } },
{ "type": "Feature", "properties": { "id": 20, "Id": 0, "Nama": null, "Luas": 67.585068544620299 }, "geometry": { "type": "MultiPolygon", "coordinates": [ [ [ [ 112.791699416197147, -7.288595313641088 ], [ 112.79177465791274, -7.288598364624716 ], [ 112.791771600442758, -7.28867301482063 ], [ 112.79169827346044, -7.28866947780278 ], [ 112.791699416197147, -7.288595313641088 ] ] ] ] } },
{ "type": "Feature", "properties": { "id": 22, "Id": 0, "Nama": null, "Luas": 246.67781137657585 }, "geometry": { "type": "MultiPolygon", "coordinates": [ [ [ [ 112.790650381775095, -7.288210942030471 ], [ 112.790869300832085, -7.288219644025665 ], [ 112.790866214267822, -7.2883111357883 ], [ 112.790646916397193, -7.288303583581276 ], [ 112.790650381775095, -7.288210942030471 ] ] ] ] } },
{ "type": "Feature", "properties": { "id": 24, "Id": 0, "Nama": null, "Luas": 766.85367741561822 }, "geometry": { "type": "MultiPolygon", "coordinates": [ [ [ [ 112.790911949609352, -7.288238421707826 ], [ 112.791192319601123, -7.28825252585197 ], [ 112.791194367437868, -7.288261416898358 ], [ 112.791211612692862, -7.288260200305396 ], [ 112.791211831754239, -7.288242975259966 ], [ 112.791189686505433, -7.288241053497277 ], [ 112.791194535246277, -7.288158932375511 ], [ 112.791217534997514, -7.288158841266571 ], [ 112.791218324490984, -7.288140465682961 ], [ 112.791208838234596, -7.288140790330583 ], [ 112.791197055424817, -7.288141985284151 ], [ 112.790917001509811, -7.28813505661644 ], [ 112.790921525175378, -7.288043463473876 ], [ 112.791202756393091, -7.288057277160017 ], [ 112.791200415282617, -7.288119293474031 ], [ 112.79122082413825, -7.288118351419758 ], [ 112.791222128175178, -7.288084759107618 ], [ 112.791257776642482, -7.288084330822418 ], [ 112.791255784629953, -7.288161847511543 ], [ 112.791276779886786, -7.28816377382749 ], [ 112.791273943639837, -7.288245886974042 ], [ 112.791252662022799, -7.288244248862911 ], [ 112.791250587890261, -7.288301096864485 ], [ 112.79124747903289, -7.288314601452345 ], [ 112.791244057584692, -7.288321791746831 ], [ 112.791216457873631, -7.28832190108147 ], [ 112.791213285141254, -7.288319330023333 ], [ 112.791213254344939, -7.28831157926543 ], [ 112.79121036454724, -7.288307858807908 ], [ 112.79121169367518, -7.288280581928134 ], [ 112.791192431378278, -7.28828065823297 ], [ 112.791194071888214, -7.288331750128421 ], [ 112.790906853236294, -7.288330591258216 ], [ 112.790911949609352, -7.288238421707826 ] ] ] ] } },
{ "type": "Feature", "properties": { "id": 25, "Id": 0, "Nama": null, "Luas": 57.093689774417726 }, "geometry": { "type": "MultiPolygon", "coordinates": [ [ [ [ 112.790663185720888, -7.288136624139195 ], [ 112.790707654563278, -7.28813848018811 ], [ 112.790703235716322, -7.288213042975468 ], [ 112.790659511682094, -7.288211304944837 ], [ 112.790659921084909, -7.2881938140369 ], [ 112.790623485034374, -7.288188982451121 ], [ 112.790625652746328, -7.288155673779657 ], [ 112.79066205838798, -7.288152850293971 ], [ 112.790663185720888, -7.288136624139195 ] ] ] ] } },
{ "type": "Feature", "properties": { "id": 26, "Id": 0, "Nama": null, "Luas": 135.40698409031756 }, "geometry": { "type": "MultiPolygon", "coordinates": [ [ [ [ 112.790875978912439, -7.28807082108652 ], [ 112.79092006448694, -7.288073038829321 ], [ 112.790915115006243, -7.288166775718198 ], [ 112.790940028366606, -7.288165911524996 ], [ 112.790941199641949, -7.288171265519734 ], [ 112.790947337471664, -7.288172389488166 ], [ 112.790947845486272, -7.288203773759792 ], [ 112.790939810776862, -7.288207633178828 ], [ 112.790910677751, -7.288207748566172 ], [ 112.790911949609352, -7.28823842170781 ], [ 112.790908577468969, -7.288299407949016 ], [ 112.790866610538032, -7.288299389564409 ], [ 112.790875978912439, -7.28807082108652 ] ] ] ] } },
{ "type": "Feature", "properties": { "id": 27, "Id": 0, "Nama": null, "Luas": 244.70932920346968 }, "geometry": { "type": "MultiPolygon", "coordinates": [ [ [ [ 112.790018954475741, -7.287800131747426 ], [ 112.79023461699623, -7.287809325441814 ], [ 112.790232589759327, -7.287902152696893 ], [ 112.790016927193761, -7.287892959012381 ], [ 112.790018954475741, -7.287800131747426 ] ] ] ] } },
{ "type": "Feature", "properties": { "id": 28, "Id": 0, "Nama": null, "Luas": 246.90290595765691 }, "geometry": { "type": "MultiPolygon", "coordinates": [ [ [ [ 112.790028350108585, -7.287632158713567 ], [ 112.790242097801979, -7.287641838453007 ], [ 112.79023816341288, -7.287737065506639 ], [ 112.790023928913769, -7.287725473904434 ], [ 112.790028350108585, -7.287632158713567 ] ] ] ] } },
{ "type": "Feature", "properties": { "id": 29, "Id": 0, "Nama": null, "Luas": 58.522974126084591 }, "geometry": { "type": "MultiPolygon", "coordinates": [ [ [ [ 112.790032587841097, -7.287725942415677 ], [ 112.790082418561227, -7.287728638618474 ], [ 112.790079967520356, -7.287802732744418 ], [ 112.790028420456196, -7.287800535284394 ], [ 112.790029316611623, -7.287779038942663 ], [ 112.790001431698002, -7.287779723463736 ], [ 112.790003296008848, -7.287742397007713 ], [ 112.79003176731139, -7.287744580863992 ], [ 112.790032587841097, -7.287725942415677 ] ] ] ] } },
{ "type": "Feature", "properties": { "id": 30, "Id": 0, "Nama": null, "Luas": 309.94780222250847 }, "geometry": { "type": "MultiPolygon", "coordinates": [ [ [ [ 112.790289209645323, -7.287632178637178 ], [ 112.790567855490167, -7.287646577160142 ], [ 112.790565911225926, -7.287736150615218 ], [ 112.790285836960336, -7.287724054317716 ], [ 112.790289209645323, -7.287632178637178 ] ] ] ] } },
{ "type": "Feature", "properties": { "id": 31, "Id": 0, "Nama": null, "Luas": 319.01183348472114 }, "geometry": { "type": "MultiPolygon", "coordinates": [ [ [ [ 112.79027818602421, -7.287824559029379 ], [ 112.790560577429872, -7.287840952187456 ], [ 112.790558060459361, -7.28793110204957 ], [ 112.79027453496775, -7.28791873237027 ], [ 112.79027818602421, -7.287824559029379 ] ] ] ] } },
{ "type": "Feature", "properties": { "id": 32, "Id": 0, "Nama": null, "Luas": 144.32194541516947 }, "geometry": { "type": "MultiPolygon", "coordinates": [ [ [ [ 112.790241484781887, -7.287656675846418 ], [ 112.790288246621202, -7.287658412473648 ], [ 112.790284752327409, -7.28775258377847 ], [ 112.790309866458756, -7.287754015388539 ], [ 112.790314082318133, -7.287753807317625 ], [ 112.790312910138439, -7.287796489664227 ], [ 112.790278984755702, -7.287796432598181 ], [ 112.79027818602421, -7.287824559029379 ], [ 112.790275763946369, -7.287887032762797 ], [ 112.790232901793473, -7.287887864629973 ], [ 112.79023461699623, -7.287809325441814 ], [ 112.790241484781887, -7.287656675846418 ] ] ] ] } },
{ "type": "Feature", "properties": { "id": 33, "Id": 0, "Nama": null, "Luas": 165.63793501809414 }, "geometry": { "type": "MultiPolygon", "coordinates": [ [ [ [ 112.7905630167906, -7.287748352173454 ], [ 112.790585062006841, -7.287749221780469 ], [ 112.790585940521296, -7.287729123420797 ], [ 112.790566067766349, -7.287728938695009 ], [ 112.790566643944899, -7.287702393780144 ], [ 112.790587035814312, -7.287703282808147 ], [ 112.790588389689887, -7.287682225667097 ], [ 112.790589577141773, -7.28767958949264 ], [ 112.790590982322144, -7.287671450286261 ], [ 112.7906242916211, -7.287673232189003 ], [ 112.790621244378698, -7.287750513855973 ], [ 112.790644964758414, -7.287750898377165 ], [ 112.790642661917929, -7.287834636164253 ], [ 112.790619657425353, -7.287833531134916 ], [ 112.790618252097616, -7.287901954983611 ], [ 112.790609417066335, -7.287909405936891 ], [ 112.790593611391685, -7.287911143098075 ], [ 112.790582096316655, -7.287907361099125 ], [ 112.790579666305661, -7.287898758629633 ], [ 112.790580521066317, -7.287872679744663 ], [ 112.790559703696175, -7.287872246530061 ], [ 112.790560331604439, -7.287849756866246 ], [ 112.790581387228457, -7.287849471511835 ], [ 112.790582275243267, -7.287831765362269 ], [ 112.790558550108074, -7.287830184733738 ], [ 112.7905630167906, -7.287748352173454 ] ] ] ] } },
{ "type": "Feature", "properties": { "id": 34, "Id": 0, "Nama": null, "Luas": 663.74221591133573 }, "geometry": { "type": "MultiPolygon", "coordinates": [ [ [ [ 112.790790994694845, -7.287552672610565 ], [ 112.790794133490621, -7.287551527212335 ], [ 112.790803946706802, -7.287551488351237 ], [ 112.79086467267021, -7.287552932009157 ], [ 112.790864328830565, -7.287582176203076 ], [ 112.79088426192645, -7.287582097262823 ], [ 112.790884353834997, -7.287566633411807 ], [ 112.791106870672735, -7.287574019735267 ], [ 112.791108475149883, -7.287591926526527 ], [ 112.791111710925065, -7.287595894409448 ], [ 112.791324227680519, -7.287604529749592 ], [ 112.791326212709265, -7.287669973759034 ], [ 112.791057079416191, -7.287661853569539 ], [ 112.79105497103123, -7.287710089622764 ], [ 112.790872668512051, -7.287703347824938 ], [ 112.790874199643071, -7.28765453991464 ], [ 112.790863852045234, -7.287655155033475 ], [ 112.790861656977796, -7.287681574137792 ], [ 112.790785741899839, -7.287677855801 ], [ 112.790790994694845, -7.287552672610565 ] ] ] ] } },
{ "type": "Feature", "properties": { "id": 35, "Id": 0, "Nama": null, "Luas": 698.82702971500385 }, "geometry": { "type": "MultiPolygon", "coordinates": [ [ [ [ 112.791158598736686, -7.287809671267099 ], [ 112.791236158566775, -7.287811277842661 ], [ 112.791236741327054, -7.28783735102551 ], [ 112.791279152789826, -7.287838618371411 ], [ 112.791280879339652, -7.287790766595077 ], [ 112.791453409636858, -7.287798216761434 ], [ 112.79145335921892, -7.287845822669086 ], [ 112.791726288021891, -7.287856463336396 ], [ 112.791725369630726, -7.28792679901585 ], [ 112.791501809593257, -7.287919790364915 ], [ 112.791501246759225, -7.287940940054347 ], [ 112.791276942286103, -7.287927475175796 ], [ 112.791278605675018, -7.287911966827009 ], [ 112.791230872094189, -7.287909859355959 ], [ 112.791229820194772, -7.287934551510793 ], [ 112.791156789177336, -7.287933118380071 ], [ 112.791158598736686, -7.287809671267099 ] ] ] ] } },
{ "type": "Feature", "properties": { "id": 36, "Id": 0, "Nama": null, "Luas": 713.31129417721968 }, "geometry": { "type": "MultiPolygon", "coordinates": [ [ [ [ 112.791446649659605, -7.287238936271485 ], [ 112.791661340902692, -7.287244975424252 ], [ 112.791662413318747, -7.287225450444756 ], [ 112.791888230179538, -7.287233741968993 ], [ 112.791887440705779, -7.287228003706419 ], [ 112.791890114876651, -7.287225696554212 ], [ 112.792012419403051, -7.287230953318503 ], [ 112.792009465381511, -7.287355744573958 ], [ 112.791931255750882, -7.28735337516915 ], [ 112.791930768980336, -7.287327349460733 ], [ 112.791889361914585, -7.287325599735907 ], [ 112.791889159606086, -7.28737114890363 ], [ 112.791711655744734, -7.287366110817821 ], [ 112.791711086851507, -7.287319416423093 ], [ 112.79165970716079, -7.287316175150262 ], [ 112.791551206976649, -7.287312011886081 ], [ 112.791445771894686, -7.287307453693847 ], [ 112.791446649659605, -7.287238936271485 ] ] ] ] } },
{ "type": "Feature", "properties": { "id": 37, "Id": 0, "Nama": null, "Luas": 1221.9989017907628 }, "geometry": { "type": "MultiPolygon", "coordinates": [ [ [ [ 112.791885780060923, -7.287598862260331 ], [ 112.791961124608605, -7.287600804437794 ], [ 112.791952400931777, -7.287817098045642 ], [ 112.792081613901857, -7.287824432552088 ], [ 112.79207732551852, -7.287912474624749 ], [ 112.792152896967607, -7.287916538577582 ], [ 112.792144908765664, -7.288088189945693 ], [ 112.792143350775731, -7.288130203955455 ], [ 112.792140129809681, -7.288187821998302 ], [ 112.792090291331306, -7.28818658417708 ], [ 112.791999132412059, -7.288181299755241 ], [ 112.791999027489155, -7.28822723129231 ], [ 112.791921040623805, -7.288227793687771 ], [ 112.791921886075571, -7.288207328598003 ], [ 112.791926223048975, -7.288138145506871 ], [ 112.791932948094683, -7.288013251589481 ], [ 112.791938096176906, -7.287922086615917 ], [ 112.791871481381506, -7.287919479896511 ], [ 112.791875658797721, -7.287825208847046 ], [ 112.791853854121854, -7.287824577576029 ], [ 112.791857816685337, -7.287736527216989 ], [ 112.791879851429471, -7.28773476533109 ], [ 112.791885780060923, -7.287598862260331 ] ] ] ] } },
{ "type": "Feature", "properties": { "id": 38, "Id": 0, "Nama": null, "Luas": 659.25243412242708 }, "geometry": { "type": "MultiPolygon", "coordinates": [ [ [ [ 112.79205824444, -7.287592872834657 ], [ 112.792274573558274, -7.287601074131955 ], [ 112.792274706642672, -7.287586337371549 ], [ 112.792276220937154, -7.287581546878659 ], [ 112.792506636333755, -7.287589437062997 ], [ 112.792506897998564, -7.287607042951292 ], [ 112.792519357694729, -7.28760737632155 ], [ 112.792520020110885, -7.287581154687378 ], [ 112.792593435871723, -7.287582968844325 ], [ 112.792591248690584, -7.28770775702395 ], [ 112.792515332143083, -7.287703656229064 ], [ 112.792515430978824, -7.287680307523265 ], [ 112.792500291024609, -7.287680750296166 ], [ 112.792500051503097, -7.28771692199469 ], [ 112.792497203930921, -7.28772382294875 ], [ 112.792324679448697, -7.287717808502839 ], [ 112.792324028471981, -7.287674591180373 ], [ 112.792055160359354, -7.287660824839555 ], [ 112.79205824444, -7.287592872834657 ] ] ] ] } },
{ "type": "Feature", "properties": { "id": 39, "Id": 0, "Nama": null, "Luas": 58.500127514009364 }, "geometry": { "type": "MultiPolygon", "coordinates": [ [ [ [ 112.792038309396986, -7.287658762519273 ], [ 112.792083065726359, -7.287662253632364 ], [ 112.792074973255168, -7.287769138981618 ], [ 112.7920306851004, -7.287765869660051 ], [ 112.792038309396986, -7.287658762519273 ] ] ] ] } },
{ "type": "Feature", "properties": { "id": 40, "Id": 0, "Nama": null, "Luas": 586.73552022688091 }, "geometry": { "type": "MultiPolygon", "coordinates": [ [ [ [ 112.794164357813784, -7.285865439674006 ], [ 112.793820730764608, -7.285921345742319 ], [ 112.793802928399998, -7.285782474822945 ], [ 112.794145419078234, -7.285730018130706 ], [ 112.794164357813784, -7.285865439674006 ] ] ] ] } },
{ "type": "Feature", "properties": { "id": 41, "Id": 0, "Nama": null, "Luas": 785.72774920833763 }, "geometry": { "type": "MultiPolygon", "coordinates": [ [ [ [ 112.794266824801809, -7.285894888409646 ], [ 112.794286338581742, -7.286030307655371 ], [ 112.793875467277047, -7.286093944345862 ], [ 112.793856514895964, -7.285955077996239 ], [ 112.793926636283956, -7.285947910228119 ], [ 112.793918621126267, -7.285905419592145 ], [ 112.794025720064596, -7.285887995239485 ], [ 112.794034677318734, -7.285933128247711 ], [ 112.794114536977759, -7.285916735611471 ], [ 112.794108388348249, -7.28587454558977 ], [ 112.794164357813784, -7.285865439674006 ], [ 112.794169256649099, -7.285868290934149 ], [ 112.794176318707187, -7.285909026748076 ], [ 112.794266824801809, -7.285894888409646 ] ] ] ] } },
{ "type": "Feature", "properties": { "id": 42, "Id": 0, "Nama": null, "Luas": 1262.1106114235008 }, "geometry": { "type": "MultiPolygon", "coordinates": [ [ [ [ 112.794305091104519, -7.285853972786776 ], [ 112.794463083089894, -7.285820620131702 ], [ 112.79445310722474, -7.285770135536286 ], [ 112.794374954311152, -7.28578192834582 ], [ 112.794363205515893, -7.285719393873654 ], [ 112.794349992175256, -7.285722316982396 ], [ 112.794347140070627, -7.28572806968014 ], [ 112.794338547206422, -7.285736141704579 ], [ 112.794250053612345, -7.285750272066182 ], [ 112.794241223184287, -7.285698634639414 ], [ 112.794260181853986, -7.285694540466838 ], [ 112.794257192693195, -7.285665845404937 ], [ 112.794266962948512, -7.285664658372166 ], [ 112.794261039449793, -7.285621047352049 ], [ 112.794359889683278, -7.285608598325592 ], [ 112.794364651789735, -7.285649343257607 ], [ 112.794422707461123, -7.285644519842997 ], [ 112.79442807883089, -7.285693874430751 ], [ 112.794508547676429, -7.285686091396179 ], [ 112.794533181578373, -7.285807710984586 ], [ 112.794620513757764, -7.285790714483659 ], [ 112.794638135867771, -7.285884229102747 ], [ 112.794850167701114, -7.285848365347524 ], [ 112.794862546400637, -7.285924676606712 ], [ 112.794331037149973, -7.286016351014205 ], [ 112.794305091104519, -7.285853972786776 ] ] ] ] } },
{ "type": "Feature", "properties": { "id": 43, "Id": 0, "Nama": null, "Luas": 857.63984731238997 }, "geometry": { "type": "MultiPolygon", "coordinates": [ [ [ [ 112.793843796756917, -7.285371767826621 ], [ 112.793883665732722, -7.285372375236292 ], [ 112.793884374532141, -7.285357827583266 ], [ 112.793902007539188, -7.285357757655055 ], [ 112.794379635014522, -7.285356628757243 ], [ 112.79437914552544, -7.285426292819044 ], [ 112.794396005786396, -7.285424694900692 ], [ 112.79439816868306, -7.28539023801993 ], [ 112.794469436888676, -7.285382300123475 ], [ 112.794470645199965, -7.285493295405861 ], [ 112.794397055699008, -7.285495883890602 ], [ 112.794396912545636, -7.285459905122198 ], [ 112.794378503749599, -7.285457681594743 ], [ 112.794373967796147, -7.28547377546218 ], [ 112.793880210039589, -7.285467313173355 ], [ 112.793875792819748, -7.28551326177142 ], [ 112.793840520703014, -7.285511870616197 ], [ 112.793843796756917, -7.285371767826621 ] ] ] ] } },
{ "type": "Feature", "properties": { "id": 44, "Id": 0, "Nama": null, "Luas": 2446.0780628119246 }, "geometry": { "type": "MultiPolygon", "coordinates": [ [ [ [ 112.793840685975155, -7.284878786551072 ], [ 112.794122439584058, -7.284879965755516 ], [ 112.79413536689853, -7.284660593601034 ], [ 112.794355021588387, -7.284662018968099 ], [ 112.79434441260976, -7.284885975014538 ], [ 112.794386966335225, -7.284886954499762 ], [ 112.794378748719339, -7.285133866590946 ], [ 112.79434309940585, -7.285134008000076 ], [ 112.794345778539267, -7.285229304341884 ], [ 112.79419169060229, -7.28523221208825 ], [ 112.794188997797121, -7.285133470961457 ], [ 112.793834772580084, -7.285126837843861 ], [ 112.793840685975155, -7.284878786551072 ] ] ] ] } },
{ "type": "Feature", "properties": { "id": 45, "Id": 0, "Nama": null, "Luas": 2275.6939855451055 }, "geometry": { "type": "MultiPolygon", "coordinates": [ [ [ [ 112.794485396474229, -7.285347022993761 ], [ 112.794499187076198, -7.285344671732117 ], [ 112.794616466582653, -7.285339613352294 ], [ 112.794622962939442, -7.284949173546298 ], [ 112.794737978934592, -7.284953310351638 ], [ 112.7947399499037, -7.284870626623573 ], [ 112.794952659067647, -7.284860596466575 ], [ 112.794960446857999, -7.284505748164049 ], [ 112.795088098745367, -7.284506389942608 ], [ 112.795082091710356, -7.285019693285669 ], [ 112.794775056935165, -7.285023208111799 ], [ 112.794769814254764, -7.285150687601507 ], [ 112.794753705428903, -7.285148454961395 ], [ 112.794745780499198, -7.285468855542899 ], [ 112.794487026187923, -7.285467585575542 ], [ 112.794485396474229, -7.285347022993761 ] ] ] ] } },
{ "type": "Feature", "properties": { "id": 46, "Id": 0, "Nama": null, "Luas": 1362.9621421496295 }, "geometry": { "type": "MultiPolygon", "coordinates": [ [ [ [ 112.794315985271211, -7.28433469961498 ], [ 112.794353555716327, -7.284335698880269 ], [ 112.794354168103411, -7.284369187857114 ], [ 112.794374771838335, -7.284369106137087 ], [ 112.794373758328931, -7.284355235146186 ], [ 112.794849123506111, -7.284363875330056 ], [ 112.794849186332257, -7.284379663882191 ], [ 112.794868831749042, -7.284379585941515 ], [ 112.7948668556011, -7.284340552382232 ], [ 112.794905954768112, -7.28434039725974 ], [ 112.794905380529784, -7.284485082367861 ], [ 112.794851340802211, -7.284487593321817 ], [ 112.794853777832131, -7.284522031946754 ], [ 112.794370733037283, -7.284510168817348 ], [ 112.794371777948655, -7.284483754307606 ], [ 112.794257912031185, -7.284479612818018 ], [ 112.794252459053467, -7.284554272438457 ], [ 112.794159310958918, -7.284554641865697 ], [ 112.794160939491491, -7.284385838705692 ], [ 112.794312750030343, -7.284388681455644 ], [ 112.794315985271211, -7.28433469961498 ] ] ] ] } },
{ "type": "Feature", "properties": { "id": 47, "Id": 0, "Nama": null, "Luas": 280.6367572342715 }, "geometry": { "type": "MultiPolygon", "coordinates": [ [ [ [ 112.795238924583515, -7.284568827028586 ], [ 112.795241551798256, -7.284554731081397 ], [ 112.795261628386484, -7.284542594510649 ], [ 112.795283377377785, -7.28451724612636 ], [ 112.795288490568282, -7.284501724106678 ], [ 112.795344330659319, -7.284518152512367 ], [ 112.795426652188311, -7.284542513746541 ], [ 112.795427490142629, -7.284560423528103 ], [ 112.795400091836498, -7.284611056412761 ], [ 112.795354293908943, -7.284661762318602 ], [ 112.795308386278109, -7.284684910029455 ], [ 112.795270090304257, -7.284694248216057 ], [ 112.795238924583515, -7.284568827028586 ] ] ] ] } },
{ "type": "Feature", "properties": { "id": 48, "Id": 0, "Nama": null, "Luas": 269.13766529763234 }, "geometry": { "type": "MultiPolygon", "coordinates": [ [ [ [ 112.794992110571499, -7.284292765583512 ], [ 112.794990930894528, -7.284285306467549 ], [ 112.795008004597733, -7.284241030085067 ], [ 112.795033173819149, -7.284208204346084 ], [ 112.795066965564558, -7.284174770256662 ], [ 112.795109420958752, -7.284151062139001 ], [ 112.795146751728836, -7.284140005391512 ], [ 112.795180019561101, -7.284263887224523 ], [ 112.795134837745465, -7.284324925148132 ], [ 112.794992110571499, -7.284292765583512 ] ] ] ] } },
{ "type": "Feature", "properties": { "id": 49, "Id": 0, "Nama": null, "Luas": 2101.1007110592545 }, "geometry": { "type": "MultiPolygon", "coordinates": [ [ [ [ 112.795368516860478, -7.284326645274542 ], [ 112.795242966475811, -7.284324272809554 ], [ 112.795249107725724, -7.283941011248238 ], [ 112.795122583897523, -7.2839348149987 ], [ 112.795120676404508, -7.283864873401334 ], [ 112.795050225255849, -7.283861325335336 ], [ 112.795047046323603, -7.283905355208463 ], [ 112.794987621465097, -7.283903198732252 ], [ 112.794986277285702, -7.283926648041684 ], [ 112.79451187472327, -7.283918960971047 ], [ 112.794511338466876, -7.283904609639413 ], [ 112.794477306964026, -7.283901873927173 ], [ 112.794448186928449, -7.283929260996599 ], [ 112.794379363087884, -7.283852982177224 ], [ 112.794409430017751, -7.283822720664989 ], [ 112.79440938053429, -7.283810281196359 ], [ 112.794407912614943, -7.283802631839848 ], [ 112.794380484628505, -7.283773555252177 ], [ 112.794406743048143, -7.283749528678219 ], [ 112.794437063098968, -7.283782899831807 ], [ 112.794473011217079, -7.283785627947594 ], [ 112.794517576529117, -7.28378640808763 ], [ 112.794988626763029, -7.283794586934137 ], [ 112.794987880545179, -7.283811766195856 ], [ 112.795008727633117, -7.283812640384586 ], [ 112.795012582468161, -7.283757842738086 ], [ 112.795048763490854, -7.283758895314001 ], [ 112.79504966023724, -7.283803626689695 ], [ 112.795118909679289, -7.283806222628979 ], [ 112.795235115436654, -7.283808393017709 ], [ 112.795379594234575, -7.283811168856098 ], [ 112.795368516860478, -7.284326645274542 ] ] ] ] } },
{ "type": "Feature", "properties": { "id": 50, "Id": 0, "Nama": null, "Luas": 5121.1690128638584 }, "geometry": { "type": "MultiPolygon", "coordinates": [ [ [ [ 112.795723229023281, -7.285250125871038 ], [ 112.795600558679411, -7.285249081790067 ], [ 112.79560282678203, -7.285048507251339 ], [ 112.795471723321299, -7.285047496596244 ], [ 112.795473435121124, -7.284899744949695 ], [ 112.795492598349483, -7.284898903372907 ], [ 112.795494043276108, -7.28487669763438 ], [ 112.795605213761135, -7.284877787415105 ], [ 112.795612004298249, -7.284465146624902 ], [ 112.795483970656534, -7.284464889265569 ], [ 112.795481399026087, -7.284464057402687 ], [ 112.795481078393664, -7.284455733673699 ], [ 112.79536147066257, -7.284453624734317 ], [ 112.795362142325132, -7.284405681539682 ], [ 112.795485772671512, -7.284407200379044 ], [ 112.795485713465226, -7.284247877308508 ], [ 112.795616242466437, -7.284249081674815 ], [ 112.79562042276082, -7.283878841761179 ], [ 112.795494880134754, -7.283878383099232 ], [ 112.795491239312355, -7.28387858892722 ], [ 112.795490437622647, -7.283869788658656 ], [ 112.795378366991798, -7.283868277309312 ], [ 112.795379403224217, -7.283820057318475 ], [ 112.795493692537221, -7.283820782628224 ], [ 112.795494087457527, -7.28372738793851 ], [ 112.795513249112844, -7.283726163620335 ], [ 112.795513171415237, -7.2837066432352 ], [ 112.795517380367272, -7.283704712738658 ], [ 112.795623179447887, -7.28370467562464 ], [ 112.795627112022473, -7.28353701171825 ], [ 112.795660525410256, -7.283533740490853 ], [ 112.795665244596009, -7.28327478552197 ], [ 112.795304698543816, -7.283268752433743 ], [ 112.795304743457336, -7.283135552211935 ], [ 112.795324865685302, -7.283134898234497 ], [ 112.795325353849066, -7.283113079049249 ], [ 112.795416792622575, -7.283116735202365 ], [ 112.795415170485612, -7.283142577852815 ], [ 112.795522133884234, -7.283146172381893 ], [ 112.795521451500889, -7.283119190601184 ], [ 112.795632421508842, -7.283118176102217 ], [ 112.795636035079085, -7.283014816918318 ], [ 112.795761384269525, -7.283014893607833 ], [ 112.795761152083344, -7.283101015226709 ], [ 112.795784726504849, -7.283100921666623 ], [ 112.795781366653927, -7.283268009151296 ], [ 112.795710079802788, -7.283271162760287 ], [ 112.795710567516394, -7.283538134990172 ], [ 112.795754839188319, -7.283537385144315 ], [ 112.795755166013109, -7.283619485577237 ], [ 112.795781049550087, -7.28362167939791 ], [ 112.795777470326044, -7.283733650506774 ], [ 112.79575274132695, -7.283732600381004 ], [ 112.795751599183518, -7.283879010096125 ], [ 112.79577402367201, -7.283878921090995 ], [ 112.795772443699136, -7.28405978081899 ], [ 112.795745987434913, -7.284058163415126 ], [ 112.795745750722787, -7.284143136773284 ], [ 112.795768170653105, -7.284141899507472 ], [ 112.795767267533421, -7.284203909991358 ], [ 112.795745418015983, -7.28420399671784 ], [ 112.795742442246492, -7.284467537852645 ], [ 112.795764298634083, -7.284469173509795 ], [ 112.795754029892166, -7.284633991862527 ], [ 112.795735055293036, -7.284634067181558 ], [ 112.795736570998969, -7.284725923237513 ], [ 112.795758422827603, -7.284726410634152 ], [ 112.795757404201524, -7.284903823302249 ], [ 112.79573384111491, -7.284906787528308 ], [ 112.795732124067413, -7.285053199520945 ], [ 112.79575512817479, -7.285054256477702 ], [ 112.795752119436656, -7.285165077043666 ], [ 112.79572911532351, -7.28516402008816 ], [ 112.795730544189027, -7.285234059245025 ], [ 112.795723229023281, -7.285250125871038 ] ] ] ] } },
{ "type": "Feature", "properties": { "id": 51, "Id": 0, "Nama": null, "Luas": 1666.0637491185771 }, "geometry": { "type": "MultiPolygon", "coordinates": [ [ [ [ 112.795100966881719, -7.285245438077869 ], [ 112.795101709158217, -7.28523931099215 ], [ 112.795117817986124, -7.28524154361864 ], [ 112.795122767119594, -7.285136648080131 ], [ 112.795199417041417, -7.285132516311883 ], [ 112.795200067905938, -7.285103424064795 ], [ 112.795432384626451, -7.285107860675183 ], [ 112.7954340916327, -7.285151488390735 ], [ 112.795500805548016, -7.285155051181363 ], [ 112.795499948809351, -7.285324999433724 ], [ 112.795433253153604, -7.285326029680799 ], [ 112.795433582286662, -7.28540870425078 ], [ 112.795363047261446, -7.285408218694871 ], [ 112.795361785179551, -7.285476354752774 ], [ 112.795333416005604, -7.285475701833672 ], [ 112.795331323273359, -7.285527765323695 ], [ 112.795128927090872, -7.285528568594624 ], [ 112.795128704654928, -7.285472686700328 ], [ 112.79509267505027, -7.285473595201713 ], [ 112.795100966881719, -7.285245438077869 ] ] ] ] } },
{ "type": "Feature", "properties": { "id": 52, "Id": 0, "Nama": null, "Luas": 274.85222099269959 }, "geometry": { "type": "MultiPolygon", "coordinates": [ [ [ [ 112.795613661890954, -7.285483273286443 ], [ 112.795613723872407, -7.285378492860207 ], [ 112.795802044139037, -7.285380615959455 ], [ 112.795800701922133, -7.285404543701236 ], [ 112.795836165280903, -7.28540583825506 ], [ 112.795837441756333, -7.285485734045761 ], [ 112.795613661890954, -7.285483273286443 ] ] ] ] } },
{ "type": "Feature", "properties": { "id": 53, "Id": 0, "Nama": null, "Luas": 1016.2982403989336 }, "geometry": { "type": "MultiPolygon", "coordinates": [ [ [ [ 112.795630324488471, -7.285249335138101 ], [ 112.795723229023281, -7.285250125871038 ], [ 112.795730544189027, -7.285234059245025 ], [ 112.795802176712314, -7.285237415867289 ], [ 112.795803698218052, -7.285186311552122 ], [ 112.795837624827556, -7.285186751003788 ], [ 112.795837810002524, -7.285233255439369 ], [ 112.795861386820548, -7.285233735976881 ], [ 112.79586191608621, -7.285222251117641 ], [ 112.796335756909343, -7.285233000733488 ], [ 112.796333364475203, -7.285354153300655 ], [ 112.795859544099045, -7.285348570872877 ], [ 112.795858699342176, -7.285280825954299 ], [ 112.795843172362666, -7.285280313459206 ], [ 112.795842223566282, -7.285330841361722 ], [ 112.795803110616987, -7.285327551813059 ], [ 112.795804345180457, -7.28534879001482 ], [ 112.795629544021835, -7.285348335662103 ], [ 112.795630324488471, -7.285249335138101 ] ] ] ] } },
{ "type": "Feature", "properties": { "id": 54, "Id": 0, "Nama": null, "Luas": 1612.3909015871704 }, "geometry": { "type": "MultiPolygon", "coordinates": [ [ [ [ 112.796350345413913, -7.285344363800496 ], [ 112.796356180935632, -7.285341780929081 ], [ 112.796387324243341, -7.285341178803698 ], [ 112.796386784103589, -7.285325870609045 ], [ 112.796356591488461, -7.285324555166238 ], [ 112.79635550168318, -7.28529154657349 ], [ 112.796334608731044, -7.285291144297144 ], [ 112.796335449873382, -7.285248548977158 ], [ 112.796356278959834, -7.28524609091491 ], [ 112.796354464172495, -7.285151365392578 ], [ 112.796339125433775, -7.285149990959466 ], [ 112.796341225850313, -7.285075823158146 ], [ 112.796358954653869, -7.285075752756338 ], [ 112.79636095979032, -7.284977662927508 ], [ 112.796082063868383, -7.284972072066049 ], [ 112.795847735215744, -7.284967739451329 ], [ 112.795848406782241, -7.285016060059554 ], [ 112.795807206906517, -7.285018137410132 ], [ 112.795807927095112, -7.284958328517307 ], [ 112.795733188299977, -7.284962452706896 ], [ 112.795733491586191, -7.284936591638091 ], [ 112.795807828035578, -7.284933449600462 ], [ 112.795809542734787, -7.284882727276738 ], [ 112.795864153272845, -7.284879161345869 ], [ 112.795865013953588, -7.284854637455872 ], [ 112.796389279958035, -7.284869780027121 ], [ 112.79638997530131, -7.284803751424685 ], [ 112.796553683377525, -7.284810182344506 ], [ 112.796553834313002, -7.284848074833286 ], [ 112.796684908671551, -7.284841812892865 ], [ 112.796686148605573, -7.284864390716201 ], [ 112.796627499844135, -7.284864623646032 ], [ 112.796624457006203, -7.284966832237068 ], [ 112.796623714750595, -7.28497295932019 ], [ 112.796436647402629, -7.284972553961185 ], [ 112.796436318960431, -7.284986334571055 ], [ 112.796401439398792, -7.284987238599856 ], [ 112.796398343156923, -7.285076050866198 ], [ 112.796414833774833, -7.285077899171672 ], [ 112.796413585562306, -7.285149479966317 ], [ 112.796395573835824, -7.285150699769948 ], [ 112.796391880505169, -7.285233964409263 ], [ 112.796430977429893, -7.28523323500742 ], [ 112.796433409048419, -7.285410633907808 ], [ 112.796349456133697, -7.28540981903545 ], [ 112.796350345413913, -7.285344363800496 ] ] ] ] } },
{ "type": "Feature", "properties": { "id": 55, "Id": 0, "Nama": null, "Luas": 6497.1063254102246 }, "geometry": { "type": "MultiPolygon", "coordinates": [ [ [ [ 112.796375609268878, -7.284797963430443 ], [ 112.796374378447254, -7.284739491749761 ], [ 112.796312992592945, -7.284738252314382 ], [ 112.796314414587712, -7.284662173412642 ], [ 112.796237073023221, -7.284661045164903 ], [ 112.796239678710918, -7.284521232264239 ], [ 112.796392049262337, -7.284520340182251 ], [ 112.796392660218871, -7.284457182602996 ], [ 112.796395188211207, -7.284442244983156 ], [ 112.796370454606574, -7.284440046643702 ], [ 112.796371404509344, -7.284389805817465 ], [ 112.796351570875657, -7.284390745777554 ], [ 112.796349952236184, -7.284417449611011 ], [ 112.795872289695865, -7.284409394284795 ], [ 112.795873618584508, -7.284382117458504 ], [ 112.795852535709741, -7.284382201148962 ], [ 112.795852726199314, -7.284430045219766 ], [ 112.795817749694038, -7.284430662509337 ], [ 112.795818082176069, -7.284393820672094 ], [ 112.795743303520254, -7.284391261115397 ], [ 112.79574377884056, -7.284349165568523 ], [ 112.795744016418666, -7.284328125090282 ], [ 112.795815914111415, -7.284330674105256 ], [ 112.795818180363639, -7.284298130626379 ], [ 112.795856997727384, -7.284299411885926 ], [ 112.795855512637203, -7.284287456574257 ], [ 112.795875644814785, -7.28428929045166 ], [ 112.795875543855843, -7.284263933094305 ], [ 112.796351864984871, -7.284272089469991 ], [ 112.796353021458202, -7.284321843485071 ], [ 112.796372664950781, -7.284321287039188 ], [ 112.796373119336309, -7.284315065409159 ], [ 112.796396603698398, -7.284316407503913 ], [ 112.796396569400343, -7.284307795573716 ], [ 112.796440172598082, -7.284307622434897 ], [ 112.796440385122892, -7.284256714710766 ], [ 112.796386138570128, -7.284255399075914 ], [ 112.796385421819991, -7.28421980538051 ], [ 112.796336158492082, -7.284218469951816 ], [ 112.796334866674201, -7.284153980270301 ], [ 112.796322446344107, -7.28415387648183 ], [ 112.796322418297692, -7.284146833836338 ], [ 112.7962434341147, -7.284147115538387 ], [ 112.796244794412615, -7.284007403270146 ], [ 112.796318105240275, -7.284007112202729 ], [ 112.796318707265684, -7.283917640006625 ], [ 112.79647444998794, -7.283921327659129 ], [ 112.79647636179098, -7.283799794245171 ], [ 112.796456231545235, -7.283798438830281 ], [ 112.796455338017083, -7.283814709614456 ], [ 112.796419393733913, -7.283812938540933 ], [ 112.796417163721273, -7.283854572383134 ], [ 112.796379787683591, -7.283854242336417 ], [ 112.796379929417924, -7.28380320092537 ], [ 112.796357384456186, -7.283801912507302 ], [ 112.796356520721261, -7.283816039726108 ], [ 112.796229740744522, -7.283813360436175 ], [ 112.796131751528023, -7.283813271004509 ], [ 112.796130603627887, -7.2838859996894 ], [ 112.79600169170493, -7.2838817269588 ], [ 112.796002366185192, -7.283810435493234 ], [ 112.795886165233853, -7.283809461404524 ], [ 112.79588327791906, -7.283806362951463 ], [ 112.795864592754214, -7.283806915566979 ], [ 112.795862826607177, -7.283844719991312 ], [ 112.795825211933987, -7.283844630069827 ], [ 112.795824003153399, -7.283781718917802 ], [ 112.795828714298651, -7.283701320905853 ], [ 112.795862490001468, -7.283699990722899 ], [ 112.795862891063564, -7.283680372751478 ], [ 112.795888047679497, -7.283680512122766 ], [ 112.796360302034145, -7.283690359348606 ], [ 112.796360701652873, -7.283730547406854 ], [ 112.796388972775148, -7.283730674383887 ], [ 112.796418107519955, -7.283731084999028 ], [ 112.796418937228239, -7.283722852396691 ], [ 112.796413666518859, -7.283722873323863 ], [ 112.796414078988462, -7.283706126001277 ], [ 112.796457212499035, -7.283708346980305 ], [ 112.796476392051446, -7.283711619963408 ], [ 112.796477579008069, -7.283769029025283 ], [ 112.796506816254094, -7.283771113795451 ], [ 112.796508981296441, -7.283737231072208 ], [ 112.796551534867632, -7.283738210379087 ], [ 112.796550520944805, -7.283772375599784 ], [ 112.796568635306031, -7.283772877808824 ], [ 112.796568531430808, -7.283766045982436 ], [ 112.796628333073159, -7.283766574033496 ], [ 112.796627746308872, -7.283811741862626 ], [ 112.796617016275917, -7.283812549988189 ], [ 112.796613686100812, -7.283938873506822 ], [ 112.796698796325373, -7.283941597592171 ], [ 112.796691838970133, -7.284312135399764 ], [ 112.796698781505057, -7.284322825064637 ], [ 112.796716475429676, -7.284338065132071 ], [ 112.796727199375567, -7.28433572599162 ], [ 112.796763824741134, -7.284291946072036 ], [ 112.796786903508448, -7.284311757851431 ], [ 112.796750299489801, -7.284360896305984 ], [ 112.796810101205566, -7.284361424313647 ], [ 112.796806347243134, -7.284381342661093 ], [ 112.796811011179159, -7.284397399991076 ], [ 112.796813372117271, -7.284412700950925 ], [ 112.796705262317303, -7.284410068251501 ], [ 112.796704986605974, -7.284533317564462 ], [ 112.796724931700567, -7.284536300418832 ], [ 112.796724457791399, -7.284609791920601 ], [ 112.796686131388924, -7.284611475170687 ], [ 112.796683848477173, -7.284808222076329 ], [ 112.796375609268878, -7.284797963430443 ] ] ] ] } },
{ "type": "Feature", "properties": { "id": 56, "Id": 0, "Nama": null, "Luas": 132.47555281627865 }, "geometry": { "type": "MultiPolygon", "coordinates": [ [ [ [ 112.795804233517472, -7.284465824696799 ], [ 112.795863262530887, -7.284464824859522 ], [ 112.795864760681027, -7.284648543045791 ], [ 112.79580495584969, -7.284647249416971 ], [ 112.795804233517472, -7.284465824696799 ] ] ] ] } },
{ "type": "Feature", "properties": { "id": 57, "Id": 0, "Nama": null, "Luas": 871.87376272395886 }, "geometry": { "type": "MultiPolygon", "coordinates": [ [ [ [ 112.796700916989536, -7.284628285889324 ], [ 112.796710810023427, -7.284625854358048 ], [ 112.796711266662129, -7.284610371259681 ], [ 112.796724457791399, -7.284609791920601 ], [ 112.796724585817557, -7.284589938211918 ], [ 112.796751487764723, -7.284588947991296 ], [ 112.796753514879327, -7.284448276217109 ], [ 112.796786764880366, -7.284447282953776 ], [ 112.796787364874817, -7.28443752023098 ], [ 112.796811801833698, -7.284437423174832 ], [ 112.79681248721765, -7.284406966021639 ], [ 112.796860561392322, -7.284408522632025 ], [ 112.796861158718443, -7.284438184036319 ], [ 112.7969684877623, -7.284437279282713 ], [ 112.796968247341411, -7.284737745570238 ], [ 112.796832632752484, -7.284734935105934 ], [ 112.796832121193788, -7.28472680352158 ], [ 112.796699877846663, -7.284728285658511 ], [ 112.796700916989536, -7.284628285889324 ] ] ] ] } },
{ "type": "Feature", "properties": { "id": 58, "Id": 0, "Nama": null, "Luas": 821.02613595002913 }, "geometry": { "type": "MultiPolygon", "coordinates": [ [ [ [ 112.796487554249623, -7.285332260549259 ], [ 112.79648408373582, -7.285327107092956 ], [ 112.796486966502741, -7.285184709491977 ], [ 112.796700880442259, -7.285188453004339 ], [ 112.796704777276673, -7.285156285818414 ], [ 112.796751930884128, -7.285157246803296 ], [ 112.796754363498337, -7.285190537123559 ], [ 112.796934364546445, -7.285197285912662 ], [ 112.796932634186788, -7.285340253042145 ], [ 112.796487554249623, -7.285332260549259 ] ] ] ] } },
{ "type": "Feature", "properties": { "id": 59, "Id": 0, "Nama": null, "Luas": 2936.0540461360156 }, "geometry": { "type": "MultiPolygon", "coordinates": [ [ [ [ 112.797201059643044, -7.285075083403572 ], [ 112.797317335473494, -7.285077951430996 ], [ 112.797318980597268, -7.28500981391598 ], [ 112.797319996829728, -7.284880054811899 ], [ 112.797324072044603, -7.284748369762303 ], [ 112.797380802618164, -7.284747761608698 ], [ 112.797380106131385, -7.284765371257671 ], [ 112.797486682681523, -7.284768009866304 ], [ 112.797486680703884, -7.284863699443155 ], [ 112.797482811477096, -7.285047056030889 ], [ 112.797584774456823, -7.285046268108027 ], [ 112.797589427072424, -7.28486711875728 ], [ 112.797678757060908, -7.284870591362803 ], [ 112.797678541548379, -7.284912695625147 ], [ 112.797704222801826, -7.284912210811615 ], [ 112.797706260350807, -7.284846368298918 ], [ 112.797783701153222, -7.284848357098123 ], [ 112.797785584213869, -7.284839928933927 ], [ 112.797828901461614, -7.284840139543405 ], [ 112.797834910204358, -7.284837742562641 ], [ 112.797880920642697, -7.284840430392133 ], [ 112.79787752738811, -7.284998905770515 ], [ 112.797986784191778, -7.285000768078421 ], [ 112.797988616727537, -7.285027745245776 ], [ 112.798054181339751, -7.285031503605942 ], [ 112.798054905104692, -7.285068819649377 ], [ 112.798043982627718, -7.285069437201253 ], [ 112.798042623886531, -7.285161304559855 ], [ 112.797980527492285, -7.285162125515511 ], [ 112.797980268363631, -7.285241357486522 ], [ 112.797890563380008, -7.285239991619387 ], [ 112.797891493638247, -7.285184870743051 ], [ 112.797675859441782, -7.285182282907653 ], [ 112.797514855946858, -7.285181200299657 ], [ 112.797538531138116, -7.285206368266667 ], [ 112.797515052735832, -7.28523057533376 ], [ 112.797490218415064, -7.285203115421879 ], [ 112.797482780182008, -7.285212331177104 ], [ 112.797461503336265, -7.285211841585286 ], [ 112.797461764189734, -7.285277292213733 ], [ 112.797341577938639, -7.285274324946082 ], [ 112.797343078675411, -7.285218053513216 ], [ 112.797216574427452, -7.285216833724147 ], [ 112.797217848685051, -7.285103723576216 ], [ 112.797201167169987, -7.285102067438681 ], [ 112.797201059643044, -7.285075083403572 ] ] ] ] } },
{ "type": "Feature", "properties": { "id": 60, "Id": 0, "Nama": null, "Luas": 72.794902676265338 }, "geometry": { "type": "MultiPolygon", "coordinates": [ [ [ [ 112.7971826924731, -7.284455575882401 ], [ 112.797220543888315, -7.284454947066176 ], [ 112.797220678586484, -7.284609006760777 ], [ 112.79718090672111, -7.284608686313507 ], [ 112.7971826924731, -7.284455575882401 ] ] ] ] } },
{ "type": "Feature", "properties": { "id": 61, "Id": 0, "Nama": null, "Luas": 71.867508340939821 }, "geometry": { "type": "MultiPolygon", "coordinates": [ [ [ [ 112.797119287644591, -7.284605023774244 ], [ 112.797120608558757, -7.284455503544423 ], [ 112.797159182521881, -7.284455828758935 ], [ 112.797159300995304, -7.284605821715643 ], [ 112.797119287644591, -7.284605023774244 ] ] ] ] } },
{ "type": "Feature", "properties": { "id": 216, "Id": 0, "Nama": null, "Luas": 140.96496149274753 }, "geometry": { "type": "MultiPolygon", "coordinates": [ [ [ [ 112.791000360837899, -7.282320149728708 ], [ 112.791130722993771, -7.282327671721919 ], [ 112.791125325648721, -7.282416493314397 ], [ 112.790994574064726, -7.282407441828482 ], [ 112.791000360837899, -7.282320149728708 ] ] ] ] } },
{ "type": "Feature", "properties": { "id": 62, "Id": 0, "Nama": null, "Luas": 2567.1074607325563 }, "geometry": { "type": "MultiPolygon", "coordinates": [ [ [ [ 112.797234315859484, -7.283818572566552 ], [ 112.797363025542765, -7.28382021428692 ], [ 112.79736483634683, -7.283625287420047 ], [ 112.79736888535092, -7.283414849949005 ], [ 112.79744622322481, -7.283415116862207 ], [ 112.797447767463055, -7.283369753868364 ], [ 112.797495498138574, -7.283371286665262 ], [ 112.797496349929744, -7.283440753912008 ], [ 112.797496271637513, -7.283445155943426 ], [ 112.797540355786722, -7.283445459255764 ], [ 112.797536095507454, -7.283699053544709 ], [ 112.797490583400275, -7.283701148150296 ], [ 112.797489429996659, -7.283772441464439 ], [ 112.797608254754593, -7.283770534030496 ], [ 112.797612103248426, -7.283774346322595 ], [ 112.797647070133351, -7.283771336706016 ], [ 112.797651315797324, -7.28375457416324 ], [ 112.797655101372342, -7.283742597926757 ], [ 112.797694376836105, -7.283738614292635 ], [ 112.79769283450419, -7.283712305791076 ], [ 112.798021103358877, -7.283722962559906 ], [ 112.798022628546661, -7.283744965094305 ], [ 112.798064336008721, -7.283750062270525 ], [ 112.798065879794763, -7.283896939584142 ], [ 112.797992086086396, -7.283896275954184 ], [ 112.79798901805556, -7.283968055306672 ], [ 112.797854371613198, -7.283967633486242 ], [ 112.797852642393039, -7.283894437849214 ], [ 112.797734283427289, -7.283892994369611 ], [ 112.797734411180173, -7.283925049864541 ], [ 112.797655823994901, -7.28392392677962 ], [ 112.797655253319135, -7.283900963551786 ], [ 112.797531606472575, -7.283895234999008 ], [ 112.797568159548064, -7.283929538015841 ], [ 112.797542380489148, -7.283953562830872 ], [ 112.797509670187864, -7.283921636784001 ], [ 112.797513335040904, -7.283999609223855 ], [ 112.797368120445626, -7.283992530977702 ], [ 112.797365997934364, -7.283940867037484 ], [ 112.797257214409839, -7.283937471603507 ], [ 112.797258136501682, -7.283928377430091 ], [ 112.797232450531752, -7.283927666103806 ], [ 112.797234315859484, -7.283818572566552 ] ] ] ] } },
{ "type": "Feature", "properties": { "id": 63, "Id": 0, "Nama": null, "Luas": 176.33051986433566 }, "geometry": { "type": "MultiPolygon", "coordinates": [ [ [ [ 112.796744710182239, -7.283650907339833 ], [ 112.797137665083724, -7.283661307883635 ], [ 112.797135891417966, -7.283697198525379 ], [ 112.796745339883628, -7.283688702235624 ], [ 112.796744710182239, -7.283650907339833 ] ] ] ] } },
{ "type": "Feature", "properties": { "id": 64, "Id": 0, "Nama": null, "Luas": 189.57308721056324 }, "geometry": { "type": "MultiPolygon", "coordinates": [ [ [ [ 112.796742096324564, -7.283716465103623 ], [ 112.797128331674671, -7.283724021638591 ], [ 112.79712705622515, -7.283764694781089 ], [ 112.796741296183797, -7.283756179469773 ], [ 112.796742096324564, -7.283716465103623 ] ] ] ] } },
{ "type": "Feature", "properties": { "id": 65, "Id": 0, "Nama": null, "Luas": 1240.203223696396 }, "geometry": { "type": "MultiPolygon", "coordinates": [ [ [ [ 112.796155673188011, -7.283301395299438 ], [ 112.796157028652885, -7.283112307184063 ], [ 112.796152978608092, -7.283106007744496 ], [ 112.796027631704547, -7.283106505298566 ], [ 112.796029339660763, -7.282957796802822 ], [ 112.796161588635712, -7.282957845998391 ], [ 112.796165157636921, -7.282698895654466 ], [ 112.796257748547092, -7.282703121220603 ], [ 112.796256275035788, -7.28276628223205 ], [ 112.79628848335652, -7.282768450927983 ], [ 112.79629094465821, -7.282784899775124 ], [ 112.796313373657554, -7.282785959014072 ], [ 112.796311766365875, -7.282959929153531 ], [ 112.796288187386665, -7.282958874481769 ], [ 112.796287257212882, -7.283110354869788 ], [ 112.796307862773432, -7.283110751516424 ], [ 112.796304467695947, -7.283220808075521 ], [ 112.796284824250179, -7.283221364506801 ], [ 112.796284860445979, -7.283230454878545 ], [ 112.796304507702274, -7.283230855328399 ], [ 112.796302372922355, -7.283296411203628 ], [ 112.796279846923213, -7.283295065286419 ], [ 112.796278733909318, -7.283304351599771 ], [ 112.796155673188011, -7.283301395299438 ] ] ] ] } },
{ "type": "Feature", "properties": { "id": 66, "Id": 0, "Nama": null, "Luas": 1001.3056714412114 }, "geometry": { "type": "MultiPolygon", "coordinates": [ [ [ [ 112.796360649096741, -7.282937917858342 ], [ 112.796418147645412, -7.282937689589802 ], [ 112.796419735434341, -7.282903235019172 ], [ 112.796894719073421, -7.282912831820197 ], [ 112.796894265284863, -7.28294326291708 ], [ 112.796903467336946, -7.282943800512268 ], [ 112.79691268996983, -7.282949505264257 ], [ 112.796989174452136, -7.282952072214341 ], [ 112.796988960792859, -7.283042786804939 ], [ 112.796952157151225, -7.283041784689073 ], [ 112.796951751392456, -7.283084272484205 ], [ 112.796914945459974, -7.283082696237575 ], [ 112.796915385524159, -7.283048820369873 ], [ 112.796418552293076, -7.283039310370918 ], [ 112.796419113561697, -7.28303586331594 ], [ 112.796398979920966, -7.283033646697004 ], [ 112.796396255877994, -7.283071550605653 ], [ 112.796360599908752, -7.283069969747716 ], [ 112.796360649096741, -7.282937917858342 ] ] ] ] } },
{ "type": "Feature", "properties": { "id": 67, "Id": 0, "Nama": null, "Luas": 961.37021636202007 }, "geometry": { "type": "MultiPolygon", "coordinates": [ [ [ [ 112.796988991448615, -7.283029770996301 ], [ 112.796989059067883, -7.28300106136361 ], [ 112.796989174452136, -7.282952072214341 ], [ 112.796986001144049, -7.282925291728063 ], [ 112.797013589002958, -7.282922311479548 ], [ 112.797015974540187, -7.282799436558714 ], [ 112.796995845487515, -7.28279836822152 ], [ 112.797001294482527, -7.282578451877004 ], [ 112.797239365633061, -7.282584396048712 ], [ 112.797237676345148, -7.282737697481108 ], [ 112.797173846152035, -7.282736228581961 ], [ 112.797171225087752, -7.282799968260684 ], [ 112.79716089365283, -7.282804602393857 ], [ 112.797157942318634, -7.282929776103326 ], [ 112.797107336756412, -7.282928254677058 ], [ 112.797105959426816, -7.283015529058277 ], [ 112.797102509514659, -7.283015542759986 ], [ 112.797101982556825, -7.283027601741903 ], [ 112.797016880145407, -7.283026791452457 ], [ 112.797015743896125, -7.283030240790566 ], [ 112.796988991448615, -7.283029770996301 ] ] ] ] } },
{ "type": "Feature", "properties": { "id": 68, "Id": 0, "Nama": null, "Luas": 196.04042804590426 }, "geometry": { "type": "MultiPolygon", "coordinates": [ [ [ [ 112.796536047478725, -7.282607283677918 ], [ 112.796919401272518, -7.282613416717334 ], [ 112.796922436264182, -7.28265359429997 ], [ 112.796534302325369, -7.282650350938104 ], [ 112.796536047478725, -7.282607283677918 ] ] ] ] } },
{ "type": "Feature", "properties": { "id": 69, "Id": 0, "Nama": null, "Luas": 198.35298149257687 }, "geometry": { "type": "MultiPolygon", "coordinates": [ [ [ [ 112.796527113676504, -7.282674110505406 ], [ 112.796926760294951, -7.282680561598011 ], [ 112.796924045438786, -7.282720762013205 ], [ 112.796527278282184, -7.282715447770357 ], [ 112.796527113676504, -7.282674110505406 ] ] ] ] } },
{ "type": "Feature", "properties": { "id": 70, "Id": 0, "Nama": null, "Luas": 163.64219651614258 }, "geometry": { "type": "MultiPolygon", "coordinates": [ [ [ [ 112.797308082337892, -7.282657804104415 ], [ 112.797645421995526, -7.282660291692099 ], [ 112.797644623820148, -7.282700484481941 ], [ 112.797307280320268, -7.282697040020317 ], [ 112.797308082337892, -7.282657804104415 ] ] ] ] } },
{ "type": "Feature", "properties": { "id": 71, "Id": 0, "Nama": null, "Luas": 168.31432311936805 }, "geometry": { "type": "MultiPolygon", "coordinates": [ [ [ [ 112.797280596357012, -7.282734464944415 ], [ 112.797286906705992, -7.282730803676313 ], [ 112.797424337250391, -7.282732554350136 ], [ 112.797639409040428, -7.282738589646867 ], [ 112.797640135008578, -7.282776479832188 ], [ 112.797279005582496, -7.282768153997535 ], [ 112.797280596357012, -7.282734464944415 ] ] ] ] } },
{ "type": "Feature", "properties": { "id": 72, "Id": 0, "Nama": null, "Luas": 87.277007520664483 }, "geometry": { "type": "MultiPolygon", "coordinates": [ [ [ [ 112.797239209894144, -7.282598529177418 ], [ 112.797300417914386, -7.28260061217352 ], [ 112.797301395439462, -7.282701656494531 ], [ 112.797273225753599, -7.282702916655292 ], [ 112.79727503533276, -7.282724152556455 ], [ 112.797237849532266, -7.282721980850453 ], [ 112.797239209894144, -7.282598529177418 ] ] ] ] } },
{ "type": "Feature", "properties": { "id": 73, "Id": 0, "Nama": null, "Luas": 3147.8188104496894 }, "geometry": { "type": "MultiPolygon", "coordinates": [ [ [ [ 112.796420540656342, -7.282686686187215 ], [ 112.796273332258821, -7.282684208500834 ], [ 112.796274103607701, -7.282492826160128 ], [ 112.796140664427696, -7.282482638586337 ], [ 112.796143151992666, -7.282337180449627 ], [ 112.796270390909086, -7.282330551267803 ], [ 112.796275842553982, -7.281958743476209 ], [ 112.796258208179054, -7.281958430711936 ], [ 112.79625885521115, -7.281928381595956 ], [ 112.796276681246297, -7.281928693599768 ], [ 112.796277721936505, -7.281853094651979 ], [ 112.796175370947495, -7.281852543991693 ], [ 112.796174735779204, -7.281837427548365 ], [ 112.796153270465851, -7.281837704121418 ], [ 112.79615553974989, -7.281685548573657 ], [ 112.796170874940984, -7.281686061848908 ], [ 112.796170412390666, -7.281666160237894 ], [ 112.796231944050902, -7.281668021197455 ], [ 112.796231611770921, -7.281680844928673 ], [ 112.796246750728969, -7.281680210704518 ], [ 112.796247038822074, -7.281656287150019 ], [ 112.796298594949093, -7.281655891142031 ], [ 112.796298457379663, -7.281669479617195 ], [ 112.796364588145778, -7.281671130924763 ], [ 112.796365602831898, -7.281685288963662 ], [ 112.796428084414444, -7.281685040953239 ], [ 112.796428609111999, -7.281672407838703 ], [ 112.796700178657076, -7.281667693583469 ], [ 112.796699619284368, -7.281719750958036 ], [ 112.79675135247308, -7.281720502469248 ], [ 112.796750658598981, -7.281835045696956 ], [ 112.796696321470151, -7.28183497435402 ], [ 112.796695793351915, -7.281846746274063 ], [ 112.796439526511335, -7.281843840327407 ], [ 112.796438346205591, -7.281908435515399 ], [ 112.796447931179756, -7.281908875915455 ], [ 112.796444793235466, -7.282083521951823 ], [ 112.796432814394151, -7.282083569503533 ], [ 112.796432451439415, -7.28211275628245 ], [ 112.796483237919389, -7.282111597779077 ], [ 112.796482000479486, -7.282161839747402 ], [ 112.796426884466001, -7.282158709405295 ], [ 112.796424024480402, -7.282379093983145 ], [ 112.796472033421537, -7.282378329258519 ], [ 112.796470736550106, -7.282413643880424 ], [ 112.796422726462225, -7.282414121541464 ], [ 112.796420540656342, -7.282686686187215 ] ] ] ] } },
{ "type": "Feature", "properties": { "id": 74, "Id": 0, "Nama": null, "Luas": 2397.0566742001602 }, "geometry": { "type": "MultiPolygon", "coordinates": [ [ [ [ 112.796475331376286, -7.282332129971262 ], [ 112.796513857636, -7.282332551163702 ], [ 112.796514453195201, -7.282337716039269 ], [ 112.796556997488992, -7.282336398863284 ], [ 112.79655916483317, -7.282303090269013 ], [ 112.797034147803927, -7.282312687077717 ], [ 112.797079564717421, -7.282310784308415 ], [ 112.797080068812065, -7.282292984041105 ], [ 112.797120324583304, -7.282294546589484 ], [ 112.797121822150842, -7.282381809554767 ], [ 112.797149996393401, -7.2823816976652 ], [ 112.797149609912793, -7.282284669950041 ], [ 112.797103604298712, -7.282283130238033 ], [ 112.797102789202128, -7.282222849027988 ], [ 112.797034361489807, -7.282221972486643 ], [ 112.797037431808093, -7.282126653450688 ], [ 112.797036365196604, -7.282003218099027 ], [ 112.797107101958645, -7.282006382028989 ], [ 112.797107624348428, -7.281993174789888 ], [ 112.797190417476912, -7.281991697729655 ], [ 112.797190332865043, -7.281970454975606 ], [ 112.797255890187458, -7.281972491176971 ], [ 112.797255967941766, -7.281992011544854 ], [ 112.797400311792529, -7.281997179649721 ], [ 112.797395137389216, -7.282285991365053 ], [ 112.79719560180456, -7.282282764886462 ], [ 112.797195030429492, -7.282428023958207 ], [ 112.797120270997965, -7.282425450171075 ], [ 112.797119940708299, -7.282486884203838 ], [ 112.797080841749562, -7.282487039478316 ], [ 112.797082892424783, -7.28242445033701 ], [ 112.797034602863647, -7.28242693865471 ], [ 112.797035837442877, -7.282448176843433 ], [ 112.796555688610496, -7.282440897130938 ], [ 112.796555583447983, -7.282414487211756 ], [ 112.796510736921633, -7.282415239391448 ], [ 112.796510406548464, -7.28247667344411 ], [ 112.796474175643695, -7.282475094866382 ], [ 112.796475331376286, -7.282332129971262 ] ] ] ] } },
{ "type": "Feature", "properties": { "id": 75, "Id": 0, "Nama": null, "Luas": 124.94516433076933 }, "geometry": { "type": "MultiPolygon", "coordinates": [ [ [ [ 112.796447112839516, -7.281954421543048 ], [ 112.796488762702126, -7.281862495738197 ], [ 112.796582840597168, -7.281903268812888 ], [ 112.796545339897662, -7.281991930589908 ], [ 112.796447112839516, -7.281954421543048 ] ] ] ] } },
{ "type": "Feature", "properties": { "id": 76, "Id": 0, "Nama": null, "Luas": 862.87100371440465 }, "geometry": { "type": "MultiPolygon", "coordinates": [ [ [ [ 112.796485252292868, -7.28206393634647 ], [ 112.796521194528907, -7.28206522900834 ], [ 112.796525214447428, -7.282112100967953 ], [ 112.796557323457435, -7.282113408843324 ], [ 112.796558910502256, -7.2820306310157 ], [ 112.79693267501375, -7.282035366885907 ], [ 112.796933285641131, -7.282068377375949 ], [ 112.796966824480762, -7.282067765753093 ], [ 112.796967018838217, -7.282116566680365 ], [ 112.796992904562615, -7.282119334580006 ], [ 112.796993087491202, -7.282165264863713 ], [ 112.796984957124138, -7.282169124732785 ], [ 112.796970101457035, -7.282168705274809 ], [ 112.796971135983924, -7.282187839087944 ], [ 112.796661093080658, -7.282181414953572 ], [ 112.796553756934046, -7.282180405740866 ], [ 112.796549990380967, -7.282197166378565 ], [ 112.796537528573495, -7.28219625895485 ], [ 112.796536152073486, -7.282211574759852 ], [ 112.796481524733764, -7.282210834726715 ], [ 112.796485252292868, -7.28206393634647 ] ] ] ] } },
{ "type": "Feature", "properties": { "id": 77, "Id": 0, "Nama": null, "Luas": 1597.2619151442395 }, "geometry": { "type": "MultiPolygon", "coordinates": [ [ [ [ 112.796750658598981, -7.281835045696956 ], [ 112.796750931517991, -7.281789992689286 ], [ 112.796751176465435, -7.28174955732391 ], [ 112.79675135247308, -7.281720502469248 ], [ 112.796751125683528, -7.281687614847759 ], [ 112.79679688861907, -7.281688390057218 ], [ 112.79679733347902, -7.281679776225601 ], [ 112.79682608552433, -7.281680379744854 ], [ 112.796827184336479, -7.281655496082421 ], [ 112.796908648934618, -7.281657325654704 ], [ 112.796908829447275, -7.281642493048338 ], [ 112.796918412508433, -7.28164245499921 ], [ 112.796918127204876, -7.281630973378801 ], [ 112.796983299639294, -7.281632628401645 ], [ 112.796983579228424, -7.281642674700236 ], [ 112.796992924618067, -7.281643116041226 ], [ 112.796992027283991, -7.281658429941247 ], [ 112.797002565793079, -7.281657670424472 ], [ 112.797003618866498, -7.281621304192858 ], [ 112.79706902992055, -7.281622719032153 ], [ 112.797068694629317, -7.28165884318845 ], [ 112.797125719556149, -7.281660052093808 ], [ 112.797125314718457, -7.281678713173286 ], [ 112.797161496489366, -7.281680004840008 ], [ 112.797160975938951, -7.281729765497797 ], [ 112.797166964399722, -7.281729502493306 ], [ 112.797168163662121, -7.28166969173275 ], [ 112.797406558473298, -7.281672811803494 ], [ 112.797406833307491, -7.281681661998564 ], [ 112.797418336790386, -7.281682573207421 ], [ 112.797418788308747, -7.281675633919278 ], [ 112.797528285239579, -7.28167783049241 ], [ 112.797527091743333, -7.281739076563177 ], [ 112.797432452352965, -7.281737777880442 ], [ 112.797432215245777, -7.281798541707585 ], [ 112.797404185742863, -7.281798892255092 ], [ 112.797404625997927, -7.281909411976594 ], [ 112.797162880227674, -7.281907118603712 ], [ 112.797163399142775, -7.281844918305176 ], [ 112.797144994590624, -7.281843718719831 ], [ 112.797109532488776, -7.281842663421141 ], [ 112.797109391478386, -7.281807258829231 ], [ 112.796825951391156, -7.281803121345866 ], [ 112.796826378150357, -7.281789962329521 ], [ 112.796785646314248, -7.281789167150876 ], [ 112.796785454654682, -7.281837299788765 ], [ 112.796750658598981, -7.281835045696956 ] ] ] ] } },
{ "type": "Feature", "properties": { "id": 78, "Id": 0, "Nama": null, "Luas": 3639.4904725222809 }, "geometry": { "type": "MultiPolygon", "coordinates": [ [ [ [ 112.795212283503218, -7.283354837293087 ], [ 112.795184217057795, -7.283406142634066 ], [ 112.79513934589616, -7.28344890257531 ], [ 112.795099682609276, -7.283475853052378 ], [ 112.795048004256842, -7.283493760673512 ], [ 112.795026588254586, -7.283410117149812 ], [ 112.794987797604961, -7.28341553397304 ], [ 112.794988892983881, -7.283449977920148 ], [ 112.794936161131972, -7.28344396728217 ], [ 112.794927646745592, -7.283471751073438 ], [ 112.794871024537713, -7.283451402405322 ], [ 112.794856271606875, -7.283476818701257 ], [ 112.79482792528681, -7.283457793204986 ], [ 112.794806283339156, -7.283437784214704 ], [ 112.794786704585576, -7.283454607577969 ], [ 112.794733307036424, -7.283401711596214 ], [ 112.794553838814323, -7.283215589247551 ], [ 112.794557181482531, -7.283212705298497 ], [ 112.794524219458111, -7.283177670052989 ], [ 112.7945266057189, -7.283175268345947 ], [ 112.794505827903166, -7.283131572699884 ], [ 112.794511634643513, -7.283085618601648 ], [ 112.79455926681473, -7.283074425375657 ], [ 112.794619217359255, -7.283088301840986 ], [ 112.794649771233665, -7.283120236714901 ], [ 112.794666001605776, -7.283104861985986 ], [ 112.794814180995772, -7.283254985538647 ], [ 112.794876486686931, -7.283318850492409 ], [ 112.794902225245792, -7.283344823835824 ], [ 112.794919533852465, -7.283359587078047 ], [ 112.794950737015469, -7.283374055975044 ], [ 112.7949840701054, -7.283261488339821 ], [ 112.794883456193176, -7.283159698835354 ], [ 112.794801317117106, -7.283229304006877 ], [ 112.794706252310419, -7.283133225849097 ], [ 112.794781847472763, -7.283056756992354 ], [ 112.794788521002403, -7.283048022757866 ], [ 112.794578738476389, -7.282829916723318 ], [ 112.794773107303186, -7.282642359504641 ], [ 112.794853789802886, -7.282567975653037 ], [ 112.794898039904311, -7.282609999299387 ], [ 112.794865594433304, -7.282644576289684 ], [ 112.794918044994049, -7.282700346722812 ], [ 112.794782009311902, -7.282832459660438 ], [ 112.794811359575917, -7.282862963953438 ], [ 112.794861480497602, -7.282814920292846 ], [ 112.795059705146016, -7.283018431492403 ], [ 112.795003389483142, -7.283075111822665 ], [ 112.795009643246686, -7.283081306844617 ], [ 112.795107964636074, -7.282984270197515 ], [ 112.795131061165662, -7.283008579441366 ], [ 112.79511865834489, -7.283022503652236 ], [ 112.795147540909596, -7.283055880461038 ], [ 112.795125585447991, -7.283077497746148 ], [ 112.795130405555213, -7.283084655350646 ], [ 112.795070745329866, -7.283143741200409 ], [ 112.795081330529044, -7.283154703522173 ], [ 112.795102352434867, -7.28313930977181 ], [ 112.795114430309582, -7.283164141176803 ], [ 112.795126105183002, -7.283208112119052 ], [ 112.79530471777494, -7.283211715132819 ], [ 112.795304701320049, -7.283260518093737 ], [ 112.795149772267436, -7.283255384621787 ], [ 112.795150321865094, -7.283273085034726 ], [ 112.795145636928154, -7.283299896736233 ], [ 112.79513994798792, -7.283315229657808 ], [ 112.795212283503218, -7.283354837293087 ] ] ] ] } },
{ "type": "Feature", "properties": { "id": 97, "Id": 0, "Nama": null, "Luas": 54.802485418171727 }, "geometry": { "type": "MultiPolygon", "coordinates": [ [ [ [ 112.793580272378406, -7.279911821489267 ], [ 112.793583288584799, -7.279913046815365 ], [ 112.793583247386337, -7.279913139530518 ], [ 112.793580272378406, -7.279911821489267 ] ] ], [ [ [ 112.793583288584799, -7.279913046815365 ], [ 112.793613357840542, -7.279845377376708 ], [ 112.793669230387039, -7.27987013102819 ], [ 112.793640456161413, -7.279936270991401 ], [ 112.793583288584799, -7.279913046815365 ] ] ] ] } },
{ "type": "Feature", "properties": { "id": 98, "Id": 0, "Nama": null, "Luas": 17.888628545566462 }, "geometry": { "type": "MultiPolygon", "coordinates": [ [ [ [ 112.793699072434833, -7.279928000790136 ], [ 112.793749158661043, -7.279943591137299 ], [ 112.793739785538463, -7.279972335212311 ], [ 112.793689098086688, -7.27995014465222 ], [ 112.793699072434833, -7.279928000790136 ] ] ] ] } },
{ "type": "Feature", "properties": { "id": 79, "Id": 0, "Nama": null, "Luas": 2821.4076647630427 }, "geometry": { "type": "MultiPolygon", "coordinates": [ [ [ [ 112.794248329073241, -7.28231953565167 ], [ 112.794359162905437, -7.282212019373202 ], [ 112.794412649607807, -7.282263288367074 ], [ 112.7944613361134, -7.282216015961231 ], [ 112.79445651640826, -7.282208954032686 ], [ 112.794458132974199, -7.282205789861287 ], [ 112.794413864304914, -7.282159077428327 ], [ 112.794437724975339, -7.282134581932892 ], [ 112.794453599857889, -7.282150307790944 ], [ 112.794489403226549, -7.282116674412612 ], [ 112.794510581154853, -7.282140512867 ], [ 112.794520133793114, -7.282132819808352 ], [ 112.79452734394097, -7.282138532600786 ], [ 112.794539756280813, -7.282127000612635 ], [ 112.794547447485854, -7.282133189945758 ], [ 112.794598994425428, -7.282082269979012 ], [ 112.794726923717803, -7.282213048943782 ], [ 112.794831330319084, -7.282320764240017 ], [ 112.794785519921689, -7.282368312341088 ], [ 112.794867786499026, -7.282451236102284 ], [ 112.794954186066136, -7.282368600253527 ], [ 112.795102382359346, -7.282523029720591 ], [ 112.795005479473289, -7.28261527623232 ], [ 112.794988168995658, -7.282600034545643 ], [ 112.794972877925645, -7.282610621068245 ], [ 112.794997906272201, -7.282638750250848 ], [ 112.794989783485775, -7.282644523854153 ], [ 112.795014798510735, -7.282669303948312 ], [ 112.794986642597493, -7.282698122547859 ], [ 112.794999648301541, -7.282715295103904 ], [ 112.79497531229822, -7.282740749411061 ], [ 112.79489014596767, -7.282651617358655 ], [ 112.7949183037898, -7.282623277205259 ], [ 112.794911557556489, -7.282613734993689 ], [ 112.794905822928413, -7.282617585328704 ], [ 112.794898039904311, -7.282609999299387 ], [ 112.794853789802886, -7.282567975653037 ], [ 112.794764641800967, -7.282650528339612 ], [ 112.794589304992869, -7.282465162998867 ], [ 112.794491959366709, -7.282566597392857 ], [ 112.794248329073241, -7.28231953565167 ] ] ] ] } },
{ "type": "Feature", "properties": { "id": 80, "Id": 0, "Nama": null, "Luas": 1007.9892275618622 }, "geometry": { "type": "MultiPolygon", "coordinates": [ [ [ [ 112.795665624406141, -7.282706409071457 ], [ 112.795434679759779, -7.282468484015095 ], [ 112.795320881915956, -7.282577638994027 ], [ 112.795313197167502, -7.282573076377654 ], [ 112.795283410634042, -7.282601518700382 ], [ 112.795201038234467, -7.282516107528058 ], [ 112.795434757949934, -7.282295476758007 ], [ 112.795761874602903, -7.282618758140301 ], [ 112.795665624406141, -7.282706409071457 ] ] ] ] } },
{ "type": "Feature", "properties": { "id": 81, "Id": 0, "Nama": null, "Luas": 2110.7354185702052 }, "geometry": { "type": "MultiPolygon", "coordinates": [ [ [ [ 112.795245322824542, -7.281571257667044 ], [ 112.795242584293348, -7.281570222322723 ], [ 112.795242494448317, -7.281547639910873 ], [ 112.795263574152116, -7.281546790775737 ], [ 112.795297557386462, -7.281513355957984 ], [ 112.795299491844233, -7.281421486178677 ], [ 112.795302159874254, -7.281417648007459 ], [ 112.795348359603054, -7.281467988898094 ], [ 112.795357510614139, -7.281455704316429 ], [ 112.795321326003958, -7.281417571979354 ], [ 112.795321269659155, -7.281403410128375 ], [ 112.795326607241407, -7.281396116538598 ], [ 112.795335797846079, -7.281393783528452 ], [ 112.79534692486051, -7.281396418700616 ], [ 112.795382723101838, -7.281433787050763 ], [ 112.795393033216484, -7.281423794423216 ], [ 112.795347989548617, -7.281374979986328 ], [ 112.795443047446852, -7.281373071860719 ], [ 112.795475130794614, -7.281343854918791 ], [ 112.795477712014559, -7.281318199843254 ], [ 112.795501485622665, -7.281320019323815 ], [ 112.79550158156971, -7.281344132743441 ], [ 112.795524292022151, -7.281367773687736 ], [ 112.79554499143741, -7.281367691567751 ], [ 112.795546617631473, -7.281391033398355 ], [ 112.795568555351423, -7.281413146370038 ], [ 112.795592709240239, -7.281414198818351 ], [ 112.795593955161081, -7.281438307674252 ], [ 112.795630911005517, -7.281477585199756 ], [ 112.795637412258202, -7.281473731818702 ], [ 112.795670765891174, -7.281474747761548 ], [ 112.795671677235262, -7.281511106221922 ], [ 112.795667477441327, -7.281515333230847 ], [ 112.795705971158753, -7.281555752921316 ], [ 112.79572820234786, -7.281555281954499 ], [ 112.795729439138768, -7.281577094292164 ], [ 112.795750999647126, -7.281600739781951 ], [ 112.795772091532669, -7.281602952643778 ], [ 112.795772175311853, -7.281624004038462 ], [ 112.795793737348049, -7.281648032277647 ], [ 112.795817509447787, -7.281649468984389 ], [ 112.79581684638724, -7.281675499204678 ], [ 112.795795384885395, -7.281676732640449 ], [ 112.795760247149744, -7.281709023794504 ], [ 112.795759109910861, -7.281808545562576 ], [ 112.795711366148453, -7.281755531549766 ], [ 112.795701815066295, -7.281763607379446 ], [ 112.795737613366782, -7.281800975686587 ], [ 112.795738798370451, -7.28180977443419 ], [ 112.795737301637601, -7.281818966581431 ], [ 112.795730811044777, -7.281825499233304 ], [ 112.795720088667707, -7.281828221089687 ], [ 112.795711643378809, -7.281825192530317 ], [ 112.795693554089254, -7.281806891889388 ], [ 112.795676231446834, -7.281788588205445 ], [ 112.795667454625047, -7.281798574756051 ], [ 112.795712869510083, -7.281844325599359 ], [ 112.795713315722551, -7.2818472838293 ], [ 112.795617485001387, -7.281847664067003 ], [ 112.795584641084247, -7.281878415077379 ], [ 112.795582429489656, -7.28190062385733 ], [ 112.795557117989887, -7.281897662214081 ], [ 112.79555323297393, -7.281884663831922 ], [ 112.795530887533303, -7.281856428343371 ], [ 112.795510942556618, -7.281853445405074 ], [ 112.795510884679359, -7.281838900803179 ], [ 112.795486227122055, -7.281807612414494 ], [ 112.79546629433176, -7.28180769149521 ], [ 112.795467751471378, -7.281788547777522 ], [ 112.795428481961665, -7.281745834592055 ], [ 112.795422364025981, -7.281749686450693 ], [ 112.795393068627163, -7.28174762744045 ], [ 112.795386982529521, -7.281741376503066 ], [ 112.795390003472463, -7.281709242403237 ], [ 112.795353043051506, -7.281668816599807 ], [ 112.795330792054287, -7.281664311764257 ], [ 112.795329191755869, -7.281647476726915 ], [ 112.795303782805561, -7.281620018890968 ], [ 112.795285763589675, -7.281619324853211 ], [ 112.795286840461401, -7.281600948160266 ], [ 112.795260276979747, -7.281572346624039 ], [ 112.795245322824542, -7.281571257667044 ] ] ] ] } },
{ "type": "Feature", "properties": { "id": 82, "Id": 0, "Nama": null, "Luas": 2668.9550858634993 }, "geometry": { "type": "MultiPolygon", "coordinates": [ [ [ [ 112.794251937177904, -7.281490518023357 ], [ 112.794300837848752, -7.281438471476844 ], [ 112.794301991975843, -7.281427462580641 ], [ 112.794301007034335, -7.281420768203374 ], [ 112.794303151810354, -7.281417889007949 ], [ 112.794303122322191, -7.281410473169662 ], [ 112.794300451782462, -7.281401632455824 ], [ 112.794254000400997, -7.281348230353945 ], [ 112.794321540927356, -7.281282654339788 ], [ 112.794380717179109, -7.281222374417155 ], [ 112.794366275993937, -7.281205685966078 ], [ 112.79437248025414, -7.281199441535485 ], [ 112.794342876303759, -7.281165349819168 ], [ 112.794377975161339, -7.281135307623524 ], [ 112.79440899849709, -7.281164848447356 ], [ 112.794417125076521, -7.281160031741147 ], [ 112.794432278332266, -7.281175042796954 ], [ 112.794469757728123, -7.281141163567819 ], [ 112.794494769774005, -7.281165226057965 ], [ 112.794532963136405, -7.281130147872444 ], [ 112.794579377412575, -7.281174220341905 ], [ 112.794610024026838, -7.28114517660481 ], [ 112.794818261633608, -7.281360609638695 ], [ 112.794760223420354, -7.281417870869381 ], [ 112.794771394584231, -7.281431605888891 ], [ 112.794756877036306, -7.281443911743859 ], [ 112.794816528033778, -7.281503002814151 ], [ 112.794601157522123, -7.281710929439923 ], [ 112.794542674747305, -7.281656426816348 ], [ 112.794529653944338, -7.281659540517953 ], [ 112.794522732820042, -7.281654209336504 ], [ 112.79451784808623, -7.281653284566629 ], [ 112.794464395973563, -7.281707082761607 ], [ 112.794251937177904, -7.281490518023357 ] ] ] ] } },
{ "type": "Feature", "properties": { "id": 83, "Id": 0, "Nama": null, "Luas": 725.46198872762034 }, "geometry": { "type": "MultiPolygon", "coordinates": [ [ [ [ 112.793740051257799, -7.283272607424016 ], [ 112.793871488530812, -7.283145584484949 ], [ 112.794096666826775, -7.283379437792291 ], [ 112.793966375749804, -7.283505499354622 ], [ 112.79387630761893, -7.283412769462753 ], [ 112.793874321027971, -7.283414461478718 ], [ 112.793870028401344, -7.283414631601212 ], [ 112.793829693435157, -7.283373912848343 ], [ 112.793829054546563, -7.28336748502933 ], [ 112.793831035658428, -7.283364415102743 ], [ 112.793740051257799, -7.283272607424016 ] ] ] ] } },
{ "type": "Feature", "properties": { "id": 84, "Id": 0, "Nama": null, "Luas": 1090.6389010320165 }, "geometry": { "type": "MultiPolygon", "coordinates": [ [ [ [ 112.793447275565768, -7.283528621764129 ], [ 112.79344767934144, -7.283525568616617 ], [ 112.793457604685543, -7.283505549248536 ], [ 112.793452052397029, -7.283497418487435 ], [ 112.793468318120006, -7.283481278130363 ], [ 112.793443725521172, -7.283456687646905 ], [ 112.793443446680698, -7.283444402184355 ], [ 112.79342033128755, -7.283444264151773 ], [ 112.793421744046, -7.283394652969188 ], [ 112.79344474261319, -7.283394332154425 ], [ 112.793444583792009, -7.283383309321235 ], [ 112.793469432774899, -7.283356685619451 ], [ 112.793453616505403, -7.283341246566554 ], [ 112.793464612886964, -7.283330294345061 ], [ 112.793455026563024, -7.283319883018537 ], [ 112.793502719452519, -7.28327332270917 ], [ 112.793514350780029, -7.283282271444025 ], [ 112.793524189812004, -7.283274290192363 ], [ 112.793540260947836, -7.283291163579184 ], [ 112.793567283388413, -7.283266464192663 ], [ 112.793578876292429, -7.283265748410731 ], [ 112.793578881199323, -7.283242878535198 ], [ 112.793629864119367, -7.283242867818871 ], [ 112.793630917542387, -7.283266786085984 ], [ 112.793640165531755, -7.283266821193583 ], [ 112.793665420121542, -7.283291600421747 ], [ 112.793682124940503, -7.28327502771585 ], [ 112.793690773520922, -7.283280974041765 ], [ 112.793709909309555, -7.283273243001799 ], [ 112.793754410979957, -7.283318279998318 ], [ 112.793742993997071, -7.28333913778327 ], [ 112.793749729761387, -7.283346048588282 ], [ 112.793734226637568, -7.283363573430385 ], [ 112.793756838271747, -7.283386449333112 ], [ 112.793756896295136, -7.283401041792193 ], [ 112.793780857887782, -7.28340190369556 ], [ 112.793780328446871, -7.283449511451806 ], [ 112.793755890549491, -7.283449369110552 ], [ 112.793756183395217, -7.283462764516603 ], [ 112.79373160008771, -7.283486305967671 ], [ 112.793747722198475, -7.283503944659335 ], [ 112.793740802974625, -7.283511148822551 ], [ 112.793749038038868, -7.283533603269793 ], [ 112.793707996139361, -7.283575391025614 ], [ 112.793684934556154, -7.283565649369772 ], [ 112.793676830595231, -7.283571346330826 ], [ 112.793660055542588, -7.283555796262021 ], [ 112.793635611025636, -7.28357809319302 ], [ 112.793622422826843, -7.2835776861631 ], [ 112.793622828711491, -7.283602640446298 ], [ 112.793611022916124, -7.283602840350609 ], [ 112.793598508909596, -7.283617741011018 ], [ 112.793584036240631, -7.28360279422668 ], [ 112.793573454649561, -7.283602376862532 ], [ 112.793573509974848, -7.283577726957614 ], [ 112.793560938138953, -7.283578083000743 ], [ 112.793536461288028, -7.283553683445669 ], [ 112.793521032184898, -7.283568136348792 ], [ 112.793512270466209, -7.28356265934887 ], [ 112.793489149909178, -7.283570865490359 ], [ 112.793447275565768, -7.283528621764129 ] ] ] ] } },
{ "type": "Feature", "properties": { "id": 85, "Id": 0, "Nama": null, "Luas": 182.52981785032898 }, "geometry": { "type": "MultiPolygon", "coordinates": [ [ [ [ 112.793086160569729, -7.282691462047693 ], [ 112.793059791844598, -7.282808308093678 ], [ 112.792941824564465, -7.282784853078126 ], [ 112.792962428248742, -7.282664202282258 ], [ 112.793086160569729, -7.282691462047693 ] ] ] ] } },
{ "type": "Feature", "properties": { "id": 86, "Id": 0, "Nama": null, "Luas": 179.75213143695146 }, "geometry": { "type": "MultiPolygon", "coordinates": [ [ [ [ 112.792553248019743, -7.282573961141556 ], [ 112.792672370541993, -7.282598751357802 ], [ 112.792645818405731, -7.282717703307194 ], [ 112.792527843541905, -7.282692334406053 ], [ 112.792553248019743, -7.282573961141556 ] ] ] ] } },
{ "type": "Feature", "properties": { "id": 87, "Id": 0, "Nama": null, "Luas": 163.86771951289847 }, "geometry": { "type": "MultiPolygon", "coordinates": [ [ [ [ 112.792489930936227, -7.282701670812202 ], [ 112.792598692333044, -7.282723631388583 ], [ 112.792572712882333, -7.282842006931851 ], [ 112.792461633260544, -7.282815462426933 ], [ 112.792489930936227, -7.282701670812202 ] ] ] ] } },
{ "type": "Feature", "properties": { "id": 88, "Id": 0, "Nama": null, "Luas": 178.25440964382142 }, "geometry": { "type": "MultiPolygon", "coordinates": [ [ [ [ 112.792660893748405, -7.282459855199741 ], [ 112.792637209695641, -7.282577073369152 ], [ 112.792516928082463, -7.282549991177248 ], [ 112.792542914393636, -7.282433338026121 ], [ 112.792660893748405, -7.282459855199741 ] ] ] ] } },
{ "type": "Feature", "properties": { "id": 89, "Id": 0, "Nama": null, "Luas": 451.0171571848914 }, "geometry": { "type": "MultiPolygon", "coordinates": [ [ [ [ 112.793669970711619, -7.282122157681708 ], [ 112.793399085643671, -7.282058162208688 ], [ 112.793433843276404, -7.281930182911295 ], [ 112.793698573785974, -7.281988844147643 ], [ 112.793669970711619, -7.282122157681708 ] ] ] ] } },
{ "type": "Feature", "properties": { "id": 90, "Id": 0, "Nama": null, "Luas": 898.22486723500333 }, "geometry": { "type": "MultiPolygon", "coordinates": [ [ [ [ 112.793374558871932, -7.28056473312979 ], [ 112.793372736593923, -7.280492016105406 ], [ 112.793375562856426, -7.280431528957074 ], [ 112.793395498650924, -7.280432215489584 ], [ 112.793396195329606, -7.280414605807131 ], [ 112.793848554961315, -7.280422765056931 ], [ 112.793847849172266, -7.280438078217385 ], [ 112.793866251674373, -7.280438770805378 ], [ 112.793865256964111, -7.280574271462089 ], [ 112.793374558871932, -7.28056473312979 ] ] ] ] } },
{ "type": "Feature", "properties": { "id": 91, "Id": 0, "Nama": null, "Luas": 832.09747469678405 }, "geometry": { "type": "MultiPolygon", "coordinates": [ [ [ [ 112.793257265292596, -7.28056596335695 ], [ 112.793359238148639, -7.280567855904604 ], [ 112.793407635273354, -7.28056537609532 ], [ 112.793403706523463, -7.280954266480211 ], [ 112.793387646522604, -7.280964281853393 ], [ 112.79338854702489, -7.280997961092352 ], [ 112.793265086709326, -7.280990795080797 ], [ 112.793264128418699, -7.280942571218867 ], [ 112.793248792471758, -7.280941866461466 ], [ 112.793250152371357, -7.280898226524788 ], [ 112.793221786499586, -7.280898338908357 ], [ 112.793225093482661, -7.280765891121048 ], [ 112.793248850350665, -7.280763500444425 ], [ 112.793257265292596, -7.28056596335695 ] ] ] ] } },
{ "type": "Feature", "properties": { "id": 92, "Id": 0, "Nama": null, "Luas": 1504.972330839875 }, "geometry": { "type": "MultiPolygon", "coordinates": [ [ [ [ 112.793387646522604, -7.280964281853375 ], [ 112.793397280153769, -7.280958274107157 ], [ 112.793403706523463, -7.280954266480211 ], [ 112.793403728230444, -7.280952117779646 ], [ 112.793594504137346, -7.280953208057148 ], [ 112.79359733705104, -7.280894405028797 ], [ 112.793630767033363, -7.280895344279252 ], [ 112.793631157684672, -7.280955053154226 ], [ 112.793709516724533, -7.280956732970984 ], [ 112.793709451609985, -7.280940351139335 ], [ 112.793690436986921, -7.280939967182917 ], [ 112.793690514226228, -7.280882246802986 ], [ 112.793688058528176, -7.280881644120186 ], [ 112.793689099557625, -7.280834943383107 ], [ 112.793691549170063, -7.280834015053651 ], [ 112.793692982052207, -7.28080874727394 ], [ 112.793711843949268, -7.280809284940498 ], [ 112.793714039100834, -7.280652716283279 ], [ 112.793742865544743, -7.280652755150993 ], [ 112.793742527851734, -7.28064494820353 ], [ 112.793722590833937, -7.280643955486295 ], [ 112.79372403282531, -7.280582402107326 ], [ 112.79374442617582, -7.280582474394923 ], [ 112.793744344929337, -7.280571921188477 ], [ 112.793896736843749, -7.280576443255995 ], [ 112.793890412445649, -7.281010517107697 ], [ 112.793655793928536, -7.281005131416856 ], [ 112.793654821957361, -7.281049918085244 ], [ 112.793639062833151, -7.281048832260045 ], [ 112.793639414221047, -7.281064906750487 ], [ 112.793604332211615, -7.281063036290549 ], [ 112.793605933592602, -7.281104272240254 ], [ 112.793388966853442, -7.281103600959645 ], [ 112.793387646522604, -7.280964281853375 ] ] ] ] } },
{ "type": "Feature", "properties": { "id": 93, "Id": 0, "Nama": null, "Luas": 29.419308337382972 }, "geometry": { "type": "MultiPolygon", "coordinates": [ [ [ [ 112.793240847988955, -7.280476409157728 ], [ 112.793272333291199, -7.28044135764363 ], [ 112.793313671606882, -7.28047420684945 ], [ 112.793277387174172, -7.280507363583478 ], [ 112.793240847988955, -7.280476409157728 ] ] ] ] } },
{ "type": "Feature", "properties": { "id": 94, "Id": 0, "Nama": null, "Luas": 2157.8368794916414 }, "geometry": { "type": "MultiPolygon", "coordinates": [ [ [ [ 112.793230449291485, -7.280391764878807 ], [ 112.793065626456738, -7.28039385316587 ], [ 112.793065548678058, -7.280369452572082 ], [ 112.793037024641592, -7.280368340732998 ], [ 112.793036944913538, -7.280386866596578 ], [ 112.7929026196866, -7.280385102112327 ], [ 112.792823647399757, -7.280383424559921 ], [ 112.792824476143394, -7.280360455719787 ], [ 112.792824805432033, -7.280288954979148 ], [ 112.792826414874511, -7.280230922295328 ], [ 112.792918266756757, -7.280232548839415 ], [ 112.792958287407501, -7.280232849632106 ], [ 112.793027637974461, -7.280234488728161 ], [ 112.793028500479465, -7.280210371478586 ], [ 112.793072003730032, -7.280209242257487 ], [ 112.793075192073573, -7.280143395037376 ], [ 112.793117941598453, -7.280145522252573 ], [ 112.793119954879984, -7.280073364160946 ], [ 112.793123177318535, -7.280073989328096 ], [ 112.793123535549128, -7.280067672381626 ], [ 112.793210171621269, -7.280068668844476 ], [ 112.793209929014935, -7.280055847371669 ], [ 112.793053707854298, -7.280052064471391 ], [ 112.793055804318854, -7.279968678443137 ], [ 112.793043345598733, -7.279968536412766 ], [ 112.793045565004846, -7.279900013714777 ], [ 112.793114377346257, -7.27990127218244 ], [ 112.793114808954442, -7.279908600312301 ], [ 112.793120271061653, -7.279908521262243 ], [ 112.793120202842829, -7.279905823079818 ], [ 112.793136533034584, -7.279905930634921 ], [ 112.793172307815183, -7.279906592717521 ], [ 112.793172691115615, -7.279925882264402 ], [ 112.79321271295035, -7.27992648924372 ], [ 112.793213151646242, -7.279921128876778 ], [ 112.793360512085656, -7.279923454075127 ], [ 112.793463250825567, -7.279925190496281 ], [ 112.793556482574019, -7.279926811458167 ], [ 112.793557016477394, -7.279964702498819 ], [ 112.793582124811124, -7.279964794394933 ], [ 112.793583128739868, -7.280024500843916 ], [ 112.79359501247545, -7.280024645137233 ], [ 112.79359483221802, -7.280075744197013 ], [ 112.793329738546788, -7.28007009620998 ], [ 112.793328024972894, -7.280121201351374 ], [ 112.793268798694882, -7.280120670466936 ], [ 112.793265798135025, -7.280330243019785 ], [ 112.793231679425901, -7.280329612667901 ], [ 112.793230449291485, -7.280391764878807 ] ] ] ] } },
{ "type": "Feature", "properties": { "id": 95, "Id": 0, "Nama": null, "Luas": 748.97520456561688 }, "geometry": { "type": "MultiPolygon", "coordinates": [ [ [ [ 112.79359705295559, -7.280010793929928 ], [ 112.793721259469962, -7.280012885399105 ], [ 112.793721099758116, -7.28004503779783 ], [ 112.793743242294383, -7.280046385403101 ], [ 112.793737921523061, -7.280371368972555 ], [ 112.793721823138341, -7.280371719835614 ], [ 112.793722867256221, -7.280420498062537 ], [ 112.793579683762317, -7.280417915458671 ], [ 112.793578425323702, -7.280387502734537 ], [ 112.7935315562124, -7.280385678961399 ], [ 112.793531414750589, -7.280350082920893 ], [ 112.793588057429687, -7.280351580898717 ], [ 112.79359435942547, -7.280128790108077 ], [ 112.79359705295559, -7.280010793929928 ] ] ] ] } },
{ "type": "Feature", "properties": { "id": 96, "Id": 0, "Nama": null, "Luas": 44.443798802953097 }, "geometry": { "type": "MultiPolygon", "coordinates": [ [ [ [ 112.793627522320023, -7.280011306995854 ], [ 112.793628233216566, -7.279971341883448 ], [ 112.79371995092221, -7.279972987946191 ], [ 112.793718098176271, -7.280012832167636 ], [ 112.793627522320023, -7.280011306995854 ] ] ] ] } },
{ "type": "Feature", "properties": { "id": 99, "Id": 0, "Nama": null, "Luas": 2146.3213960763223 }, "geometry": { "type": "MultiPolygon", "coordinates": [ [ [ [ 112.793865555598771, -7.28053359094999 ], [ 112.793913017969686, -7.280533042668285 ], [ 112.79391399449085, -7.280489404264026 ], [ 112.794106626389535, -7.280491798544367 ], [ 112.794287177919756, -7.280492805283052 ], [ 112.794286920351738, -7.280644953004082 ], [ 112.794285780657361, -7.280647541145166 ], [ 112.794285346059894, -7.280682852385001 ], [ 112.794284195081829, -7.280754911327898 ], [ 112.794281156210062, -7.280930609751274 ], [ 112.794278989958187, -7.281036546889072 ], [ 112.79427759929635, -7.281048322240986 ], [ 112.794152431006722, -7.281165942687783 ], [ 112.794192843098017, -7.28120683339164 ], [ 112.794073133672313, -7.281323570983343 ], [ 112.793966007339733, -7.281206584281946 ], [ 112.794002965419736, -7.281174142495275 ], [ 112.793925310170778, -7.281106032114488 ], [ 112.79397493800947, -7.281062027439359 ], [ 112.793920819301434, -7.281008416450734 ], [ 112.793916519285503, -7.281011543411224 ], [ 112.793890412445649, -7.281010517107697 ], [ 112.793891163469539, -7.280958970403911 ], [ 112.793950197419349, -7.280961603404694 ], [ 112.794018896661044, -7.281030801873308 ], [ 112.794030348404988, -7.28101869957179 ], [ 112.794066157176957, -7.281058747331716 ], [ 112.794133183761062, -7.280996474682505 ], [ 112.794133614940904, -7.280960302246019 ], [ 112.794143831816754, -7.28063759589333 ], [ 112.793913236125036, -7.280631620205939 ], [ 112.793912476283253, -7.280585117990479 ], [ 112.793896618146761, -7.280584589944246 ], [ 112.793896736843749, -7.280576443255995 ], [ 112.793865256964111, -7.280574271462089 ], [ 112.793865555598771, -7.28053359094999 ] ] ] ] } },
{ "type": "Feature", "properties": { "id": 100, "Id": 0, "Nama": null, "Luas": 825.6930647828558 }, "geometry": { "type": "MultiPolygon", "coordinates": [ [ [ [ 112.793043345598733, -7.279968536412766 ], [ 112.793046088124484, -7.280200319370701 ], [ 112.792753408040497, -7.28019803378838 ], [ 112.792759365963065, -7.279960890797898 ], [ 112.793043345598733, -7.279968536412766 ] ] ] ] } },
{ "type": "Feature", "properties": { "id": 101, "Id": 0, "Nama": null, "Luas": 576.21404694087687 }, "geometry": { "type": "MultiPolygon", "coordinates": [ [ [ [ 112.792226893479224, -7.279808555848713 ], [ 112.792264796044478, -7.279808812468276 ], [ 112.792265107816135, -7.279826992306246 ], [ 112.792587845403389, -7.279832891142322 ], [ 112.792587530768373, -7.279813993645287 ], [ 112.792622501281912, -7.279811941366813 ], [ 112.792623493448957, -7.279844591594386 ], [ 112.792631158935308, -7.27984432201428 ], [ 112.792630876323457, -7.279954127219517 ], [ 112.792323950687646, -7.279948165829465 ], [ 112.792322959133116, -7.279939796893504 ], [ 112.792315978173008, -7.279931451671874 ], [ 112.792315884124875, -7.279907768806041 ], [ 112.79230102754957, -7.279907109954552 ], [ 112.792300919902758, -7.279916200916722 ], [ 112.792220990433989, -7.279914794960142 ], [ 112.792226893479224, -7.279808555848713 ] ] ] ] } },
{ "type": "Feature", "properties": { "id": 102, "Id": 0, "Nama": null, "Luas": 1633.6722466221217 }, "geometry": { "type": "MultiPolygon", "coordinates": [ [ [ [ 112.792425980754345, -7.279493928820048 ], [ 112.792431817858386, -7.279491752687102 ], [ 112.792432011835047, -7.279480269137421 ], [ 112.792689351565954, -7.27948810146376 ], [ 112.792821370258281, -7.279490688573822 ], [ 112.793085149036614, -7.279491079210788 ], [ 112.793083063948615, -7.279629598474731 ], [ 112.793059102550458, -7.279628736485025 ], [ 112.793056996074256, -7.279701564777348 ], [ 112.792973805399242, -7.279699406344058 ], [ 112.792977297268905, -7.279613463056624 ], [ 112.79283449402044, -7.279610009658396 ], [ 112.792833162940383, -7.279660921917418 ], [ 112.792841406635873, -7.279661463408112 ], [ 112.792841134113928, -7.279785861260327 ], [ 112.792622807292133, -7.279780410354013 ], [ 112.792622501281912, -7.279811941366796 ], [ 112.79259006866593, -7.279813844706396 ], [ 112.792588880274721, -7.279779779184305 ], [ 112.792584818151965, -7.279770417665755 ], [ 112.792578824979074, -7.279757427579958 ], [ 112.792576497685687, -7.279750547127365 ], [ 112.79257395440915, -7.279737543380289 ], [ 112.792572951260411, -7.279726255951604 ], [ 112.792573487479316, -7.279716493464683 ], [ 112.792574045740295, -7.279712280901149 ], [ 112.792575166822715, -7.279705004034069 ], [ 112.792576665146257, -7.279696194635808 ], [ 112.792577602168535, -7.279690832294353 ], [ 112.792581394341639, -7.279680482775421 ], [ 112.792585757696799, -7.279669174096288 ], [ 112.792591644457531, -7.279655371448932 ], [ 112.792591997088394, -7.279611448416782 ], [ 112.792424507791651, -7.279605652548703 ], [ 112.792424927093947, -7.279590579737581 ], [ 112.792423723513835, -7.279589149155356 ], [ 112.792425980754345, -7.279493928820048 ] ] ] ] } },
{ "type": "Feature", "properties": { "id": 103, "Id": 0, "Nama": null, "Luas": 76.40750061077415 }, "geometry": { "type": "MultiPolygon", "coordinates": [ [ [ [ 112.792786992199296, -7.279786649823245 ], [ 112.792788539095156, -7.279784548144499 ], [ 112.792841134113928, -7.279785861260327 ], [ 112.792841406635873, -7.279661463408112 ], [ 112.792833162940383, -7.279660921917418 ], [ 112.792833934297576, -7.279631418399934 ], [ 112.792868608073789, -7.279633605629794 ], [ 112.792864912179681, -7.279812942997578 ], [ 112.792787665244091, -7.279811335133297 ], [ 112.792786992199296, -7.279786649823245 ] ] ] ] } },
{ "type": "Feature", "properties": { "id": 104, "Id": 0, "Nama": null, "Luas": 283.87369720023162 }, "geometry": { "type": "MultiPolygon", "coordinates": [ [ [ [ 112.793042972487584, -7.279717600522246 ], [ 112.793038982751071, -7.279871198478144 ], [ 112.792905858299918, -7.279867706784934 ], [ 112.792905681547154, -7.279823211717945 ], [ 112.792884116277705, -7.279822435921018 ], [ 112.792886260116703, -7.279710757406887 ], [ 112.793042972487584, -7.279717600522246 ] ] ] ] } },
{ "type": "Feature", "properties": { "id": 105, "Id": 0, "Nama": null, "Luas": 994.77586820781289 }, "geometry": { "type": "MultiPolygon", "coordinates": [ [ [ [ 112.794249866507286, -7.27971439743984 ], [ 112.793942209243809, -7.279705090872555 ], [ 112.793937373988626, -7.279694105710466 ], [ 112.793892320410109, -7.279690935106265 ], [ 112.79389621443238, -7.279585660926143 ], [ 112.794254665493341, -7.279595723124419 ], [ 112.794254154008939, -7.279587591522617 ], [ 112.794340878540723, -7.279586769334415 ], [ 112.794342656299676, -7.279551835529441 ], [ 112.794463889238244, -7.279553268782097 ], [ 112.794455742148514, -7.279793960780761 ], [ 112.794441850552204, -7.279794972744794 ], [ 112.794441544499492, -7.279838512791252 ], [ 112.794353386273073, -7.279840297590697 ], [ 112.7943512566316, -7.279786719773355 ], [ 112.794301432455455, -7.279788831058816 ], [ 112.794300118474411, -7.279699366349933 ], [ 112.794338901229892, -7.2796920358961 ], [ 112.794341026898664, -7.27962408774864 ], [ 112.794253813698447, -7.27962251963153 ], [ 112.794249866507286, -7.27971439743984 ] ] ] ] } },
{ "type": "Feature", "properties": { "id": 106, "Id": 0, "Nama": null, "Luas": 506.49028200558678 }, "geometry": { "type": "MultiPolygon", "coordinates": [ [ [ [ 112.794569002109043, -7.279983432004689 ], [ 112.794576483156774, -7.279984981227464 ], [ 112.794580080478099, -7.279925639329988 ], [ 112.794668255831496, -7.279928160452548 ], [ 112.794670385515047, -7.279981738258717 ], [ 112.794686195624791, -7.279981197128841 ], [ 112.794688667602045, -7.280289547482027 ], [ 112.794570234869454, -7.280293461861039 ], [ 112.794569002109043, -7.279983432004689 ] ] ] ] } },
{ "type": "Feature", "properties": { "id": 107, "Id": 0, "Nama": null, "Luas": 624.49797916685884 }, "geometry": { "type": "MultiPolygon", "coordinates": [ [ [ [ 112.794686533170662, -7.280023302446907 ], [ 112.794766381414604, -7.280022982692929 ], [ 112.794767455478407, -7.279931594745923 ], [ 112.795188601324028, -7.279922748063211 ], [ 112.795190497407873, -7.280038046637937 ], [ 112.794818209730778, -7.280042872040585 ], [ 112.794818255394318, -7.28005435462633 ], [ 112.794686786353935, -7.280054884330435 ], [ 112.794686533170662, -7.280023302446907 ] ] ] ] } },
{ "type": "Feature", "properties": { "id": 108, "Id": 0, "Nama": null, "Luas": 2525.7265504726456 }, "geometry": { "type": "MultiPolygon", "coordinates": [ [ [ [ 112.795094779501909, -7.280295592317489 ], [ 112.795143506872932, -7.280294796230684 ], [ 112.79515177949925, -7.280302609978663 ], [ 112.795219934457094, -7.28023497413118 ], [ 112.795249139219109, -7.28025303934839 ], [ 112.795292884900704, -7.280216503763949 ], [ 112.795329827656715, -7.280252527948573 ], [ 112.795336512945724, -7.280246760051484 ], [ 112.795383863251701, -7.280297287784631 ], [ 112.79535292382873, -7.280324969132561 ], [ 112.79542568681947, -7.280403911590851 ], [ 112.79539591791557, -7.280436755543247 ], [ 112.795423058586081, -7.280465928935542 ], [ 112.795366073929586, -7.280522994641579 ], [ 112.795388873683649, -7.280545008526141 ], [ 112.795392593941088, -7.280540687733578 ], [ 112.795452650254958, -7.280605327124968 ], [ 112.795449790187888, -7.280609070367763 ], [ 112.795469994532965, -7.280629085057845 ], [ 112.795528426919176, -7.280574597217497 ], [ 112.795565078807769, -7.280609761317492 ], [ 112.795598549741328, -7.280580060428 ], [ 112.795668078510033, -7.280652987206788 ], [ 112.795648040729631, -7.280674836101605 ], [ 112.795648552244813, -7.280682967695053 ], [ 112.795677906185617, -7.280714428836083 ], [ 112.795678913987587, -7.280726864495893 ], [ 112.795692385463994, -7.28074068605418 ], [ 112.79569216873287, -7.280746428294576 ], [ 112.795689072327747, -7.280750985838486 ], [ 112.795687307666995, -7.280909598477416 ], [ 112.795523900440571, -7.280906179930737 ], [ 112.795517910080704, -7.280905964470175 ], [ 112.795506365682513, -7.280894766728435 ], [ 112.79550156939716, -7.280893589633964 ], [ 112.795493905810361, -7.280894337707496 ], [ 112.795463355886682, -7.280863359747146 ], [ 112.79546092205274, -7.280853800433015 ], [ 112.795457781863064, -7.280847353835665 ], [ 112.795452985578237, -7.280846176740507 ], [ 112.79544627744184, -7.280846203350309 ], [ 112.795142707806519, -7.281141892506403 ], [ 112.795148717203489, -7.281146892380834 ], [ 112.795087376333029, -7.281205027944087 ], [ 112.795042395668816, -7.281159992956683 ], [ 112.795101813268744, -7.281100190457694 ], [ 112.79510518161365, -7.281103765462217 ], [ 112.795398256538533, -7.280819839947316 ], [ 112.795414719729081, -7.280802789723023 ], [ 112.79541274054678, -7.280799113520804 ], [ 112.795403257894378, -7.280800299411715 ], [ 112.79539835340708, -7.280796012830059 ], [ 112.795386229653644, -7.280783716950467 ], [ 112.795374104758778, -7.280771134005791 ], [ 112.795371493351922, -7.28076511591355 ], [ 112.795371181877286, -7.280759088698409 ], [ 112.795368864814392, -7.280754791853048 ], [ 112.795357015991982, -7.28073933712175 ], [ 112.795413994960185, -7.280680836087716 ], [ 112.795395517846927, -7.2806613886821 ], [ 112.795391505529153, -7.280664562357094 ], [ 112.795328588001894, -7.280603379135237 ], [ 112.79533402864088, -7.280597903242877 ], [ 112.795313817450179, -7.280576166157549 ], [ 112.795255675948411, -7.280631514029984 ], [ 112.79525136928639, -7.280632966456761 ], [ 112.79522741499828, -7.280609808867502 ], [ 112.795223394685792, -7.280610973089162 ], [ 112.795196548357154, -7.280583520931295 ], [ 112.79519739141891, -7.28057863741284 ], [ 112.795181802935105, -7.280562623367904 ], [ 112.795179222668224, -7.280564432567778 ], [ 112.795156128958482, -7.280540793111303 ], [ 112.795152265289573, -7.280533153258159 ], [ 112.795139174491027, -7.280518660340528 ], [ 112.795133032206238, -7.280516388147459 ], [ 112.795108405214037, -7.280492754768153 ], [ 112.795101453657367, -7.280479768536779 ], [ 112.795088347637702, -7.280461448088881 ], [ 112.795094779501909, -7.280295592317489 ] ] ] ] } },
{ "type": "Feature", "properties": { "id": 109, "Id": 0, "Nama": null, "Luas": 1453.8953346235628 }, "geometry": { "type": "MultiPolygon", "coordinates": [ [ [ [ 112.796639423627155, -7.28040113624997 ], [ 112.796725861943486, -7.280403032289025 ], [ 112.796726107148856, -7.280392409767361 ], [ 112.796824149601065, -7.280394030071474 ], [ 112.796824130171444, -7.280389149977988 ], [ 112.796820100725071, -7.280388017697804 ], [ 112.796820954156146, -7.280241322122358 ], [ 112.796882190871983, -7.280241366107645 ], [ 112.796882436074469, -7.280230743586748 ], [ 112.79701612507219, -7.28023164821471 ], [ 112.797016592017087, -7.28027671616745 ], [ 112.79702923933273, -7.280276091820318 ], [ 112.79703008978646, -7.280345272031686 ], [ 112.797013990290907, -7.280345335946753 ], [ 112.797011724622593, -7.280498352627802 ], [ 112.796830884716584, -7.280497061055585 ], [ 112.796830786954033, -7.280544714873852 ], [ 112.796751437109279, -7.280544455723268 ], [ 112.796751469630919, -7.280624834877201 ], [ 112.796608867126736, -7.28062367850993 ], [ 112.796609734672344, -7.280697164702003 ], [ 112.796519458979404, -7.28069666181584 ], [ 112.796519286421187, -7.280653315096465 ], [ 112.796477024061574, -7.2806531957673 ], [ 112.796477487535299, -7.280697402539779 ], [ 112.79632568069465, -7.280695134344563 ], [ 112.796326476440541, -7.280606139817524 ], [ 112.796251153726658, -7.280606438737417 ], [ 112.796251542467886, -7.280559644956773 ], [ 112.796336356955308, -7.280560456645441 ], [ 112.796337572050589, -7.280576814752298 ], [ 112.796434465740077, -7.280578726759552 ], [ 112.796435999856953, -7.280530780161842 ], [ 112.796469921533159, -7.280530071394137 ], [ 112.796470407857527, -7.280580019454517 ], [ 112.79671046873186, -7.280580501955229 ], [ 112.79671086542605, -7.280535717636152 ], [ 112.796699653270679, -7.280535762141746 ], [ 112.796699138350874, -7.280478637479177 ], [ 112.796673258434993, -7.280477304860757 ], [ 112.796672635453675, -7.280465250440563 ], [ 112.796637845598937, -7.280464527323772 ], [ 112.796639423627155, -7.28040113624997 ] ] ] ] } },
{ "type": "Feature", "properties": { "id": 110, "Id": 0, "Nama": null, "Luas": 2264.4387174042804 }, "geometry": { "type": "MultiPolygon", "coordinates": [ [ [ [ 112.795957657253183, -7.280362829205973 ], [ 112.796303235319215, -7.280364902764848 ], [ 112.796298725468333, -7.280531994784257 ], [ 112.796251579191903, -7.280532756019937 ], [ 112.796251303114843, -7.280588456481461 ], [ 112.796252141345306, -7.280673991709643 ], [ 112.796242943908112, -7.280674602347264 ], [ 112.796242186997603, -7.2807733570679 ], [ 112.796271508833684, -7.280772666565113 ], [ 112.796269431483893, -7.280973048928325 ], [ 112.796258506806453, -7.280973092284706 ], [ 112.796257551091614, -7.281021897797223 ], [ 112.796167274174138, -7.281021107792151 ], [ 112.796166509519992, -7.280973457380498 ], [ 112.796136030847549, -7.280972430056639 ], [ 112.796048624279607, -7.280970480358918 ], [ 112.796050452667018, -7.280707517924783 ], [ 112.795821016256511, -7.280703835177563 ], [ 112.795822907985851, -7.280745739747323 ], [ 112.795764834714632, -7.280745970153187 ], [ 112.795765598585035, -7.280648937794605 ], [ 112.795810424394134, -7.280643018570754 ], [ 112.795812431893921, -7.28056952093908 ], [ 112.796178145959445, -7.280574385356195 ], [ 112.796177970009325, -7.280530177435174 ], [ 112.795953713116759, -7.280527622456241 ], [ 112.795957657253183, -7.280362829205973 ] ] ] ] } },
{ "type": "Feature", "properties": { "id": 111, "Id": 0, "Nama": null, "Luas": 972.40342978180024 }, "geometry": { "type": "MultiPolygon", "coordinates": [ [ [ [ 112.795320910400363, -7.279943335679103 ], [ 112.795292649966882, -7.279945840002415 ], [ 112.795289896424009, -7.279855902605015 ], [ 112.795382853733443, -7.279856012383221 ], [ 112.795383369045766, -7.279865100860487 ], [ 112.79539487248995, -7.279866012133182 ], [ 112.795394902941339, -7.279873667187978 ], [ 112.795736530372551, -7.279870398317866 ], [ 112.795737068534905, -7.279885228083002 ], [ 112.795807990570751, -7.279886860528972 ], [ 112.795807483437116, -7.28000025480366 ], [ 112.795729391241352, -7.280002956841143 ], [ 112.795730948623472, -7.280033092911284 ], [ 112.795324643192714, -7.280038532123947 ], [ 112.795320910400363, -7.279943335679103 ] ] ] ] } },
{ "type": "Feature", "properties": { "id": 112, "Id": 0, "Nama": null, "Luas": 203.88268499172409 }, "geometry": { "type": "MultiPolygon", "coordinates": [ [ [ [ 112.79596093453226, -7.279801664098185 ], [ 112.795962428217706, -7.279791706446943 ], [ 112.796105260241447, -7.27965793975216 ], [ 112.796161459666521, -7.279716661599426 ], [ 112.796013288569497, -7.27985733915071 ], [ 112.79596093453226, -7.279801664098185 ] ] ] ] } },
{ "type": "Feature", "properties": { "id": 113, "Id": 0, "Nama": null, "Luas": 1065.0149562244769 }, "geometry": { "type": "MultiPolygon", "coordinates": [ [ [ [ 112.795756259335406, -7.279807069178377 ], [ 112.795774044856159, -7.279267308848678 ], [ 112.795934282026835, -7.27926896976427 ], [ 112.795918042168196, -7.279811785991451 ], [ 112.795756259335406, -7.279807069178377 ] ] ] ] } },
{ "type": "Feature", "properties": { "id": 114, "Id": 0, "Nama": null, "Luas": 395.64605304324505 }, "geometry": { "type": "MultiPolygon", "coordinates": [ [ [ [ 112.795928361750853, -7.279081632876188 ], [ 112.795927121080268, -7.279203355058351 ], [ 112.79566317743064, -7.279197512382105 ], [ 112.79566383634041, -7.279074070076677 ], [ 112.795928361750853, -7.279081632876188 ] ] ] ] } },
{ "type": "Feature", "properties": { "id": 115, "Id": 0, "Nama": null, "Luas": 40.93250788899968 }, "geometry": { "type": "MultiPolygon", "coordinates": [ [ [ [ 112.795939478266064, -7.279129816371366 ], [ 112.795986047139834, -7.279128483355958 ], [ 112.795983471489663, -7.279203705652172 ], [ 112.795939191109937, -7.279202158900655 ], [ 112.795939478266064, -7.279129816371366 ] ] ] ] } },
{ "type": "Feature", "properties": { "id": 116, "Id": 0, "Nama": null, "Luas": 1543.4445488295241 }, "geometry": { "type": "MultiPolygon", "coordinates": [ [ [ [ 112.796155069878239, -7.278823749339017 ], [ 112.796158987426651, -7.278652257926402 ], [ 112.796557695091195, -7.278664455308442 ], [ 112.796557068595106, -7.278699671581908 ], [ 112.796741092666309, -7.27870659648923 ], [ 112.796738495336555, -7.278824496421195 ], [ 112.796673333966694, -7.278825520530812 ], [ 112.796672658732518, -7.278848488722422 ], [ 112.796751619629646, -7.278847409847422 ], [ 112.796744222583627, -7.279107714994597 ], [ 112.796672988987424, -7.279124073554153 ], [ 112.796633062731189, -7.279108921661481 ], [ 112.796626166011677, -7.279109714548044 ], [ 112.796626635942502, -7.278842547221812 ], [ 112.796155069878239, -7.278823749339017 ] ] ] ] } },
{ "type": "Feature", "properties": { "id": 117, "Id": 0, "Nama": null, "Luas": 230.39421753213537 }, "geometry": { "type": "MultiPolygon", "coordinates": [ [ [ [ 112.796028307073314, -7.278949797066208 ], [ 112.796157860207998, -7.278946986550334 ], [ 112.796156126854868, -7.279089379639749 ], [ 112.796080269003951, -7.279099632318299 ], [ 112.796028103915347, -7.279091418577142 ], [ 112.796028307073314, -7.278949797066208 ] ] ] ] } },
{ "type": "Feature", "properties": { "id": 118, "Id": 0, "Nama": null, "Luas": 188.80893503193511 }, "geometry": { "type": "MultiPolygon", "coordinates": [ [ [ [ 112.79602697696113, -7.278808181636986 ], [ 112.796137379275223, -7.278809274693759 ], [ 112.796134157925451, -7.278947500748617 ], [ 112.796041375751926, -7.278949513556946 ], [ 112.796022913176103, -7.27894292880814 ], [ 112.79602697696113, -7.278808181636986 ] ] ] ] } },
{ "type": "Feature", "properties": { "id": 178, "Id": 0, "Nama": null, "Luas": 81.368522377366389 }, "geometry": { "type": "MultiPolygon", "coordinates": [ [ [ [ 112.798264933075927, -7.285084660202481 ], [ 112.798264401459718, -7.285071505005678 ], [ 112.798246671721131, -7.285071336262049 ], [ 112.798246555357139, -7.285042151418184 ], [ 112.798263805938262, -7.285042322066869 ], [ 112.79826375443254, -7.285029404185265 ], [ 112.798373700768408, -7.285023943407808 ], [ 112.798375601021121, -7.285079914224179 ], [ 112.798264933075927, -7.285084660202481 ] ] ] ] } },
{ "type": "Feature", "properties": { "id": 119, "Id": 0, "Nama": null, "Luas": 2300.1046425168588 }, "geometry": { "type": "MultiPolygon", "coordinates": [ [ [ [ 112.797026565785217, -7.279758661661459 ], [ 112.797455897250373, -7.279760019207012 ], [ 112.797470393320225, -7.279742354763557 ], [ 112.797473135146021, -7.279468288892193 ], [ 112.7974569686195, -7.27945151171365 ], [ 112.797034436643273, -7.279424865049783 ], [ 112.797022970551936, -7.279433331250714 ], [ 112.796974483209638, -7.279386061670191 ], [ 112.796974309496278, -7.279342427894861 ], [ 112.797021667518422, -7.279298605447301 ], [ 112.797448753495317, -7.279313751319684 ], [ 112.797506489330573, -7.279373232385214 ], [ 112.797557857311347, -7.279373793939532 ], [ 112.797561128131434, -7.279425070570163 ], [ 112.797596524704076, -7.279457847236286 ], [ 112.797601428023839, -7.279726524115348 ], [ 112.79757635446947, -7.279783271914148 ], [ 112.797574414305402, -7.279873610585246 ], [ 112.797512322431317, -7.279875388179581 ], [ 112.797509937142166, -7.279853963183743 ], [ 112.797461830785153, -7.279902381755833 ], [ 112.79702787190314, -7.279894152966344 ], [ 112.796977047999903, -7.279837706471635 ], [ 112.79697920163072, -7.279800953110743 ], [ 112.797026565785217, -7.279758661661459 ] ] ] ] } },
{ "type": "Feature", "properties": { "id": 120, "Id": 0, "Nama": null, "Luas": 315.86314247129485 }, "geometry": { "type": "MultiPolygon", "coordinates": [ [ [ [ 112.796938593764679, -7.280192293454226 ], [ 112.796941488239497, -7.279956502752778 ], [ 112.797049569521022, -7.279952246113967 ], [ 112.79704746308127, -7.280193392292186 ], [ 112.796938593764679, -7.280192293454226 ] ] ] ] } },
{ "type": "Feature", "properties": { "id": 121, "Id": 0, "Nama": null, "Luas": 107.24851468992711 }, "geometry": { "type": "MultiPolygon", "coordinates": [ [ [ [ 112.797235275068815, -7.280246539025858 ], [ 112.797319610302267, -7.280247352446564 ], [ 112.797318877994542, -7.280352231150134 ], [ 112.797234536644439, -7.280349886724722 ], [ 112.797235275068815, -7.280246539025858 ] ] ] ] } },
{ "type": "Feature", "properties": { "id": 122, "Id": 0, "Nama": null, "Luas": 2150.0550318749083 }, "geometry": { "type": "MultiPolygon", "coordinates": [ [ [ [ 112.798164072282802, -7.27908817532043 ], [ 112.798218891338109, -7.279038743201592 ], [ 112.798279048019694, -7.278982804615405 ], [ 112.798320050382557, -7.27902728725638 ], [ 112.798350979655368, -7.278998794440418 ], [ 112.798355596267996, -7.279002986442231 ], [ 112.798730206402084, -7.278643466308388 ], [ 112.798774905250966, -7.278616860703946 ], [ 112.798655063475479, -7.278940384675339 ], [ 112.798672089343754, -7.278957072087167 ], [ 112.798468452812472, -7.279139029696264 ], [ 112.798497749836997, -7.279180251191979 ], [ 112.798476363217659, -7.279200239577222 ], [ 112.798438061713085, -7.27920804689577 ], [ 112.798388978445402, -7.27920364877967 ], [ 112.798386784177737, -7.279422595172838 ], [ 112.798166009997502, -7.279428065249445 ], [ 112.798166376391208, -7.279389450916746 ], [ 112.798155697667383, -7.279391544475839 ], [ 112.798164072282802, -7.27908817532043 ] ] ] ] } },
{ "type": "Feature", "properties": { "id": 123, "Id": 0, "Nama": null, "Luas": 748.96594994864427 }, "geometry": { "type": "MultiPolygon", "coordinates": [ [ [ [ 112.799145795560122, -7.278784622056157 ], [ 112.799316765224617, -7.278786239161319 ], [ 112.79930898750419, -7.27914300052103 ], [ 112.799137223603196, -7.279134496957376 ], [ 112.799143711453596, -7.279031126507721 ], [ 112.79912350117678, -7.278961544861285 ], [ 112.799144701634546, -7.278894860715385 ], [ 112.799145795560122, -7.278784622056157 ] ] ] ] } },
{ "type": "Feature", "properties": { "id": 124, "Id": 0, "Nama": null, "Luas": 1044.0940225822851 }, "geometry": { "type": "MultiPolygon", "coordinates": [ [ [ [ 112.798606634635789, -7.279310377417142 ], [ 112.799007264017831, -7.279227640850908 ], [ 112.79906475510117, -7.279418025891895 ], [ 112.798662668563793, -7.27951990624205 ], [ 112.798606634635789, -7.279310377417142 ] ] ] ] } },
{ "type": "Feature", "properties": { "id": 125, "Id": 0, "Nama": null, "Luas": 1433.7421887409873 }, "geometry": { "type": "MultiPolygon", "coordinates": [ [ [ [ 112.798463966002274, -7.27790698724001 ], [ 112.798825961504463, -7.277556473892383 ], [ 112.79884905211938, -7.27757934765071 ], [ 112.798880004847476, -7.277555110927485 ], [ 112.798998944426685, -7.277678652026716 ], [ 112.798915304187005, -7.277755918694067 ], [ 112.798554444883223, -7.278102982795644 ], [ 112.798463966002274, -7.27790698724001 ] ] ] ] } },
{ "type": "Feature", "properties": { "id": 126, "Id": 0, "Nama": null, "Luas": 1019.3851033915562 }, "geometry": { "type": "MultiPolygon", "coordinates": [ [ [ [ 112.798561861325126, -7.278095849882102 ], [ 112.798568417246656, -7.278089544591214 ], [ 112.798653866070111, -7.278080387892274 ], [ 112.798654691027693, -7.278006569006338 ], [ 112.798702889003707, -7.277960213593413 ], [ 112.798703642646771, -7.278066410864262 ], [ 112.799071647183723, -7.27806954191148 ], [ 112.79906540332874, -7.278234152683861 ], [ 112.798596199341475, -7.278230658159155 ], [ 112.798561861325126, -7.278095849882102 ] ] ] ] } },
{ "type": "Feature", "properties": { "id": 127, "Id": 0, "Nama": null, "Luas": 1544.5808112956001 }, "geometry": { "type": "MultiPolygon", "coordinates": [ [ [ [ 112.796746505541435, -7.278257554604605 ], [ 112.797044321997959, -7.278250631310039 ], [ 112.797052371042284, -7.278828181880445 ], [ 112.796869513667062, -7.278825462825968 ], [ 112.796864537185016, -7.278441958562651 ], [ 112.796742614082149, -7.278435552761789 ], [ 112.796746505541435, -7.278257554604605 ] ] ] ] } },
{ "type": "Feature", "properties": { "id": 128, "Id": 0, "Nama": null, "Luas": 3312.3881377308862 }, "geometry": { "type": "MultiPolygon", "coordinates": [ [ [ [ 112.797188764373345, -7.277053076654258 ], [ 112.797596407961606, -7.276999403551061 ], [ 112.797631679345884, -7.277000794573782 ], [ 112.797754850123383, -7.277513201792987 ], [ 112.79772574228187, -7.27751944148689 ], [ 112.797731979018067, -7.277545444293582 ], [ 112.797356692258774, -7.277638796075497 ], [ 112.797333376185037, -7.277559274872618 ], [ 112.797250603680965, -7.277565727541162 ], [ 112.797188764373345, -7.277053076654258 ] ] ] ] } },
{ "type": "Feature", "properties": { "id": 129, "Id": 0, "Nama": null, "Luas": 1059.5582434087992 }, "geometry": { "type": "MultiPolygon", "coordinates": [ [ [ [ 112.797736478369643, -7.277135109491582 ], [ 112.79819470766536, -7.277078172960882 ], [ 112.798221523311597, -7.277266383534305 ], [ 112.797761742277814, -7.277318733197404 ], [ 112.797736478369643, -7.277135109491582 ] ] ] ] } },
{ "type": "Feature", "properties": { "id": 130, "Id": 0, "Nama": null, "Luas": 483.84422787139192 }, "geometry": { "type": "MultiPolygon", "coordinates": [ [ [ [ 112.798248360031565, -7.277074897846157 ], [ 112.79844144266977, -7.277046572489342 ], [ 112.798468325493431, -7.277251624117593 ], [ 112.798272139640488, -7.277270775632143 ], [ 112.798248360031565, -7.277074897846157 ] ] ] ] } },
{ "type": "Feature", "properties": { "id": 131, "Id": 0, "Nama": null, "Luas": 483.67657371732639 }, "geometry": { "type": "MultiPolygon", "coordinates": [ [ [ [ 112.798160472841758, -7.277337053480879 ], [ 112.798176051262075, -7.277321681290044 ], [ 112.798333056344404, -7.277282016466624 ], [ 112.798382840703283, -7.277462480630209 ], [ 112.798367523205513, -7.277466369045082 ], [ 112.798379251452744, -7.277523736197648 ], [ 112.798313387725514, -7.277540839132163 ], [ 112.798308417215637, -7.27752478302663 ], [ 112.798267067584575, -7.277537195501582 ], [ 112.798256157820035, -7.277492838872254 ], [ 112.798208681188314, -7.27750680670609 ], [ 112.798160472841758, -7.277337053480879 ] ] ] ] } },
{ "type": "Feature", "properties": { "id": 132, "Id": 0, "Nama": null, "Luas": 1954.4128587668529 }, "geometry": { "type": "MultiPolygon", "coordinates": [ [ [ [ 112.796431499153542, -7.276685092531596 ], [ 112.796979902175309, -7.276555075483069 ], [ 112.797025944092852, -7.276758520310465 ], [ 112.79701981404699, -7.276759310152054 ], [ 112.797037748303467, -7.276835025167993 ], [ 112.796648647117976, -7.276924603489878 ], [ 112.79650695328273, -7.276958848373874 ], [ 112.796487504100526, -7.276887732429883 ], [ 112.7964798407762, -7.276888528347246 ], [ 112.796465788518617, -7.276825046163286 ], [ 112.79644358041331, -7.276831258397794 ], [ 112.79643027652763, -7.276763180138881 ], [ 112.79644866058301, -7.276759279626777 ], [ 112.796431499153542, -7.276685092531596 ] ] ] ] } },
{ "type": "Feature", "properties": { "id": 133, "Id": 0, "Nama": null, "Luas": 210.0856365384534 }, "geometry": { "type": "MultiPolygon", "coordinates": [ [ [ [ 112.797019870839605, -7.276580944467864 ], [ 112.79709569775487, -7.276563036690786 ], [ 112.797147909377159, -7.276775643213159 ], [ 112.797072091572502, -7.276795847521663 ], [ 112.797019870839605, -7.276580944467864 ] ] ] ] } },
{ "type": "Feature", "properties": { "id": 134, "Id": 0, "Nama": null, "Luas": 190.32915486407001 }, "geometry": { "type": "MultiPolygon", "coordinates": [ [ [ [ 112.797174801432135, -7.276597936567441 ], [ 112.797284393844606, -7.276588315451284 ], [ 112.7972987387095, -7.27672528604334 ], [ 112.797184555587521, -7.27673722193958 ], [ 112.797174801432135, -7.276597936567441 ] ] ] ] } },
{ "type": "Feature", "properties": { "id": 135, "Id": 0, "Nama": null, "Luas": 1289.270566006544 }, "geometry": { "type": "MultiPolygon", "coordinates": [ [ [ [ 112.795485603338562, -7.275879021711878 ], [ 112.795756253121041, -7.275884838371494 ], [ 112.795756435765611, -7.275930768699137 ], [ 112.79578634064535, -7.275932181164717 ], [ 112.795787618210113, -7.275867872627819 ], [ 112.795856609321248, -7.275866068045501 ], [ 112.795855340899067, -7.275932673096439 ], [ 112.795882930649242, -7.275930267147802 ], [ 112.795885069208467, -7.275889686241818 ], [ 112.796105108824392, -7.27589264129277 ], [ 112.796103937870086, -7.27598374250537 ], [ 112.796011959859527, -7.275988700353108 ], [ 112.796009295198729, -7.27608975921946 ], [ 112.79571718865202, -7.276086324367662 ], [ 112.795719363752539, -7.276054929524561 ], [ 112.79565344523877, -7.276058252946249 ], [ 112.79552159907, -7.276062603244857 ], [ 112.795519837518327, -7.27600519640668 ], [ 112.795483017688596, -7.275999983749147 ], [ 112.795485603338562, -7.275879021711878 ] ] ] ] } },
{ "type": "Feature", "properties": { "id": 136, "Id": 0, "Nama": null, "Luas": 1055.3760687922531 }, "geometry": { "type": "MultiPolygon", "coordinates": [ [ [ [ 112.798263544808449, -7.282173840171249 ], [ 112.798672349173415, -7.282169918962095 ], [ 112.798672522621359, -7.28235766110733 ], [ 112.798474153122044, -7.282358449528562 ], [ 112.798476122951527, -7.282419874376702 ], [ 112.798315681766724, -7.28241534475895 ], [ 112.798312548260711, -7.282350479705928 ], [ 112.798259649720052, -7.28235068991781 ], [ 112.798260655526661, -7.282314515275193 ], [ 112.798253753429208, -7.282313968565417 ], [ 112.798254982661945, -7.282208820014707 ], [ 112.798264024804951, -7.282207712360808 ], [ 112.798263544808449, -7.282173840171249 ] ] ] ] } },
{ "type": "Feature", "properties": { "id": 137, "Id": 0, "Nama": null, "Luas": 586.48046314853127 }, "geometry": { "type": "MultiPolygon", "coordinates": [ [ [ [ 112.796041543614535, -7.288801759168944 ], [ 112.796261407265916, -7.28876788996798 ], [ 112.796254593413963, -7.288710972669164 ], [ 112.796328247189692, -7.288697483397399 ], [ 112.79637457778027, -7.28869347227921 ], [ 112.796379343977804, -7.288735174013281 ], [ 112.796333455631412, -7.28873918391248 ], [ 112.796336330854231, -7.288763286271769 ], [ 112.79628466495214, -7.288770708526799 ], [ 112.796295526073564, -7.288841246036637 ], [ 112.796328470987348, -7.288835756529352 ], [ 112.796337608256152, -7.288896961578746 ], [ 112.796305582717238, -7.288902294331717 ], [ 112.796316327149356, -7.288977214887043 ], [ 112.796210976545296, -7.288993900672733 ], [ 112.796202159092559, -7.288945612445319 ], [ 112.796197365576063, -7.288945153040752 ], [ 112.796189974171185, -7.288893988458522 ], [ 112.796057315209509, -7.288911739589071 ], [ 112.796047048855726, -7.28886058642095 ], [ 112.796041783804071, -7.288862042680164 ], [ 112.796037362698286, -7.288834788698562 ], [ 112.796045023554314, -7.288833322922441 ], [ 112.796041543614535, -7.288801759168944 ] ] ] ] } },
{ "type": "Feature", "properties": { "id": 138, "Id": 0, "Nama": null, "Luas": 238.57670619644341 }, "geometry": { "type": "MultiPolygon", "coordinates": [ [ [ [ 112.796000163356467, -7.288493954043956 ], [ 112.796035795366251, -7.288489410786101 ], [ 112.796032625043395, -7.288463395799957 ], [ 112.79604296576133, -7.288461058173926 ], [ 112.79603841032889, -7.288424140071961 ], [ 112.79612039761605, -7.288412523024077 ], [ 112.796125127943782, -7.288445230085382 ], [ 112.796127242349968, -7.288446752720233 ], [ 112.796138358873378, -7.288446708561428 ], [ 112.796153729590955, -7.288552288846861 ], [ 112.796141855558332, -7.288554632566799 ], [ 112.796147371611767, -7.288592120986856 ], [ 112.796064995628967, -7.288602399936485 ], [ 112.79605949025661, -7.288567590780977 ], [ 112.796047991926173, -7.288568019213669 ], [ 112.796043288287024, -7.28854201031865 ], [ 112.796008419118124, -7.288545593651675 ], [ 112.796000163356467, -7.288493954043956 ] ] ] ] } },
{ "type": "Feature", "properties": { "id": 139, "Id": 0, "Nama": null, "Luas": 707.69261986547554 }, "geometry": { "type": "MultiPolygon", "coordinates": [ [ [ [ 112.792541776207742, -7.290311593317122 ], [ 112.792585444465118, -7.290310260392455 ], [ 112.792585441039748, -7.290309399197886 ], [ 112.792585785809067, -7.290309340416826 ], [ 112.792624515669303, -7.290307751485014 ], [ 112.792624544290874, -7.290314947244146 ], [ 112.792646778690568, -7.290315165278513 ], [ 112.792647086443367, -7.290276888140055 ], [ 112.792649633118742, -7.290275532897776 ], [ 112.792971738481768, -7.290276013957658 ], [ 112.792995301893953, -7.290273049803356 ], [ 112.79304876280797, -7.290269392921672 ], [ 112.793056479877947, -7.290330221008175 ], [ 112.793059948127322, -7.290334800360334 ], [ 112.793061191771613, -7.290358335111668 ], [ 112.79305833963366, -7.290364087811293 ], [ 112.793050294257924, -7.290365268001103 ], [ 112.793051471660334, -7.290372152994616 ], [ 112.793043465115701, -7.290383093387305 ], [ 112.793023915250302, -7.29038317093242 ], [ 112.793023367664304, -7.290390062768238 ], [ 112.792544439276469, -7.290402870826149 ], [ 112.792541776207742, -7.290311593317122 ] ] ] ] } },
{ "type": "Feature", "properties": { "id": 140, "Id": 0, "Nama": null, "Luas": 1510.4054921663364 }, "geometry": { "type": "MultiPolygon", "coordinates": [ [ [ [ 112.793052023694784, -7.290274363510779 ], [ 112.793060678809809, -7.290272279026674 ], [ 112.793051072763177, -7.290208779118916 ], [ 112.79305505513706, -7.29020769159742 ], [ 112.79305512380347, -7.290186409919186 ], [ 112.793259098091895, -7.290157735955503 ], [ 112.793257958366979, -7.290141052181769 ], [ 112.793306539689453, -7.29013458221367 ], [ 112.793312380507075, -7.290176662538221 ], [ 112.793343797765161, -7.290172557209685 ], [ 112.793339181165408, -7.290129859615218 ], [ 112.793387917643216, -7.290123848334251 ], [ 112.793392036479247, -7.290157055477943 ], [ 112.793425339281896, -7.290191486497534 ], [ 112.793416164881862, -7.290125688342618 ], [ 112.79341823293062, -7.290124591667203 ], [ 112.793414777887392, -7.2900992475887 ], [ 112.793591741010076, -7.290076536860123 ], [ 112.7936082289891, -7.290186036202001 ], [ 112.793604886272291, -7.290188920157249 ], [ 112.793628408766793, -7.29032016100189 ], [ 112.793629446113329, -7.290340012507948 ], [ 112.793447696975278, -7.290364177609975 ], [ 112.793439326539755, -7.290307753863925 ], [ 112.793338283075386, -7.290323225868333 ], [ 112.79334129132063, -7.290356705349904 ], [ 112.793335544217229, -7.29035744582294 ], [ 112.793336531100749, -7.290364618639781 ], [ 112.793180164239942, -7.290385333800974 ], [ 112.79317749457617, -7.29037673231204 ], [ 112.793068778749145, -7.2903907993504 ], [ 112.793052023694784, -7.290274363510779 ] ] ] ] } },
{ "type": "Feature", "properties": { "id": 141, "Id": 0, "Nama": null, "Luas": 138.29196395892359 }, "geometry": { "type": "MultiPolygon", "coordinates": [ [ [ [ 112.794452341174178, -7.284935971560516 ], [ 112.794535906188827, -7.284935640069715 ], [ 112.794537190635182, -7.285065772992003 ], [ 112.794446725730722, -7.285066131859542 ], [ 112.794452341174178, -7.284935971560516 ] ] ] ] } },
{ "type": "Feature", "properties": { "id": 142, "Id": 0, "Nama": null, "Luas": 98.283730437513441 }, "geometry": { "type": "MultiPolygon", "coordinates": [ [ [ [ 112.793616965881355, -7.284839767173136 ], [ 112.79376160064254, -7.284700921989939 ], [ 112.793789977469686, -7.284727602603903 ], [ 112.793645354128955, -7.284869318443647 ], [ 112.793616965881355, -7.284839767173136 ] ] ] ] } },
{ "type": "Feature", "properties": { "id": 143, "Id": 0, "Nama": null, "Luas": 98.546844129916281 }, "geometry": { "type": "MultiPolygon", "coordinates": [ [ [ [ 112.793774016867189, -7.284690346884547 ], [ 112.793921501735142, -7.284545270537722 ], [ 112.793948444892195, -7.284572913724521 ], [ 112.793800963833831, -7.284718946962561 ], [ 112.793774016867189, -7.284690346884547 ] ] ] ] } },
{ "type": "Feature", "properties": { "id": 144, "Id": 0, "Nama": null, "Luas": 99.95792391570285 }, "geometry": { "type": "MultiPolygon", "coordinates": [ [ [ [ 112.793760539579665, -7.284675089962077 ], [ 112.793733130585622, -7.284650797751569 ], [ 112.793876289728288, -7.284502389429053 ], [ 112.793904695088031, -7.2845362466557 ], [ 112.793760539579665, -7.284675089962077 ] ] ] ] } },
{ "type": "Feature", "properties": { "id": 145, "Id": 0, "Nama": null, "Luas": 104.08889348339289 }, "geometry": { "type": "MultiPolygon", "coordinates": [ [ [ [ 112.793748610123018, -7.284687576932216 ], [ 112.793605418539912, -7.284827851735821 ], [ 112.793576075788167, -7.284799261143544 ], [ 112.793717341233872, -7.284656601742197 ], [ 112.793748610123018, -7.284687576932216 ] ] ] ] } },
{ "type": "Feature", "properties": { "id": 146, "Id": 0, "Nama": null, "Luas": 476.65751333208755 }, "geometry": { "type": "MultiPolygon", "coordinates": [ [ [ [ 112.793555895412467, -7.285225517866395 ], [ 112.793697256005686, -7.285203140092593 ], [ 112.793735155951211, -7.285479724589965 ], [ 112.793598958769365, -7.285499211228966 ], [ 112.793555895412467, -7.285225517866395 ] ] ] ] } },
{ "type": "Feature", "properties": { "id": 147, "Id": 0, "Nama": null, "Luas": 334.69535859313328 }, "geometry": { "type": "MultiPolygon", "coordinates": [ [ [ [ 112.795412022173252, -7.281067997460999 ], [ 112.79546867775727, -7.28101588593881 ], [ 112.795529359201765, -7.281083470063327 ], [ 112.79553472875935, -7.281084214279189 ], [ 112.795642815957024, -7.280979238758366 ], [ 112.795708042652777, -7.28104270930331 ], [ 112.795546509588775, -7.28119721916117 ], [ 112.795489341788524, -7.281136013175745 ], [ 112.795480171749631, -7.281143513349032 ], [ 112.795412022173252, -7.281067997460999 ] ] ] ] } },
{ "type": "Feature", "properties": { "id": 148, "Id": 0, "Nama": null, "Luas": 785.97315088540563 }, "geometry": { "type": "MultiPolygon", "coordinates": [ [ [ [ 112.792754773099304, -7.276650656784354 ], [ 112.792791594365696, -7.276650419159796 ], [ 112.792791869411559, -7.276642456676331 ], [ 112.792794920159423, -7.276638463902071 ], [ 112.79285266857076, -7.276639551982624 ], [ 112.792851429193178, -7.276761848499852 ], [ 112.792886516574114, -7.276765154425889 ], [ 112.792885968458521, -7.276916729292854 ], [ 112.792894593142407, -7.276916695147335 ], [ 112.79289364608195, -7.276967797267759 ], [ 112.79288501911735, -7.27696725728354 ], [ 112.792882173380661, -7.277119415385094 ], [ 112.792742446594033, -7.277118246143721 ], [ 112.792743587957091, -7.276971262030331 ], [ 112.792710239172365, -7.276971394048626 ], [ 112.792710008941555, -7.276913406915436 ], [ 112.792743353162919, -7.276912126638146 ], [ 112.792745671853226, -7.276772027531704 ], [ 112.792752541965015, -7.276764536527692 ], [ 112.792754773099304, -7.276650656784354 ] ] ] ] } },
{ "type": "Feature", "properties": { "id": 149, "Id": 0, "Nama": null, "Luas": 4639.0406774477451 }, "geometry": { "type": "MultiPolygon", "coordinates": [ [ [ [ 112.792753225192456, -7.277720431299431 ], [ 112.79275183310699, -7.277804261108423 ], [ 112.79286740866327, -7.277804951783504 ], [ 112.792863066047516, -7.278014529708021 ], [ 112.792729666045702, -7.278013909616941 ], [ 112.792728296328235, -7.278248163761282 ], [ 112.792855376172767, -7.2782499571399 ], [ 112.79285656489597, -7.278259712795602 ], [ 112.792858225608271, -7.278388313350927 ], [ 112.792716207622618, -7.278389449824544 ], [ 112.792724306691966, -7.278691414878312 ], [ 112.79284564141048, -7.278694379256089 ], [ 112.792848479477769, -7.278829864814949 ], [ 112.792717972381624, -7.278833826434579 ], [ 112.792717647834451, -7.27904166604042 ], [ 112.792571588800229, -7.279038799546384 ], [ 112.79257230705052, -7.278856963994196 ], [ 112.792550992578995, -7.278856589074459 ], [ 112.792550233351136, -7.27881984718059 ], [ 112.792549096334895, -7.278765193643636 ], [ 112.792545262517677, -7.27876505571903 ], [ 112.792545426302226, -7.27872907568918 ], [ 112.792572706590249, -7.278725905603959 ], [ 112.79257137235227, -7.27869881152312 ], [ 112.792561101177014, -7.278699311500772 ], [ 112.792560500965124, -7.278596428157252 ], [ 112.79257238086943, -7.278595615603312 ], [ 112.792572270829751, -7.278519638303275 ], [ 112.792564793796032, -7.278519093767209 ], [ 112.792563908157945, -7.278392595299496 ], [ 112.79257329723292, -7.278391983987956 ], [ 112.792574011596997, -7.278330548279758 ], [ 112.792549480601423, -7.278331028159139 ], [ 112.792549799167986, -7.278362987306281 ], [ 112.792505329420379, -7.278362015084443 ], [ 112.792503282874833, -7.278329297258711 ], [ 112.792480673040487, -7.278330917806742 ], [ 112.792481119431756, -7.278346800554472 ], [ 112.791975890675943, -7.278345738348094 ], [ 112.791975260238729, -7.278331770121533 ], [ 112.791952453417935, -7.278332051765008 ], [ 112.791950493288709, -7.278369378574252 ], [ 112.791916756507547, -7.278368363815922 ], [ 112.791920069886018, -7.278285674648525 ], [ 112.791909911129125, -7.278285523473261 ], [ 112.791910064279648, -7.278227534800878 ], [ 112.791948591038462, -7.278228147845643 ], [ 112.791951288716007, -7.278231773384438 ], [ 112.791975056871905, -7.278232253456536 ], [ 112.791975290539398, -7.278194550720937 ], [ 112.79197700788535, -7.278192630126661 ], [ 112.792566958950545, -7.278195538692831 ], [ 112.79256825514139, -7.278135823097847 ], [ 112.792578955472251, -7.278135605303927 ], [ 112.792578362176087, -7.277943709323615 ], [ 112.792530362581118, -7.277941908997955 ], [ 112.792530798857555, -7.277935936224338 ], [ 112.792529414649493, -7.277934869977834 ], [ 112.792528475228409, -7.277929974376573 ], [ 112.79252962175147, -7.27787117799504 ], [ 112.792530991977884, -7.277868722910577 ], [ 112.792533654640309, -7.277723217869142 ], [ 112.792592999268933, -7.27772466707976 ], [ 112.79259322446697, -7.277704150285338 ], [ 112.792672502339357, -7.277705673677445 ], [ 112.7926726927506, -7.277715012252147 ], [ 112.792752893021543, -7.277717144392855 ], [ 112.792753225192456, -7.277720431299431 ] ] ] ] } },
{ "type": "Feature", "properties": { "id": 150, "Id": 0, "Nama": null, "Luas": 2502.1242645620641 }, "geometry": { "type": "MultiPolygon", "coordinates": [ [ [ [ 112.792543571878767, -7.27883065461104 ], [ 112.792516545469468, -7.278830187476738 ], [ 112.792517175167774, -7.278843964321347 ], [ 112.792447595565875, -7.278842517381527 ], [ 112.792446810845362, -7.278789699691756 ], [ 112.79194830413725, -7.27879224717578 ], [ 112.791947199756635, -7.278803734331783 ], [ 112.791911560011783, -7.278806171948301 ], [ 112.79191137084814, -7.278758519138604 ], [ 112.79181246261885, -7.278756039896543 ], [ 112.791813779634921, -7.27865326375153 ], [ 112.791631489989257, -7.278648817888513 ], [ 112.791634930013331, -7.278356567347455 ], [ 112.79191118184184, -7.278363259452812 ], [ 112.791911222559037, -7.278373517246541 ], [ 112.791928708061349, -7.278374979082611 ], [ 112.791928485090622, -7.278434690448206 ], [ 112.791989211001166, -7.278436440456874 ], [ 112.791990259554382, -7.278459172220797 ], [ 112.79200866123098, -7.278459673528075 ], [ 112.792009336065107, -7.27858138837463 ], [ 112.791989382313773, -7.278580988901449 ], [ 112.79199056909377, -7.278648196770926 ], [ 112.792454048465515, -7.278647893129818 ], [ 112.792455514374609, -7.27866712098593 ], [ 112.792537206781518, -7.278666079883165 ], [ 112.792543571878767, -7.27883065461104 ] ] ] ] } },
{ "type": "Feature", "properties": { "id": 151, "Id": 0, "Nama": null, "Luas": 118.9917838076617 }, "geometry": { "type": "MultiPolygon", "coordinates": [ [ [ [ 112.791720790097216, -7.2786651362324 ], [ 112.791805750440147, -7.278668933805987 ], [ 112.791805517979455, -7.278803512975755 ], [ 112.791741260597917, -7.278800552099427 ], [ 112.791742629993706, -7.27872062648816 ], [ 112.791720087069322, -7.27871979707765 ], [ 112.791720790097216, -7.2786651362324 ] ] ] ] } },
{ "type": "Feature", "properties": { "id": 152, "Id": 0, "Nama": null, "Luas": 112.34139791957568 }, "geometry": { "type": "MultiPolygon", "coordinates": [ [ [ [ 112.792427426272468, -7.278539250200679 ], [ 112.792475954507381, -7.278500399381524 ], [ 112.792532010522308, -7.278523143016775 ], [ 112.792540279118853, -7.278578227631182 ], [ 112.792491747844764, -7.278616312951065 ], [ 112.792437243338654, -7.27859815628367 ], [ 112.792427426272468, -7.278539250200679 ] ] ] ] } },
{ "type": "Feature", "properties": { "id": 153, "Id": 0, "Nama": null, "Luas": 229.95525505637488 }, "geometry": { "type": "MultiPolygon", "coordinates": [ [ [ [ 112.792421552422795, -7.278623882420847 ], [ 112.792309242454934, -7.278625092551755 ], [ 112.792308202635496, -7.278459744595263 ], [ 112.792365687064674, -7.278456072200096 ], [ 112.792422051924135, -7.278460059418185 ], [ 112.792421552422795, -7.278623882420847 ] ] ] ] } },
{ "type": "Feature", "properties": { "id": 154, "Id": 0, "Nama": null, "Luas": 5563.6758100996594 }, "geometry": { "type": "MultiPolygon", "coordinates": [ [ [ [ 112.791977350633985, -7.276731950852955 ], [ 112.79197288442937, -7.277127837559567 ], [ 112.791627510711237, -7.27732173218894 ], [ 112.791286311719318, -7.277118688348032 ], [ 112.791286546886624, -7.276984721537341 ], [ 112.791258179711647, -7.276984450984243 ], [ 112.791257668173586, -7.277048756631314 ], [ 112.791125797068034, -7.277046981671234 ], [ 112.791126684353003, -7.276980760735201 ], [ 112.791062669960297, -7.276981013919305 ], [ 112.791064835466358, -7.276850484294975 ], [ 112.791129429248315, -7.276851345205907 ], [ 112.791130133230297, -7.276787230172872 ], [ 112.791261906911089, -7.276788622775585 ], [ 112.791260823424423, -7.276853696204611 ], [ 112.791289379213978, -7.27685320049414 ], [ 112.79129154727913, -7.276720109573792 ], [ 112.791636743211399, -7.27652782835043 ], [ 112.791639099941165, -7.27652764678521 ], [ 112.791977350633985, -7.276731950852955 ] ] ] ] } },
{ "type": "Feature", "properties": { "id": 155, "Id": 0, "Nama": null, "Luas": 240.77117980218827 }, "geometry": { "type": "MultiPolygon", "coordinates": [ [ [ [ 112.791859471861827, -7.277940214996565 ], [ 112.791772822636162, -7.277939840212163 ], [ 112.791772978354032, -7.277797979338851 ], [ 112.791767228549986, -7.277798002091054 ], [ 112.791762658583053, -7.277793474904904 ], [ 112.791761418309918, -7.277722430071003 ], [ 112.791860366633074, -7.277722995422518 ], [ 112.791859471861827, -7.277940214996565 ] ] ] ] } },
{ "type": "Feature", "properties": { "id": 156, "Id": 0, "Nama": null, "Luas": 70.862123835759121 }, "geometry": { "type": "MultiPolygon", "coordinates": [ [ [ [ 112.791775594723219, -7.277716728271602 ], [ 112.791774845943522, -7.277648791414488 ], [ 112.791861815496034, -7.277649404169029 ], [ 112.791860643890104, -7.277716391723368 ], [ 112.791775594723219, -7.277716728271602 ] ] ] ] } },
{ "type": "Feature", "properties": { "id": 157, "Id": 0, "Nama": null, "Luas": 116.88942550926004 }, "geometry": { "type": "MultiPolygon", "coordinates": [ [ [ [ 112.791549607594817, -7.278346520377022 ], [ 112.791556739250524, -7.278091000134626 ], [ 112.791594118701042, -7.278092287581378 ], [ 112.791586988965591, -7.278348286261115 ], [ 112.791549607594817, -7.278346520377022 ] ] ] ] } },
{ "type": "Feature", "properties": { "id": 158, "Id": 0, "Nama": null, "Luas": 291.69376462817308 }, "geometry": { "type": "MultiPolygon", "coordinates": [ [ [ [ 112.791595313118421, -7.278031041322434 ], [ 112.791518639523161, -7.278028952448793 ], [ 112.791525617452649, -7.277734678399493 ], [ 112.791562515825035, -7.277735489309842 ], [ 112.791563045705914, -7.277720097088065 ], [ 112.791615175739636, -7.277719508070903 ], [ 112.791615099516989, -7.277748598100671 ], [ 112.791603984748377, -7.277749024837617 ], [ 112.791595313118421, -7.278031041322434 ] ] ] ] } },
{ "type": "Feature", "properties": { "id": 159, "Id": 0, "Nama": null, "Luas": 111.37149705388583 }, "geometry": { "type": "MultiPolygon", "coordinates": [ [ [ [ 112.792894315700082, -7.277907695544914 ], [ 112.792899266958827, -7.27772670254978 ], [ 112.792949186487746, -7.277728538299642 ], [ 112.792945113216206, -7.277909408201695 ], [ 112.792894315700082, -7.277907695544914 ] ] ] ] } },
{ "type": "Feature", "properties": { "id": 160, "Id": 0, "Nama": null, "Luas": 115.6923821492237 }, "geometry": { "type": "MultiPolygon", "coordinates": [ [ [ [ 112.79289827065891, -7.277717137511593 ], [ 112.792902340166577, -7.277535310721078 ], [ 112.792955529588937, -7.277536057017972 ], [ 112.792949539703059, -7.277716934509455 ], [ 112.79289827065891, -7.277717137511593 ] ] ] ] } },
{ "type": "Feature", "properties": { "id": 161, "Id": 0, "Nama": null, "Luas": 134.81648983966079 }, "geometry": { "type": "MultiPolygon", "coordinates": [ [ [ [ 112.792902309767328, -7.277527655655011 ], [ 112.792909620485219, -7.277357617776739 ], [ 112.792902433241679, -7.277357646233303 ], [ 112.792903743396764, -7.27732558495257 ], [ 112.792963644687518, -7.27732726157841 ], [ 112.792963212087159, -7.277338985295181 ], [ 112.792966087934332, -7.277339213133037 ], [ 112.792965841333597, -7.277357554659789 ], [ 112.792962966436278, -7.277357566042784 ], [ 112.792955502988789, -7.277529358835342 ], [ 112.792902309767328, -7.277527655655011 ] ] ] ] } },
{ "type": "Feature", "properties": { "id": 162, "Id": 0, "Nama": null, "Luas": 108.90922269120711 }, "geometry": { "type": "MultiPolygon", "coordinates": [ [ [ [ 112.792104234266588, -7.2772200938881 ], [ 112.792104515278425, -7.277146028814671 ], [ 112.792225851894443, -7.277149567591475 ], [ 112.792225566344712, -7.277222484399739 ], [ 112.792104234266588, -7.2772200938881 ] ] ] ] } },
{ "type": "Feature", "properties": { "id": 163, "Id": 0, "Nama": null, "Luas": 214.54436743529732 }, "geometry": { "type": "MultiPolygon", "coordinates": [ [ [ [ 112.793966172656624, -7.280309472161371 ], [ 112.794098047570671, -7.28031201156388 ], [ 112.794097816521983, -7.280446743659995 ], [ 112.793965929396535, -7.280441142242825 ], [ 112.793966172656624, -7.280309472161371 ] ] ] ] } },
{ "type": "Feature", "properties": { "id": 164, "Id": 0, "Nama": null, "Luas": 571.2784643275736 }, "geometry": { "type": "MultiPolygon", "coordinates": [ [ [ [ 112.795495656983604, -7.282348621770303 ], [ 112.795759953522591, -7.282088869012356 ], [ 112.79574825601982, -7.28207773887634 ], [ 112.795760933598402, -7.282065440292641 ], [ 112.795587242319812, -7.281886019190286 ], [ 112.795587453578733, -7.281881310419952 ], [ 112.795591912410941, -7.281874747554927 ], [ 112.795605200025918, -7.281860417934344 ], [ 112.795610641052932, -7.281855037724188 ], [ 112.795675983242788, -7.281922206189813 ], [ 112.795773861683656, -7.282022177133396 ], [ 112.795788870692036, -7.282037045163229 ], [ 112.795802045064903, -7.282024361848914 ], [ 112.795848801619258, -7.28207010734535 ], [ 112.795834868979682, -7.282084898842664 ], [ 112.796092939913422, -7.282348360857077 ], [ 112.796142927921082, -7.282350282812064 ], [ 112.796142283334106, -7.282387974416155 ], [ 112.796072647700541, -7.28238815260177 ], [ 112.79603382385379, -7.282346681692881 ], [ 112.79580763382279, -7.282110997508235 ], [ 112.795794117199492, -7.282124371146939 ], [ 112.79578711207968, -7.282117203081998 ], [ 112.795761223620417, -7.282142644436243 ], [ 112.79552259452845, -7.282377927663978 ], [ 112.795495656983604, -7.282348621770303 ] ] ] ] } },
{ "type": "Feature", "properties": { "id": 165, "Id": 0, "Nama": null, "Luas": 57.995127141010016 }, "geometry": { "type": "MultiPolygon", "coordinates": [ [ [ [ 112.795153693465281, -7.281578846424093 ], [ 112.795209177759901, -7.281525212351247 ], [ 112.795248272852689, -7.281485556567547 ], [ 112.795281533857334, -7.281521097748168 ], [ 112.795262218133459, -7.281541384032646 ], [ 112.795249239876412, -7.281531101026841 ], [ 112.795175635369631, -7.281602011987217 ], [ 112.795153693465281, -7.281578846424093 ] ] ] ] } },
{ "type": "Feature", "properties": { "id": 166, "Id": 0, "Nama": null, "Luas": 65.892747537698597 }, "geometry": { "type": "MultiPolygon", "coordinates": [ [ [ [ 112.795201449112596, -7.281448787736363 ], [ 112.795352061374047, -7.28130728722756 ], [ 112.795369869037273, -7.281327072198083 ], [ 112.795218535192632, -7.281467857902448 ], [ 112.795201449112596, -7.281448787736363 ] ] ] ] } },
{ "type": "Feature", "properties": { "id": 167, "Id": 0, "Nama": null, "Luas": 29.259631593944505 }, "geometry": { "type": "MultiPolygon", "coordinates": [ [ [ [ 112.79504179532735, -7.282417011357743 ], [ 112.794990686428477, -7.282361235612278 ], [ 112.795015898978846, -7.282339318351171 ], [ 112.795063556823607, -7.28239482071409 ], [ 112.79504179532735, -7.282417011357743 ] ] ] ] } },
{ "type": "Feature", "properties": { "id": 168, "Id": 0, "Nama": null, "Luas": 28.967309521976858 }, "geometry": { "type": "MultiPolygon", "coordinates": [ [ [ [ 112.794973378627844, -7.282346663739757 ], [ 112.794922852724824, -7.282292895153973 ], [ 112.794945194919052, -7.282272137558301 ], [ 112.794998010483184, -7.282323313437387 ], [ 112.794973378627844, -7.282346663739757 ] ] ] ] } },
{ "type": "Feature", "properties": { "id": 169, "Id": 0, "Nama": null, "Luas": 27.862151643959805 }, "geometry": { "type": "MultiPolygon", "coordinates": [ [ [ [ 112.794905817575511, -7.282274590297491 ], [ 112.794854716703853, -7.282220823980563 ], [ 112.794876480488327, -7.282199207475042 ], [ 112.794927869993472, -7.282253259713816 ], [ 112.794905817575511, -7.282274590297491 ] ] ] ] } },
{ "type": "Feature", "properties": { "id": 170, "Id": 0, "Nama": null, "Luas": 61.71589615684934 }, "geometry": { "type": "MultiPolygon", "coordinates": [ [ [ [ 112.794839544865553, -7.282203564316823 ], [ 112.794789970622006, -7.282152930556477 ], [ 112.794726923717803, -7.282213048943782 ], [ 112.794705004382948, -7.282190641356913 ], [ 112.794770402791571, -7.28212912400913 ], [ 112.794789797195165, -7.282147878827244 ], [ 112.794809501769024, -7.282128968941795 ], [ 112.794861235411489, -7.282182809309895 ], [ 112.794839544865553, -7.282203564316823 ] ] ] ] } },
{ "type": "Feature", "properties": { "id": 171, "Id": 0, "Nama": null, "Luas": 27.279854571679607 }, "geometry": { "type": "MultiPolygon", "coordinates": [ [ [ [ 112.794772667974016, -7.282131314490898 ], [ 112.794720471455506, -7.282078657515579 ], [ 112.79474254157158, -7.282056956870543 ], [ 112.794780420748253, -7.282097072877958 ], [ 112.794793890351713, -7.282110416017884 ], [ 112.794772667974016, -7.282131314490898 ] ] ] ] } },
{ "type": "Feature", "properties": { "id": 172, "Id": 0, "Nama": null, "Luas": 46.361073638545349 }, "geometry": { "type": "MultiPolygon", "coordinates": [ [ [ [ 112.794764455848963, -7.281957531274111 ], [ 112.794785819350722, -7.281979837942641 ], [ 112.794699516393933, -7.282062664746278 ], [ 112.794676807453058, -7.282039406512086 ], [ 112.794764455848963, -7.281957531274111 ] ] ] ] } },
{ "type": "Feature", "properties": { "id": 173, "Id": 0, "Nama": null, "Luas": 81.897066811623517 }, "geometry": { "type": "MultiPolygon", "coordinates": [ [ [ [ 112.798339381392353, -7.285311132466942 ], [ 112.798212336533467, -7.285318527170651 ], [ 112.798210391810642, -7.285263417732083 ], [ 112.798336879981008, -7.285260618342902 ], [ 112.798339381392353, -7.285311132466942 ] ] ] ] } },
{ "type": "Feature", "properties": { "id": 174, "Id": 0, "Nama": null, "Luas": 47.97374714302714 }, "geometry": { "type": "MultiPolygon", "coordinates": [ [ [ [ 112.798180686094341, -7.28515827733367 ], [ 112.79817852072361, -7.285095896366119 ], [ 112.798240992033328, -7.285092968725481 ], [ 112.798243924062845, -7.285155346642988 ], [ 112.798180686094341, -7.28515827733367 ] ] ] ] } },
{ "type": "Feature", "properties": { "id": 175, "Id": 0, "Nama": null, "Luas": 132.01736991033249 }, "geometry": { "type": "MultiPolygon", "coordinates": [ [ [ [ 112.798470389621301, -7.28523061517973 ], [ 112.798371879629642, -7.285232155100666 ], [ 112.798373820918854, -7.285142199231936 ], [ 112.798354648558416, -7.285140744419911 ], [ 112.79835534500377, -7.28512313477885 ], [ 112.798466886498915, -7.285121160299352 ], [ 112.798470389621301, -7.28523061517973 ] ] ] ] } },
{ "type": "Feature", "properties": { "id": 176, "Id": 0, "Nama": null, "Luas": 30.895661183142693 }, "geometry": { "type": "MultiPolygon", "coordinates": [ [ [ [ 112.798297412892296, -7.285218974869382 ], [ 112.798296750596904, -7.285173046529706 ], [ 112.798352331789445, -7.28517258634507 ], [ 112.798352274401864, -7.285218278320608 ], [ 112.798297412892296, -7.285218974869382 ] ] ] ] } },
{ "type": "Feature", "properties": { "id": 177, "Id": 0, "Nama": null, "Luas": 30.980701045977185 }, "geometry": { "type": "MultiPolygon", "coordinates": [ [ [ [ 112.798348533988232, -7.28512140754809 ], [ 112.798350154600328, -7.285167332076731 ], [ 112.798294334783989, -7.285168032433404 ], [ 112.798293912068488, -7.285122103141121 ], [ 112.798348533988232, -7.28512140754809 ] ] ] ] } },
{ "type": "Feature", "properties": { "id": 179, "Id": 0, "Nama": null, "Luas": 201.19398464695041 }, "geometry": { "type": "MultiPolygon", "coordinates": [ [ [ [ 112.798372490477504, -7.285020838309835 ], [ 112.798262067847418, -7.285027018651635 ], [ 112.798262291210847, -7.285022950958748 ], [ 112.798235462273453, -7.285024014504784 ], [ 112.798231177883551, -7.28491087866631 ], [ 112.798258716964469, -7.284907659284788 ], [ 112.798258944143299, -7.284904548471985 ], [ 112.798367214356787, -7.284899333590094 ], [ 112.798372490477504, -7.285020838309835 ] ] ] ] } },
{ "type": "Feature", "properties": { "id": 180, "Id": 0, "Nama": null, "Luas": 62.003039580304176 }, "geometry": { "type": "MultiPolygon", "coordinates": [ [ [ [ 112.798334616478215, -7.284895635597806 ], [ 112.798327949645994, -7.284785858369622 ], [ 112.798373461836903, -7.284783763653984 ], [ 112.79838132657018, -7.284893536116654 ], [ 112.798334616478215, -7.284895635597806 ] ] ] ] } },
{ "type": "Feature", "properties": { "id": 181, "Id": 0, "Nama": null, "Luas": 58.590922414325178 }, "geometry": { "type": "MultiPolygon", "coordinates": [ [ [ [ 112.798274955815302, -7.284894437422047 ], [ 112.798267819379276, -7.284787054294447 ], [ 112.798312852416018, -7.284784961489538 ], [ 112.798319267266805, -7.284891629810947 ], [ 112.798274955815302, -7.284894437422047 ] ] ] ] } },
{ "type": "Feature", "properties": { "id": 182, "Id": 0, "Nama": null, "Luas": 60.212804268870968 }, "geometry": { "type": "MultiPolygon", "coordinates": [ [ [ [ 112.798271601722249, -7.284894450755234 ], [ 112.798226571534812, -7.284897261218875 ], [ 112.798220863994246, -7.284787719393394 ], [ 112.798266618262701, -7.284787151170224 ], [ 112.798271601722249, -7.284894450755234 ] ] ] ] } },
{ "type": "Feature", "properties": { "id": 183, "Id": 0, "Nama": null, "Luas": 31.118253660017217 }, "geometry": { "type": "MultiPolygon", "coordinates": [ [ [ [ 112.79811464377012, -7.28463256597098 ], [ 112.798111754503765, -7.284580905104527 ], [ 112.798163118485533, -7.284580318188364 ], [ 112.798163318380901, -7.284630458710321 ], [ 112.79811464377012, -7.28463256597098 ] ] ] ] } },
{ "type": "Feature", "properties": { "id": 184, "Id": 0, "Nama": null, "Luas": 70.189439150039107 }, "geometry": { "type": "MultiPolygon", "coordinates": [ [ [ [ 112.798080691471057, -7.28457758374546 ], [ 112.798066400468628, -7.28445439241808 ], [ 112.798111999310223, -7.284450000843196 ], [ 112.798127815993595, -7.284571272311325 ], [ 112.798080691471057, -7.28457758374546 ] ] ] ] } },
{ "type": "Feature", "properties": { "id": 185, "Id": 0, "Nama": null, "Luas": 61.150661738549388 }, "geometry": { "type": "MultiPolygon", "coordinates": [ [ [ [ 112.798383742365459, -7.284572575478269 ], [ 112.798441627435196, -7.284573110881881 ], [ 112.798446931148987, -7.284653468994881 ], [ 112.798384082687576, -7.284657929180756 ], [ 112.798383742365459, -7.284572575478269 ] ] ] ] } },
{ "type": "Feature", "properties": { "id": 186, "Id": 0, "Nama": null, "Luas": 145.38861108706988 }, "geometry": { "type": "MultiPolygon", "coordinates": [ [ [ [ 112.797923663631323, -7.28358378744095 ], [ 112.798043264111215, -7.283584173371559 ], [ 112.798045934778258, -7.283677172996057 ], [ 112.797924330976173, -7.28367909158209 ], [ 112.797923410146197, -7.283664454739932 ], [ 112.797916219389691, -7.283663622108339 ], [ 112.797916186209889, -7.283655297249189 ], [ 112.797912445369036, -7.283654450908378 ], [ 112.797912335532899, -7.283626892753929 ], [ 112.797916634197492, -7.283623430848336 ], [ 112.797916872493033, -7.283611085949265 ], [ 112.797920513307417, -7.283610880102559 ], [ 112.797920877562547, -7.283606094177519 ], [ 112.797923367642383, -7.283605701524412 ], [ 112.797923663631323, -7.28358378744095 ] ] ] ] } },
{ "type": "Feature", "properties": { "id": 187, "Id": 0, "Nama": null, "Luas": 243.3000832197431 }, "geometry": { "type": "MultiPolygon", "coordinates": [ [ [ [ 112.798183262161885, -7.283364487955737 ], [ 112.798184878992956, -7.28348160552545 ], [ 112.798013521068356, -7.283479224446582 ], [ 112.798016116265657, -7.283360941853136 ], [ 112.798183262161885, -7.283364487955737 ] ] ] ] } },
{ "type": "Feature", "properties": { "id": 188, "Id": 0, "Nama": null, "Luas": 892.99658732963871 }, "geometry": { "type": "MultiPolygon", "coordinates": [ [ [ [ 112.797845038157732, -7.283621131728117 ], [ 112.797605253008001, -7.283618065506317 ], [ 112.797604408056543, -7.283550320649409 ], [ 112.797648684256799, -7.283550718875223 ], [ 112.797660944198668, -7.283164275698939 ], [ 112.797794510713075, -7.283171654512645 ], [ 112.797793490552394, -7.283238961077076 ], [ 112.797793872646608, -7.283334840497196 ], [ 112.797817537894105, -7.28350182043459 ], [ 112.797825789048005, -7.283552311734865 ], [ 112.797845913551399, -7.283552231769853 ], [ 112.797845038157732, -7.283621131728117 ] ] ] ] } },
{ "type": "Feature", "properties": { "id": 189, "Id": 0, "Nama": null, "Luas": 93.880787238445919 }, "geometry": { "type": "MultiPolygon", "coordinates": [ [ [ [ 112.797359042200156, -7.283313124055322 ], [ 112.797359370765122, -7.283275325365538 ], [ 112.797562064619385, -7.283277390843769 ], [ 112.797563173535494, -7.283315183818807 ], [ 112.797359042200156, -7.283313124055322 ] ] ] ] } },
{ "type": "Feature", "properties": { "id": 190, "Id": 0, "Nama": null, "Luas": 137.60492528867326 }, "geometry": { "type": "MultiPolygon", "coordinates": [ [ [ [ 112.798124941625744, -7.283727494727496 ], [ 112.79820640178022, -7.283728127872699 ], [ 112.798204561009001, -7.283867363463917 ], [ 112.798123093200616, -7.283864816564066 ], [ 112.798124941625744, -7.283727494727496 ] ] ] ] } },
{ "type": "Feature", "properties": { "id": 191, "Id": 0, "Nama": null, "Luas": 86.236148116346158 }, "geometry": { "type": "MultiPolygon", "coordinates": [ [ [ [ 112.796949303702519, -7.281811617706323 ], [ 112.797091617922348, -7.281812487951483 ], [ 112.797090953240541, -7.281862153493583 ], [ 112.796948926496924, -7.281861282110517 ], [ 112.796949303702519, -7.281811617706323 ] ] ] ] } },
{ "type": "Feature", "properties": { "id": 192, "Id": 0, "Nama": null, "Luas": 14.12811048058029 }, "geometry": { "type": "MultiPolygon", "coordinates": [ [ [ [ 112.796915107023267, -7.281815485382034 ], [ 112.796916068957927, -7.28184045655071 ], [ 112.796872091832796, -7.281842927713396 ], [ 112.796871979801452, -7.281814795412368 ], [ 112.796915107023267, -7.281815485382034 ] ] ] ] } },
{ "type": "Feature", "properties": { "id": 193, "Id": 0, "Nama": null, "Luas": 25.277828958984173 }, "geometry": { "type": "MultiPolygon", "coordinates": [ [ [ [ 112.796794580701103, -7.281789341570875 ], [ 112.796826378150357, -7.281789962329521 ], [ 112.796825951391156, -7.281803121345866 ], [ 112.796852122224266, -7.281803503378995 ], [ 112.796852501224791, -7.281832671018763 ], [ 112.796795572098958, -7.281831461703635 ], [ 112.796794580701103, -7.281789341570875 ] ] ] ] } },
{ "type": "Feature", "properties": { "id": 194, "Id": 0, "Nama": null, "Luas": 2527.5223972967869 }, "geometry": { "type": "MultiPolygon", "coordinates": [ [ [ [ 112.797171228079023, -7.280807287499187 ], [ 112.797238327664317, -7.280811614170557 ], [ 112.797238682023703, -7.280804340354138 ], [ 112.797349480274988, -7.280808493491206 ], [ 112.797350294175502, -7.280820355768541 ], [ 112.797460716726079, -7.280826424160756 ], [ 112.797457657111181, -7.280924422446714 ], [ 112.797446919529321, -7.280923316813467 ], [ 112.797446218440797, -7.280939778206425 ], [ 112.797456181756885, -7.280938973122729 ], [ 112.797478785542609, -7.280935821289485 ], [ 112.797498325803105, -7.280933447138267 ], [ 112.797489368489437, -7.280994341286114 ], [ 112.797473208863494, -7.281075550229205 ], [ 112.797663754880659, -7.281083596897121 ], [ 112.797659962223278, -7.281190018767288 ], [ 112.797464419253771, -7.281178547128667 ], [ 112.797468873634344, -7.281238239738577 ], [ 112.797474330981402, -7.281357255906155 ], [ 112.797412162671094, -7.281339895922231 ], [ 112.797389522274841, -7.281333861702109 ], [ 112.797369195532369, -7.281331263117689 ], [ 112.797372014472671, -7.281365317416175 ], [ 112.797181981206663, -7.281389803079844 ], [ 112.797169819256084, -7.281319806587754 ], [ 112.797116955862677, -7.281328819940633 ], [ 112.797092050593776, -7.281331598141151 ], [ 112.797115286102127, -7.281198305954386 ], [ 112.797132006657961, -7.281065422396006 ], [ 112.797129267005829, -7.281051271213102 ], [ 112.79712181999902, -7.280913890513474 ], [ 112.797153661619632, -7.280920270977166 ], [ 112.797208493401357, -7.280924263600938 ], [ 112.797209582393506, -7.280908948941189 ], [ 112.797165480574634, -7.28090414819578 ], [ 112.797171228079023, -7.280807287499187 ] ] ] ] } },
{ "type": "Feature", "properties": { "id": 195, "Id": 0, "Nama": null, "Luas": 86.759795420919545 }, "geometry": { "type": "MultiPolygon", "coordinates": [ [ [ [ 112.797115446558095, -7.281058120050389 ], [ 112.797066101482926, -7.281060229768919 ], [ 112.797058346426226, -7.280917683048055 ], [ 112.797108651695964, -7.280916047969688 ], [ 112.797115446558095, -7.281058120050389 ] ] ] ] } },
{ "type": "Feature", "properties": { "id": 196, "Id": 0, "Nama": null, "Luas": 401.36458867788315 }, "geometry": { "type": "MultiPolygon", "coordinates": [ [ [ [ 112.796328807841263, -7.28968086860919 ], [ 112.796486253242279, -7.28965440678804 ], [ 112.796527865037049, -7.289851744762557 ], [ 112.796358330965163, -7.289874809824105 ], [ 112.796328807841263, -7.28968086860919 ] ] ] ] } },
{ "type": "Feature", "properties": { "id": 197, "Id": 0, "Nama": null, "Luas": 256.87465669981611 }, "geometry": { "type": "MultiPolygon", "coordinates": [ [ [ [ 112.796462084838637, -7.289924723885187 ], [ 112.796442665713627, -7.289927810369551 ], [ 112.796363155565302, -7.289940447739131 ], [ 112.79632804039386, -7.289946028951729 ], [ 112.796227440368952, -7.289962018325181 ], [ 112.796227815774344, -7.289964400379058 ], [ 112.796193946839622, -7.289969741187695 ], [ 112.796177967944772, -7.289867895234947 ], [ 112.796352963714966, -7.289839551687163 ], [ 112.796358330965163, -7.289874809824105 ], [ 112.79636381131516, -7.289874064225049 ], [ 112.796367396146024, -7.289907092967145 ], [ 112.796457915804396, -7.289896207407923 ], [ 112.796462084838637, -7.289924723885187 ] ] ] ] } },
{ "type": "Feature", "properties": { "id": 198, "Id": 0, "Nama": null, "Luas": 100.69223751255777 }, "geometry": { "type": "MultiPolygon", "coordinates": [ [ [ [ 112.796240590391491, -7.289830566692975 ], [ 112.796191739707226, -7.289836741391415 ], [ 112.796183613314014, -7.289781512925793 ], [ 112.796180017693118, -7.289781048763764 ], [ 112.796171644096461, -7.289723907487072 ], [ 112.796262149432962, -7.289709433671131 ], [ 112.796268583511477, -7.289760841273186 ], [ 112.796242247723328, -7.289765491170584 ], [ 112.796246444536891, -7.289796573619731 ], [ 112.796237104693347, -7.289797567626045 ], [ 112.796240590391491, -7.289830566692975 ] ] ] ] } },
{ "type": "Feature", "properties": { "id": 199, "Id": 0, "Nama": null, "Luas": 161.64566893153824 }, "geometry": { "type": "MultiPolygon", "coordinates": [ [ [ [ 112.796201507894168, -7.289237018942073 ], [ 112.796310983535292, -7.289221369341314 ], [ 112.796328413745442, -7.289338711240765 ], [ 112.796216638103587, -7.289354369990351 ], [ 112.796201507894168, -7.289237018942073 ] ] ] ] } },
{ "type": "Feature", "properties": { "id": 200, "Id": 0, "Nama": null, "Luas": 1211.7387432335527 }, "geometry": { "type": "MultiPolygon", "coordinates": [ [ [ [ 112.796326652475685, -7.289185327791795 ], [ 112.796757647694662, -7.289120938483421 ], [ 112.796778795154978, -7.289257212104429 ], [ 112.796831474276004, -7.289249826024052 ], [ 112.796844292934466, -7.289340201735869 ], [ 112.796840465366188, -7.289341652291967 ], [ 112.796845913515156, -7.289386126295536 ], [ 112.796775031970611, -7.289395020067118 ], [ 112.796767667182962, -7.289350553678234 ], [ 112.79651434149153, -7.28938935777806 ], [ 112.796423524473497, -7.289325606612894 ], [ 112.79634977366554, -7.289335947062522 ], [ 112.796326652475685, -7.289185327791795 ] ] ] ] } },
{ "type": "Feature", "properties": { "id": 201, "Id": 0, "Nama": null, "Luas": 80.886112858308479 }, "geometry": { "type": "MultiPolygon", "coordinates": [ [ [ [ 112.796141992908559, -7.289549107859434 ], [ 112.796235851391728, -7.289534381510945 ], [ 112.796248580342365, -7.289602270562585 ], [ 112.796153286268094, -7.28961748106872 ], [ 112.796141992908559, -7.289549107859434 ] ] ] ] } },
{ "type": "Feature", "properties": { "id": 202, "Id": 0, "Nama": null, "Luas": 54.495430339244194 }, "geometry": { "type": "MultiPolygon", "coordinates": [ [ [ [ 112.79640779932825, -7.288930734162689 ], [ 112.796412236474126, -7.288962007034782 ], [ 112.796315913082339, -7.28897432761281 ], [ 112.796305582717238, -7.288902294331717 ], [ 112.796337608256152, -7.288896961578746 ], [ 112.796345443460851, -7.288938732770792 ], [ 112.79640779932825, -7.288930734162689 ] ] ] ] } },
{ "type": "Feature", "properties": { "id": 203, "Id": 0, "Nama": null, "Luas": 44.083382941666059 }, "geometry": { "type": "MultiPolygon", "coordinates": [ [ [ [ 112.796335078475167, -7.288785881089064 ], [ 112.796382388292926, -7.288777846577298 ], [ 112.796394562051447, -7.28885071369224 ], [ 112.796344565875444, -7.288857993363188 ], [ 112.796335078475167, -7.288785881089064 ] ] ] ] } },
{ "type": "Feature", "properties": { "id": 204, "Id": 0, "Nama": null, "Luas": 145.28243710129755 }, "geometry": { "type": "MultiPolygon", "coordinates": [ [ [ [ 112.79050414334445, -7.282842657026269 ], [ 112.79064130627718, -7.282849291006769 ], [ 112.790637341384127, -7.282936862978556 ], [ 112.790498728423543, -7.28292707697316 ], [ 112.79050414334445, -7.282842657026269 ] ] ] ] } },
{ "type": "Feature", "properties": { "id": 205, "Id": 0, "Nama": null, "Luas": 59.577497520891484 }, "geometry": { "type": "MultiPolygon", "coordinates": [ [ [ [ 112.790815004653282, -7.282934195049663 ], [ 112.790925238647986, -7.282940839821105 ], [ 112.790923305096044, -7.282984864832806 ], [ 112.790814608188171, -7.282979170879362 ], [ 112.790815004653282, -7.282934195049663 ] ] ] ] } },
{ "type": "Feature", "properties": { "id": 206, "Id": 0, "Nama": null, "Luas": 61.118671423333581 }, "geometry": { "type": "MultiPolygon", "coordinates": [ [ [ [ 112.790995119243746, -7.28296965296663 ], [ 112.791046305263109, -7.282972512442512 ], [ 112.79104717924092, -7.282951265824369 ], [ 112.790998480276784, -7.282947248225197 ], [ 112.790998966373877, -7.282924854862957 ], [ 112.791107860240913, -7.282931887653651 ], [ 112.791106796882772, -7.282953709160265 ], [ 112.791058488082143, -7.282951412441607 ], [ 112.791057617903732, -7.282973615943639 ], [ 112.791101900276757, -7.2829755458401 ], [ 112.791101221763185, -7.282997748582993 ], [ 112.790994244503906, -7.282990708208442 ], [ 112.790995119243746, -7.28296965296663 ] ] ] ] } },
{ "type": "Feature", "properties": { "id": 207, "Id": 0, "Nama": null, "Luas": 4.4998720740961744 }, "geometry": { "type": "MultiPolygon", "coordinates": [ [ [ [ 112.791080133933363, -7.282956350482213 ], [ 112.791101505810062, -7.282956648645943 ], [ 112.791101907749706, -7.282961335860121 ], [ 112.791105742517203, -7.282961703440525 ], [ 112.791105773668718, -7.28296954988913 ], [ 112.791101269982221, -7.28296966340604 ], [ 112.791101281379099, -7.282972534057965 ], [ 112.79108009888472, -7.282971661005382 ], [ 112.791080133933363, -7.282956350482213 ] ] ] ] } },
{ "type": "Feature", "properties": { "id": 208, "Id": 0, "Nama": null, "Luas": 30.508159975222952 }, "geometry": { "type": "MultiPolygon", "coordinates": [ [ [ [ 112.791001794533884, -7.282880874156721 ], [ 112.791110683831278, -7.282886758688544 ], [ 112.791110775005833, -7.282909723903987 ], [ 112.791001309955945, -7.282903650272543 ], [ 112.791001794533884, -7.282880874156721 ] ] ] ] } },
{ "type": "Feature", "properties": { "id": 209, "Id": 0, "Nama": null, "Luas": 33.366333834499528 }, "geometry": { "type": "MultiPolygon", "coordinates": [ [ [ [ 112.79082908755889, -7.282764063247385 ], [ 112.790937212465394, -7.282770524992968 ], [ 112.790937697590181, -7.282796167968973 ], [ 112.790828034820706, -7.282788564032268 ], [ 112.79082908755889, -7.282764063247385 ] ] ] ] } },
{ "type": "Feature", "properties": { "id": 210, "Id": 0, "Nama": null, "Luas": 15.013644184924487 }, "geometry": { "type": "MultiPolygon", "coordinates": [ [ [ [ 112.790877967309129, -7.282813628553361 ], [ 112.790933563066559, -7.282816853353511 ], [ 112.790934417841839, -7.282839050029694 ], [ 112.790877285744003, -7.28283506579144 ], [ 112.790877967309129, -7.282813628553361 ] ] ] ] } },
{ "type": "Feature", "properties": { "id": 211, "Id": 0, "Nama": null, "Luas": 185.07217135361861 }, "geometry": { "type": "MultiPolygon", "coordinates": [ [ [ [ 112.790744216450349, -7.28263808842991 ], [ 112.790917910342671, -7.282649457958907 ], [ 112.79091308643433, -7.282737894529467 ], [ 112.790738803847077, -7.282723082499339 ], [ 112.790744216450349, -7.28263808842991 ] ] ] ] } },
{ "type": "Feature", "properties": { "id": 212, "Id": 0, "Nama": null, "Luas": 184.34846063895384 }, "geometry": { "type": "MultiPolygon", "coordinates": [ [ [ [ 112.790954732291553, -7.28265505362049 ], [ 112.791128419338108, -7.282664700674566 ], [ 112.791123020485287, -7.282753139513244 ], [ 112.790949894716121, -7.282740045407046 ], [ 112.790954732291553, -7.28265505362049 ] ] ] ] } },
{ "type": "Feature", "properties": { "id": 213, "Id": 0, "Nama": null, "Luas": 187.237135724572 }, "geometry": { "type": "MultiPolygon", "coordinates": [ [ [ [ 112.790751819620525, -7.282525526994647 ], [ 112.790927240707362, -7.282537463834848 ], [ 112.790920691836277, -7.282625907232131 ], [ 112.790747563824993, -7.282612238904559 ], [ 112.790751819620525, -7.282525526994647 ] ] ] ] } },
{ "type": "Feature", "properties": { "id": 214, "Id": 0, "Nama": null, "Luas": 185.48536623723339 }, "geometry": { "type": "MultiPolygon", "coordinates": [ [ [ [ 112.790963483101876, -7.282541913512693 ], [ 112.791136026968175, -7.282553287516987 ], [ 112.791129475859989, -7.282641156776904 ], [ 112.790956929680021, -7.282629208647904 ], [ 112.790963483101876, -7.282541913512693 ] ] ] ] } },
{ "type": "Feature", "properties": { "id": 215, "Id": 0, "Nama": null, "Luas": 186.19313370343298 }, "geometry": { "type": "MultiPolygon", "coordinates": [ [ [ [ 112.7909712794022, -7.282429734082126 ], [ 112.791145745164314, -7.282442440145223 ], [ 112.791138811489745, -7.282530502298919 ], [ 112.79096587291275, -7.282516259158486 ], [ 112.7909712794022, -7.282429734082126 ] ] ] ] } },
{ "type": "Feature", "properties": { "id": 217, "Id": 0, "Nama": null, "Luas": 130.84120078320848 }, "geometry": { "type": "MultiPolygon", "coordinates": [ [ [ [ 112.791039016253549, -7.282208230927034 ], [ 112.791159030142012, -7.282216176635304 ], [ 112.791154017642342, -7.28230537946319 ], [ 112.791032847679219, -7.282295907296264 ], [ 112.791039016253549, -7.282208230927034 ] ] ] ] } },
{ "type": "Feature", "properties": { "id": 218, "Id": 0, "Nama": null, "Luas": 130.74894405232044 }, "geometry": { "type": "MultiPolygon", "coordinates": [ [ [ [ 112.790885642522483, -7.282197737888538 ], [ 112.791007956360389, -7.282205674536352 ], [ 112.791001404455599, -7.282293352423759 ], [ 112.790881008733791, -7.282285790948639 ], [ 112.790885642522483, -7.282197737888538 ] ] ] ] } },
{ "type": "Feature", "properties": { "id": 219, "Id": 0, "Nama": null, "Luas": 140.58961904363241 }, "geometry": { "type": "MultiPolygon", "coordinates": [ [ [ [ 112.790792533746853, -7.282304513540843 ], [ 112.790922894389993, -7.282311652842302 ], [ 112.790918263651577, -7.282400471408167 ], [ 112.790785974206713, -7.282390277666965 ], [ 112.790792533746853, -7.282304513540843 ] ] ] ] } },
{ "type": "Feature", "properties": { "id": 220, "Id": 0, "Nama": null, "Luas": 186.31860010069795 }, "geometry": { "type": "MultiPolygon", "coordinates": [ [ [ [ 112.790763065894694, -7.282413333902579 ], [ 112.790935227159892, -7.282424900890516 ], [ 112.790928681325326, -7.282514109794795 ], [ 112.790756895753546, -7.282500627527427 ], [ 112.790763065894694, -7.282413333902579 ] ] ] ] } },
{ "type": "Feature", "properties": { "id": 221, "Id": 0, "Nama": null, "Luas": 56.368357329396531 }, "geometry": { "type": "MultiPolygon", "coordinates": [ [ [ [ 112.798091625123732, -7.284801546764816 ], [ 112.798132296748889, -7.284797322336882 ], [ 112.798149003802948, -7.284905596371849 ], [ 112.798105619646634, -7.284909831585421 ], [ 112.798091625123732, -7.284801546764816 ] ] ] ] } },
{ "type": "Feature", "properties": { "id": 222, "Id": 0, "Nama": null, "Luas": 17.877783169969916 }, "geometry": { "type": "MultiPolygon", "coordinates": [ [ [ [ 112.798104661295824, -7.284771836153376 ], [ 112.798095614030515, -7.284715859815729 ], [ 112.798120815330051, -7.28471324224053 ], [ 112.798131740903543, -7.284766064352731 ], [ 112.798104661295824, -7.284771836153376 ] ] ] ] } },
{ "type": "Feature", "properties": { "id": 223, "Id": 0, "Nama": "Tower 3", "Luas": 843.70700280345045 }, "geometry": { "type": "MultiPolygon", "coordinates": [ [ [ [ 112.792022949160653, -7.277709901612599 ], [ 112.792296764212495, -7.277711210139297 ], [ 112.792297406708016, -7.277752354236272 ], [ 112.792398026336713, -7.277751477505188 ], [ 112.792402961724648, -7.27790838933082 ], [ 112.792027283172814, -7.277903656455485 ], [ 112.792022949160653, -7.277709901612599 ] ] ] ] } },
{ "type": "Feature", "properties": { "id": 224, "Id": 0, "Nama": null, "Luas": 615.69690204691142 }, "geometry": { "type": "MultiPolygon", "coordinates": [ [ [ [ 112.798615900807377, -7.279157653250042 ], [ 112.798761929655441, -7.279008754304622 ], [ 112.798949123323254, -7.278849165922129 ], [ 112.79903280424675, -7.278926341916295 ], [ 112.798680392879518, -7.279229164172365 ], [ 112.798615900807377, -7.279157653250042 ] ] ] ] } },
{ "type": "Feature", "properties": { "id": 225, "Id": 0, "Nama": null, "Luas": 127.99812949215993 }, "geometry": { "type": "MultiPolygon", "coordinates": [ [ [ [ 112.798482081945366, -7.279244305463979 ], [ 112.798537060040971, -7.279188874189567 ], [ 112.798564744488658, -7.27921019866162 ], [ 112.798601796894118, -7.279177517016599 ], [ 112.798642966176558, -7.279216012025056 ], [ 112.798547890091371, -7.27930939997982 ], [ 112.798482081945366, -7.279244305463979 ] ] ] ] } },
{ "type": "Feature", "properties": { "id": 226, "Id": 0, "Nama": null, "Luas": 274.67477278261504 }, "geometry": { "type": "MultiPolygon", "coordinates": [ [ [ [ 112.79934291865986, -7.278759030820228 ], [ 112.799219280958894, -7.278755216147522 ], [ 112.799222266605227, -7.278566600270651 ], [ 112.799254627060748, -7.278534894135862 ], [ 112.79931179140624, -7.27859523841589 ], [ 112.799313297506856, -7.278612456540321 ], [ 112.79934348733947, -7.278613197766034 ], [ 112.79934291865986, -7.278759030820228 ] ] ] ] } },
{ "type": "Feature", "properties": { "id": 227, "Id": 0, "Nama": null, "Luas": 249.15041241033759 }, "geometry": { "type": "MultiPolygon", "coordinates": [ [ [ [ 112.799587774098896, -7.279017002941132 ], [ 112.799575410895642, -7.279016765015808 ], [ 112.799575700908534, -7.278945283818132 ], [ 112.799538611304186, -7.278944570038786 ], [ 112.79954084966667, -7.278857005261496 ], [ 112.79959231260122, -7.278857374841768 ], [ 112.799592792592534, -7.278833546252288 ], [ 112.799639657978105, -7.278834508239392 ], [ 112.799640334814612, -7.27886005464056 ], [ 112.799669375845042, -7.278861087475314 ], [ 112.799666269096576, -7.279019274535245 ], [ 112.799636081530338, -7.279019107465639 ], [ 112.799635048309426, -7.279048392554039 ], [ 112.799588177179103, -7.279045995252416 ], [ 112.799587774098896, -7.279017002941132 ] ] ] ] } },
{ "type": "Feature", "properties": { "id": 228, "Id": 0, "Nama": null, "Luas": 265.55249145429843 }, "geometry": { "type": "MultiPolygon", "coordinates": [ [ [ [ 112.798919593137001, -7.277466808902074 ], [ 112.798945936882092, -7.277440293938302 ], [ 112.799008941932343, -7.277379185099043 ], [ 112.799106543246452, -7.277486735108909 ], [ 112.79908477645489, -7.277507490524978 ], [ 112.799105560302095, -7.277528651021397 ], [ 112.799102410142254, -7.277603875495318 ], [ 112.799079981430978, -7.277602816332985 ], [ 112.799082586358281, -7.277535057806737 ], [ 112.799069886516463, -7.277522477247694 ], [ 112.79905786002702, -7.277534581908138 ], [ 112.799070562156786, -7.277547736595515 ], [ 112.799068486449784, -7.277604010277609 ], [ 112.799048925764055, -7.277601217307565 ], [ 112.799049393216421, -7.277574231006648 ], [ 112.799021212440181, -7.277572620556872 ], [ 112.798919593137001, -7.277466808902074 ] ] ] ] } },
{ "type": "Feature", "properties": { "id": 229, "Id": 0, "Nama": null, "Luas": 124.2194297449314 }, "geometry": { "type": "MultiPolygon", "coordinates": [ [ [ [ 112.799280974790292, -7.277924299973753 ], [ 112.79934375086853, -7.277925964305783 ], [ 112.799342126028719, -7.277999173230327 ], [ 112.799336372432307, -7.277998239199407 ], [ 112.799332496776145, -7.278107819078683 ], [ 112.799282663407098, -7.27810753866212 ], [ 112.799285582685201, -7.277998441028267 ], [ 112.799277435252748, -7.277997994956575 ], [ 112.799280974790292, -7.277924299973753 ] ] ] ] } },
{ "type": "Feature", "properties": { "id": 230, "Id": 0, "Nama": null, "Luas": 213.36715129753509 }, "geometry": { "type": "MultiPolygon", "coordinates": [ [ [ [ 112.799265089360745, -7.278146362746559 ], [ 112.799286171904626, -7.278146278968491 ], [ 112.799286162370237, -7.278143886768829 ], [ 112.799361396345319, -7.278145501585219 ], [ 112.799359378181578, -7.27824024220892 ], [ 112.799351228837978, -7.278239317699716 ], [ 112.799348720085675, -7.278331189588341 ], [ 112.799328114775832, -7.278330793027362 ], [ 112.799327666138495, -7.2783384499702 ], [ 112.799261043462238, -7.278333451803122 ], [ 112.799265089360745, -7.278146362746559 ] ] ] ] } },
{ "type": "Feature", "properties": { "id": 231, "Id": 0, "Nama": null, "Luas": 85.120152169605717 }, "geometry": { "type": "MultiPolygon", "coordinates": [ [ [ [ 112.799338973518928, -7.277496720187037 ], [ 112.799392916158297, -7.277470095535231 ], [ 112.799450860126427, -7.277581821989712 ], [ 112.799403798907505, -7.277603826209407 ], [ 112.799373652941057, -7.277541939206516 ], [ 112.799361594427083, -7.277546006082401 ], [ 112.799338973518928, -7.277496720187037 ] ] ] ] } },
{ "type": "Feature", "properties": { "id": 232, "Id": 0, "Nama": null, "Luas": 763.929308376275 }, "geometry": { "type": "MultiPolygon", "coordinates": [ [ [ [ 112.799023406531205, -7.276710678922532 ], [ 112.79888425033829, -7.276900696962998 ], [ 112.79883427413597, -7.276864533458291 ], [ 112.79878072778979, -7.2768944099046 ], [ 112.798691026954586, -7.276749318094352 ], [ 112.798827327389233, -7.276564095923451 ], [ 112.799023406531205, -7.276710678922532 ] ] ] ] } },
{ "type": "Feature", "properties": { "id": 233, "Id": 0, "Nama": null, "Luas": 268.63534165236342 }, "geometry": { "type": "MultiPolygon", "coordinates": [ [ [ [ 112.798769007236388, -7.277128238747255 ], [ 112.798681191116202, -7.27721511003681 ], [ 112.79858302946279, -7.277111198323467 ], [ 112.798603054565007, -7.277086239508036 ], [ 112.798583800984645, -7.277064307383455 ], [ 112.798586374748282, -7.276988702422704 ], [ 112.79861033975547, -7.276990521031772 ], [ 112.798610614200186, -7.277059416411432 ], [ 112.798620380379674, -7.277072295710335 ], [ 112.798632794385625, -7.27706124210728 ], [ 112.798619805937648, -7.277048375606739 ], [ 112.798621493823404, -7.27699095517847 ], [ 112.798642100984935, -7.276991830226886 ], [ 112.798642226774007, -7.277023407275393 ], [ 112.798670496488086, -7.277023294992507 ], [ 112.798769007236388, -7.277128238747255 ] ] ] ] } },
{ "type": "Feature", "properties": { "id": 236, "Id": 0, "Nama": null, "Luas": 1381.2200336086098 }, "geometry": { "type": "MultiPolygon", "coordinates": [ [ [ [ 112.792623179010135, -7.287050294989617 ], [ 112.792890641551296, -7.287072200280675 ], [ 112.792875024136123, -7.287482771415611 ], [ 112.792598970698663, -7.287469512311188 ], [ 112.792623179010135, -7.287050294989617 ] ] ] ] } },
{ "type": "Feature", "properties": { "id": 237, "Id": 0, "Nama": null, "Luas": 1274.3792837204455 }, "geometry": { "type": "MultiPolygon", "coordinates": [ [ [ [ 112.792826732069258, -7.286646059897395 ], [ 112.792860830872755, -7.286641561270795 ], [ 112.792860386671265, -7.28662625266398 ], [ 112.793118968357291, -7.286583889547164 ], [ 112.793124369948998, -7.286592671591682 ], [ 112.793163469348755, -7.286592516572099 ], [ 112.793213067758373, -7.286629830315506 ], [ 112.79323508816988, -7.286769067323692 ], [ 112.793199274569616, -7.28682432663854 ], [ 112.793164793347998, -7.286829056464867 ], [ 112.793163704251, -7.286844371148178 ], [ 112.792903586077074, -7.286885974897894 ], [ 112.792898159220073, -7.286870839148431 ], [ 112.792865990127979, -7.286878621860915 ], [ 112.792810614396089, -7.286834441316025 ], [ 112.792788618451368, -7.286701328307132 ], [ 112.792826732069258, -7.286646059897395 ] ] ] ] } },
{ "type": "Feature", "properties": { "id": 238, "Id": 0, "Nama": null, "Luas": 1141.8439071704634 }, "geometry": { "type": "MultiPolygon", "coordinates": [ [ [ [ 112.792997216269512, -7.285030274289703 ], [ 112.793233223417673, -7.284998718058891 ], [ 112.793285344362502, -7.285381270571314 ], [ 112.793041676588516, -7.285414388278819 ], [ 112.792997216269512, -7.285030274289703 ] ] ] ] } },
{ "type": "Feature", "properties": { "id": 239, "Id": 0, "Nama": null, "Luas": 267.71664122352377 }, "geometry": { "type": "MultiPolygon", "coordinates": [ [ [ [ 112.793106975299381, -7.284752625907177 ], [ 112.793210421548068, -7.284739202054822 ], [ 112.793237692798854, -7.28494578389045 ], [ 112.793132329876272, -7.284959215357522 ], [ 112.793106975299381, -7.284752625907177 ] ] ] ] } },
{ "type": "Feature", "properties": { "id": 240, "Id": 0, "Nama": null, "Luas": 610.76123850256226 }, "geometry": { "type": "MultiPolygon", "coordinates": [ [ [ [ 112.792916489055969, -7.284277930159814 ], [ 112.792945609624596, -7.284274752679757 ], [ 112.792945573110472, -7.284265566603384 ], [ 112.79299384169525, -7.284257720124537 ], [ 112.793066667451981, -7.284255900460238 ], [ 112.793094881831365, -7.284603333970426 ], [ 112.79297225105455, -7.284612240714213 ], [ 112.792969911540396, -7.284602298247221 ], [ 112.792945390861334, -7.284605457503322 ], [ 112.792939011168627, -7.284543475795908 ], [ 112.792952810895613, -7.284543421104448 ], [ 112.792949561712248, -7.284497502876892 ], [ 112.792935755900814, -7.284496026555189 ], [ 112.792931685297248, -7.284436332250739 ], [ 112.792943948675457, -7.284435518130678 ], [ 112.792935886588367, -7.284336032686941 ], [ 112.792921314130808, -7.284334559401878 ], [ 112.792916489055969, -7.284277930159814 ] ] ] ] } },
{ "type": "Feature", "properties": { "id": 241, "Id": 0, "Nama": null, "Luas": 1241.4256267827004 }, "geometry": { "type": "MultiPolygon", "coordinates": [ [ [ [ 112.793320834890963, -7.285554073198026 ], [ 112.793374568545872, -7.285956522737529 ], [ 112.793129373269537, -7.285991177657701 ], [ 112.793072554940181, -7.285584147155923 ], [ 112.793320834890963, -7.285554073198026 ] ] ] ] } },
{ "type": "Feature", "properties": { "id": 242, "Id": 0, "Nama": null, "Luas": 2791.3313199766562 }, "geometry": { "type": "MultiPolygon", "coordinates": [ [ [ [ 112.793031095863597, -7.283930026295253 ], [ 112.792416242121078, -7.28393246259798 ], [ 112.792410145693452, -7.283555851570942 ], [ 112.793034259576118, -7.283568689071013 ], [ 112.793031095863597, -7.283930026295253 ] ] ] ] } },
{ "type": "Feature", "properties": { "id": 243, "Id": 0, "Nama": null, "Luas": 4272.8499249816086 }, "geometry": { "type": "MultiPolygon", "coordinates": [ [ [ [ 112.792282535061744, -7.283469087950979 ], [ 112.792281469758024, -7.28397280348231 ], [ 112.792068359067883, -7.283978240773115 ], [ 112.792067105560591, -7.284048673466815 ], [ 112.791838643539649, -7.284049578351894 ], [ 112.79184144254819, -7.283982201604859 ], [ 112.791626743766685, -7.283973865637837 ], [ 112.79163237930068, -7.283462476645825 ], [ 112.792282535061744, -7.283469087950979 ] ] ] ] } },
{ "type": "Feature", "properties": { "id": 244, "Id": 0, "Nama": null, "Luas": 3654.4828895465471 }, "geometry": { "type": "MultiPolygon", "coordinates": [ [ [ [ 112.792835018099368, -7.282096333915542 ], [ 112.792896007630532, -7.282106426790303 ], [ 112.792928918760666, -7.281996061737485 ], [ 112.793353664109844, -7.282096575463847 ], [ 112.793213472831823, -7.282702273268119 ], [ 112.792788740566479, -7.282605204323426 ], [ 112.792812461080061, -7.282497172233034 ], [ 112.792749139610308, -7.282479050652981 ], [ 112.792835018099368, -7.282096333915542 ] ] ] ] } },
{ "type": "Feature", "properties": { "id": 246, "Id": 0, "Nama": null, "Luas": 699.30335147248115 }, "geometry": { "type": "MultiPolygon", "coordinates": [ [ [ [ 112.796222950249771, -7.278846447307159 ], [ 112.796559354840298, -7.27885544699863 ], [ 112.796554865528407, -7.279027706163101 ], [ 112.796220172041714, -7.279015254882763 ], [ 112.796222950249771, -7.278846447307159 ] ] ] ] } },
{ "type": "Feature", "properties": { "id": 247, "Id": 0, "Nama": null, "Luas": 663.34525224484969 }, "geometry": { "type": "MultiPolygon", "coordinates": [ [ [ [ 112.797050457210077, -7.279698934809379 ], [ 112.797057061045038, -7.279480162143608 ], [ 112.797304912075603, -7.279487790265149 ], [ 112.797302894493811, -7.279703099871333 ], [ 112.797050457210077, -7.279698934809379 ] ] ] ] } },
{ "type": "Feature", "properties": { "id": 249, "Id": 0, "Nama": null, "Luas": 2492.8455698210673 }, "geometry": { "type": "MultiPolygon", "coordinates": [ [ [ [ 112.793923430339063, -7.282835790054843 ], [ 112.794190410338487, -7.28259244510428 ], [ 112.794582267593867, -7.283001591542929 ], [ 112.794581550174556, -7.283013970259193 ], [ 112.794500596049303, -7.283092374136603 ], [ 112.794477893141263, -7.283070646915116 ], [ 112.79445910568927, -7.283069573145823 ], [ 112.794401823243874, -7.283124152080631 ], [ 112.79439999340039, -7.283145976596349 ], [ 112.79442114931129, -7.283164265126361 ], [ 112.794330289592637, -7.283258018627219 ], [ 112.793923430339063, -7.282835790054843 ] ] ] ] } },
{ "type": "Feature", "properties": { "id": 250, "Id": 0, "Nama": null, "Luas": 733.88314238097519 }, "geometry": { "type": "MultiPolygon", "coordinates": [ [ [ [ 112.793883483917881, -7.282912053675794 ], [ 112.794204497544584, -7.283243015713039 ], [ 112.794114401362876, -7.283336000639125 ], [ 112.793787224078201, -7.282997407792378 ], [ 112.793883483917881, -7.282912053675794 ] ] ] ] } },
{ "type": "Feature", "properties": { "id": 251, "Id": 0, "Nama": null, "Luas": 1986.3382475369144 }, "geometry": { "type": "MultiPolygon", "coordinates": [ [ [ [ 112.794029833236706, -7.283541877542433 ], [ 112.79414520474802, -7.283428665653446 ], [ 112.794270524941794, -7.283565961928526 ], [ 112.794222985990572, -7.283612655661974 ], [ 112.794294567554005, -7.283683564959418 ], [ 112.794331519737028, -7.283721885687841 ], [ 112.794141343302556, -7.28390349347525 ], [ 112.794238320278268, -7.283998415878721 ], [ 112.794142655882666, -7.284088934991598 ], [ 112.794194624004376, -7.284143846192184 ], [ 112.79408292157018, -7.284249930643815 ], [ 112.793941449005501, -7.28409949321421 ], [ 112.794003025375517, -7.284040208472302 ], [ 112.793958292581706, -7.283997325460517 ], [ 112.793912091883911, -7.283946793082139 ], [ 112.793851946196625, -7.283883876318435 ], [ 112.794060272433271, -7.283695578117757 ], [ 112.794115353672382, -7.283750142083119 ], [ 112.794197441199941, -7.283667523389166 ], [ 112.794184446902008, -7.283653221456956 ], [ 112.794159141074914, -7.283675808895955 ], [ 112.794029833236706, -7.283541877542433 ] ] ] ] } },
{ "type": "Feature", "properties": { "id": 252, "Id": 0, "Nama": null, "Luas": 1120.3865973778302 }, "geometry": { "type": "MultiPolygon", "coordinates": [ [ [ [ 112.791810806470934, -7.287920658963384 ], [ 112.791933496042489, -7.287926296937516 ], [ 112.791920907203405, -7.28823102327603 ], [ 112.792112608259444, -7.288239449762854 ], [ 112.792108659541114, -7.288403286401774 ], [ 112.791777377884529, -7.28838316476603 ], [ 112.791810806470934, -7.287920658963384 ] ] ] ] } },
{ "type": "Feature", "properties": { "id": 253, "Id": 0, "Nama": null, "Luas": 375.68659723596647 }, "geometry": { "type": "MultiPolygon", "coordinates": [ [ [ [ 112.793498823679158, -7.283863026084343 ], [ 112.793631732261431, -7.28373963353937 ], [ 112.793657118455229, -7.283761350166941 ], [ 112.793681181175558, -7.283739437505521 ], [ 112.79377007168172, -7.283825205883291 ], [ 112.793660135238198, -7.283941617730012 ], [ 112.793612794490826, -7.283893577765206 ], [ 112.793571578009704, -7.283939672250798 ], [ 112.793498823679158, -7.283863026084343 ] ] ] ] } },
{ "type": "Feature", "properties": { "id": 254, "Id": 0, "Nama": null, "Luas": 627.23421424554545 }, "geometry": { "type": "MultiPolygon", "coordinates": [ [ [ [ 112.797524588881032, -7.284089752806346 ], [ 112.7978339522369, -7.284093690800883 ], [ 112.797834038575687, -7.284259616143924 ], [ 112.797526404641957, -7.284256819580335 ], [ 112.797524588881032, -7.284089752806346 ] ] ] ] } },
{ "type": "Feature", "properties": { "id": 255, "Id": 0, "Nama": null, "Luas": 168.8910205719003 }, "geometry": { "type": "MultiPolygon", "coordinates": [ [ [ [ 112.793109695348221, -7.285524078255984 ], [ 112.793103243726463, -7.285468125303733 ], [ 112.793110908354194, -7.285467616471598 ], [ 112.793108917533402, -7.285448964854382 ], [ 112.793252111606819, -7.28542973769277 ], [ 112.793263976667006, -7.285521552845696 ], [ 112.793120780664495, -7.285540301576543 ], [ 112.793118322097826, -7.285524522507469 ], [ 112.793109695348221, -7.285524078255984 ] ] ] ] } },
{ "type": "Feature", "properties": { "id": 256, "Id": 0, "Nama": null, "Luas": 714.57600071802881 }, "geometry": { "type": "MultiPolygon", "coordinates": [ [ [ [ 112.795426501271209, -7.287410739117581 ], [ 112.795494982983229, -7.287400898257308 ], [ 112.79549548691179, -7.287407116084468 ], [ 112.795533306219951, -7.287398353856076 ], [ 112.795640588410777, -7.287385488227438 ], [ 112.795646049712232, -7.287433311368763 ], [ 112.795686774461885, -7.287432192763015 ], [ 112.795703628024839, -7.287573268073547 ], [ 112.795618371899096, -7.287582218681504 ], [ 112.795626788195747, -7.287650124916191 ], [ 112.795530988629508, -7.287658638929146 ], [ 112.795459601437315, -7.287660836167182 ], [ 112.795443303309739, -7.287538896557802 ], [ 112.79543513135927, -7.287539480528276 ], [ 112.795426376706089, -7.287480513034392 ], [ 112.795435879660118, -7.287479598440866 ], [ 112.795426501271209, -7.287410739117581 ] ] ] ] } },
{ "type": "Feature", "properties": { "id": 257, "Id": 0, "Nama": null, "Luas": 55.910693085053936 }, "geometry": { "type": "MultiPolygon", "coordinates": [ [ [ [ 112.795738186358861, -7.287022452862352 ], [ 112.795802556374255, -7.287014924849022 ], [ 112.795814712394161, -7.287083390365389 ], [ 112.795745351492755, -7.287089024407501 ], [ 112.795738186358861, -7.287022452862352 ] ] ] ] } },
{ "type": "Feature", "properties": { "id": 258, "Id": 0, "Nama": null, "Luas": 57.129367489716515 }, "geometry": { "type": "MultiPolygon", "coordinates": [ [ [ [ 112.797980268363631, -7.285241357486522 ], [ 112.797980309082064, -7.285228907232462 ], [ 112.797980527492285, -7.285162125515511 ], [ 112.798042623886531, -7.285161304559839 ], [ 112.798037723581274, -7.285238739391317 ], [ 112.797980268363631, -7.285241357486522 ] ] ] ] } },
{ "type": "Feature", "properties": { "id": 259, "Id": 0, "Nama": null, "Luas": 62.259623309582821 }, "geometry": { "type": "MultiPolygon", "coordinates": [ [ [ [ 112.797482081105485, -7.285285921748685 ], [ 112.797480922572831, -7.285235689329308 ], [ 112.79758682574051, -7.285237660736192 ], [ 112.797585097902669, -7.28528503393571 ], [ 112.797482081105485, -7.285285921748685 ] ] ] ] } },
{ "type": "Feature", "properties": { "id": 260, "Id": 0, "Nama": null, "Luas": 9.875916912377761 }, "geometry": { "type": "MultiPolygon", "coordinates": [ [ [ [ 112.797461589153087, -7.285233373913488 ], [ 112.797461503336265, -7.285211841585286 ], [ 112.797482780182008, -7.285212331177104 ], [ 112.797490218415064, -7.285203115421879 ], [ 112.797515052735818, -7.285230575333761 ], [ 112.797512926705565, -7.285232270434591 ], [ 112.797499416609838, -7.28521842999431 ], [ 112.797491250406722, -7.285218117961497 ], [ 112.797490964449963, -7.285232931842792 ], [ 112.797461589153087, -7.285233373913488 ] ] ] ] } },
{ "type": "Feature", "properties": { "id": 261, "Id": 0, "Nama": null, "Luas": 387.80270025588106 }, "geometry": { "type": "MultiPolygon", "coordinates": [ [ [ [ 112.797088231258982, -7.285330250278375 ], [ 112.797461064888338, -7.285341208571592 ], [ 112.797460426926875, -7.285421590343908 ], [ 112.797083794290728, -7.285419259221914 ], [ 112.797088231258982, -7.285330250278375 ] ] ] ] } },
{ "type": "Feature", "properties": { "id": 262, "Id": 0, "Nama": null, "Luas": 81.727101885990123 }, "geometry": { "type": "MultiPolygon", "coordinates": [ [ [ [ 112.795367773099542, -7.284994919702099 ], [ 112.795368510175479, -7.284891189167277 ], [ 112.795432922576808, -7.284894378352865 ], [ 112.795434091478114, -7.284995422008569 ], [ 112.795367773099542, -7.284994919702099 ] ] ] ] } },
{ "type": "Feature", "properties": { "id": 263, "Id": 0, "Nama": null, "Luas": 99.467819698336825 }, "geometry": { "type": "MultiPolygon", "coordinates": [ [ [ [ 112.795211329941921, -7.284887602606266 ], [ 112.795286460227132, -7.284886921692635 ], [ 112.795289046607351, -7.284958870068284 ], [ 112.795281380095176, -7.284958900493783 ], [ 112.795280799317453, -7.285005599362991 ], [ 112.795221383840953, -7.28500583515763 ], [ 112.795220782654567, -7.28495110304418 ], [ 112.795213110048294, -7.284949602457704 ], [ 112.795211329941921, -7.284887602606266 ] ] ] ] } },
{ "type": "Feature", "properties": { "id": 264, "Id": 0, "Nama": null, "Luas": 547.68355638592038 }, "geometry": { "type": "MultiPolygon", "coordinates": [ [ [ [ 112.794971443907016, -7.285475459287762 ], [ 112.794803755861324, -7.285480430713812 ], [ 112.794807479273828, -7.285212006320969 ], [ 112.794976138863973, -7.285210380201715 ], [ 112.794971443907016, -7.285475459287762 ] ] ] ] } },
{ "type": "Feature", "properties": { "id": 265, "Id": 0, "Nama": null, "Luas": 31.085105674035731 }, "geometry": { "type": "MultiPolygon", "coordinates": [ [ [ [ 112.794981957851519, -7.285476929463417 ], [ 112.794988021230523, -7.285435280385579 ], [ 112.795042156516331, -7.28543267331936 ], [ 112.795042822296693, -7.28547955862606 ], [ 112.794981957851519, -7.285476929463417 ] ] ] ] } },
{ "type": "Feature", "properties": { "id": 266, "Id": 0, "Nama": null, "Luas": 79.96448266169682 }, "geometry": { "type": "MultiPolygon", "coordinates": [ [ [ [ 112.794988021230523, -7.285435280385562 ], [ 112.795005434011685, -7.28534617202777 ], [ 112.794992798682642, -7.28527761265634 ], [ 112.794982767947275, -7.285213348984517 ], [ 112.795008072025823, -7.285214396851279 ], [ 112.79500894707688, -7.285217551138849 ], [ 112.795041147593551, -7.285217710430307 ], [ 112.795040922939464, -7.285233500121005 ], [ 112.79504525135151, -7.285237501911923 ], [ 112.795045065544699, -7.285263051796974 ], [ 112.795039604292924, -7.28526336053766 ], [ 112.795014168523437, -7.285262935178935 ], [ 112.795026484511965, -7.285347571684689 ], [ 112.795012533166911, -7.285434099931892 ], [ 112.794988021230523, -7.285435280385562 ] ] ] ] } },
{ "type": "Feature", "properties": { "id": 267, "Id": 0, "Nama": null, "Luas": 267.48080922628287 }, "geometry": { "type": "MultiPolygon", "coordinates": [ [ [ [ 112.794543534791032, -7.284627620607764 ], [ 112.794546283774011, -7.284523690667181 ], [ 112.794760487385844, -7.28452800816711 ], [ 112.794757150899585, -7.28462878266752 ], [ 112.794543534791032, -7.284627620607764 ] ] ] ] } },
{ "type": "Feature", "properties": { "id": 268, "Id": 0, "Nama": null, "Luas": 108.04009349462285 }, "geometry": { "type": "MultiPolygon", "coordinates": [ [ [ [ 112.79524928883005, -7.284610536203092 ], [ 112.795215641055947, -7.284611174678455 ], [ 112.795218847808542, -7.284453752419917 ], [ 112.795284024515936, -7.284456364471025 ], [ 112.795284146391793, -7.284486984685851 ], [ 112.795347396954256, -7.284487212128247 ], [ 112.795344330659333, -7.284518152512367 ], [ 112.795288490568296, -7.284501724106678 ], [ 112.795283377377785, -7.28451724612636 ], [ 112.795261628386484, -7.284542594510649 ], [ 112.79524155179827, -7.28455473108138 ], [ 112.795238924583529, -7.28456882702857 ], [ 112.795245149223419, -7.284593877050897 ], [ 112.79524928883005, -7.284610536203092 ] ] ] ] } },
{ "type": "Feature", "properties": { "id": 269, "Id": 0, "Nama": null, "Luas": 452.91802520773422 }, "geometry": { "type": "MultiPolygon", "coordinates": [ [ [ [ 112.795277111176034, -7.28432491802894 ], [ 112.795368516860506, -7.284326645274542 ], [ 112.795365070299013, -7.284405717511196 ], [ 112.795362142325132, -7.284405681539667 ], [ 112.79536147066257, -7.284453624734301 ], [ 112.795397784673739, -7.28445426503113 ], [ 112.795399332184857, -7.284485666364345 ], [ 112.795373841211173, -7.28450988132656 ], [ 112.795318413858482, -7.284452687482474 ], [ 112.795284024515936, -7.284456364471009 ], [ 112.795276686685099, -7.284456070397289 ], [ 112.795277009026691, -7.284451416447395 ], [ 112.795124344055409, -7.284450586902012 ], [ 112.795084261706904, -7.284492658032329 ], [ 112.795083164365408, -7.284506365135345 ], [ 112.795023078264492, -7.28450606305223 ], [ 112.795023432548618, -7.284450700238177 ], [ 112.794905491234189, -7.284457189068331 ], [ 112.794905602911271, -7.284429050790242 ], [ 112.795044903198445, -7.284427649520162 ], [ 112.795146146337046, -7.284366389152581 ], [ 112.795279265125359, -7.284368157470031 ], [ 112.795313079708777, -7.284340464654211 ], [ 112.795312746511669, -7.284328983214638 ], [ 112.795277097280092, -7.284329124681809 ], [ 112.795277111176034, -7.28432491802894 ] ] ] ] } },
{ "type": "Feature", "properties": { "id": 270, "Id": 0, "Nama": null, "Luas": 37.137928510095662 }, "geometry": { "type": "MultiPolygon", "coordinates": [ [ [ [ 112.795617441553205, -7.284142880460697 ], [ 112.795606342984229, -7.284143615416945 ], [ 112.79559602017882, -7.284138393455259 ], [ 112.795585431132068, -7.284126474273134 ], [ 112.795579397877262, -7.284115493906205 ], [ 112.795576974481435, -7.284108566023246 ], [ 112.795575271724289, -7.284102113728474 ], [ 112.795575949511147, -7.284091824399025 ], [ 112.795578303391736, -7.284081289193317 ], [ 112.795583293582482, -7.28407098274879 ], [ 112.795593074380562, -7.284060418067006 ], [ 112.795599528702184, -7.28405680408835 ], [ 112.795606464084202, -7.284053666648673 ], [ 112.795612927928332, -7.28405244487376 ], [ 112.795618459935469, -7.284052684345042 ], [ 112.795617820118949, -7.284109351594994 ], [ 112.795617598429871, -7.284128986179072 ], [ 112.795617441553205, -7.284142880460697 ] ] ] ] } },
{ "type": "Feature", "properties": { "id": 271, "Id": 0, "Nama": null, "Luas": 34.460758837576577 }, "geometry": { "type": "MultiPolygon", "coordinates": [ [ [ [ 112.795490172550231, -7.284247918452254 ], [ 112.795490597752519, -7.284227061652451 ], [ 112.795616512746804, -7.284225143329281 ], [ 112.795616242466437, -7.284249081674799 ], [ 112.795537641211226, -7.28424835644048 ], [ 112.795506260312948, -7.284248066892872 ], [ 112.795495956546802, -7.284247971820854 ], [ 112.795490172550231, -7.284247918452254 ] ] ] ] } },
{ "type": "Feature", "properties": { "id": 272, "Id": 0, "Nama": null, "Luas": 226.16377387566126 }, "geometry": { "type": "MultiPolygon", "coordinates": [ [ [ [ 112.795961923124779, -7.284075627941902 ], [ 112.796156656641514, -7.284076003151901 ], [ 112.796156687123627, -7.284083658202067 ], [ 112.79617546850875, -7.284083200879451 ], [ 112.796175761141711, -7.284156689360088 ], [ 112.796157737258312, -7.284154847124737 ], [ 112.796157769264894, -7.284162884927385 ], [ 112.795956902514106, -7.284162534073939 ], [ 112.795961923124779, -7.284075627941902 ] ] ] ] } },
{ "type": "Feature", "properties": { "id": 273, "Id": 0, "Nama": null, "Luas": 296.4414188102819 }, "geometry": { "type": "MultiPolygon", "coordinates": [ [ [ [ 112.796120985215694, -7.284075934426944 ], [ 112.796128237272669, -7.284062719428408 ], [ 112.796132035465504, -7.284053900902546 ], [ 112.796132759440638, -7.284043180788583 ], [ 112.796131175847549, -7.28403055604281 ], [ 112.796126139284851, -7.284017179488136 ], [ 112.796123816476111, -7.284011447331141 ], [ 112.796124487109509, -7.283987330879026 ], [ 112.796158218150367, -7.28398681420826 ], [ 112.796157566587752, -7.283919451288332 ], [ 112.796227336225186, -7.283920322573215 ], [ 112.796230394446042, -7.28382194148502 ], [ 112.796131614970292, -7.283821923025401 ], [ 112.796131751528037, -7.283813271004509 ], [ 112.796156377900701, -7.283813293482202 ], [ 112.796174773643131, -7.283813310272033 ], [ 112.796201991431417, -7.283813335112416 ], [ 112.79623338083826, -7.283813437364161 ], [ 112.796265984616639, -7.283814126395471 ], [ 112.796300867852011, -7.283814863597036 ], [ 112.796328854917192, -7.283815455057075 ], [ 112.796356520721261, -7.283816039726108 ], [ 112.796357384456186, -7.283801912507302 ], [ 112.796379929417924, -7.283803200925354 ], [ 112.796379787683605, -7.283854242336417 ], [ 112.796417163721273, -7.283854572383118 ], [ 112.796419393733927, -7.283812938540917 ], [ 112.796455338017111, -7.283814709614436 ], [ 112.79645623154525, -7.283798438830265 ], [ 112.79647636179098, -7.283799794245154 ], [ 112.79647444998794, -7.283921327659129 ], [ 112.796366496123525, -7.283918771549671 ], [ 112.796368510130222, -7.283851248294298 ], [ 112.796375017500196, -7.283848925906102 ], [ 112.796374483276267, -7.283811034933896 ], [ 112.796361828998258, -7.283809936900965 ], [ 112.796360371911803, -7.283829080612238 ], [ 112.796252259180463, -7.283825682264564 ], [ 112.796249575144216, -7.283921765314929 ], [ 112.796318676140785, -7.283922265731596 ], [ 112.796318503545933, -7.283947916491565 ], [ 112.796185654441828, -7.283945750119028 ], [ 112.796183639502587, -7.284017333968229 ], [ 112.796185572890948, -7.284021536636554 ], [ 112.796186073572912, -7.28405100705744 ], [ 112.796157330320611, -7.284052652205255 ], [ 112.796152776147693, -7.284064153042431 ], [ 112.796144388127985, -7.284075979515543 ], [ 112.796120985215694, -7.284075934426944 ] ] ] ] } },
{ "type": "Feature", "properties": { "id": 274, "Id": 0, "Nama": null, "Luas": 22.150326112028779 }, "geometry": { "type": "MultiPolygon", "coordinates": [ [ [ [ 112.79588327791906, -7.283806362951447 ], [ 112.795886165233853, -7.283809461404506 ], [ 112.795905725386817, -7.283809625375349 ], [ 112.795942511233605, -7.283809933745217 ], [ 112.79596400836752, -7.283810113950846 ], [ 112.796002366185192, -7.283810435493234 ], [ 112.796002216695825, -7.283826236254165 ], [ 112.795883169148553, -7.283824021597915 ], [ 112.79588327791906, -7.283806362951447 ] ] ] ] } },
{ "type": "Feature", "properties": { "id": 275, "Id": 0, "Nama": null, "Luas": 16.889799301505263 }, "geometry": { "type": "MultiPolygon", "coordinates": [ [ [ [ 112.795752188671798, -7.283803444270125 ], [ 112.795752340910312, -7.283783929053201 ], [ 112.795824084953622, -7.283785976224447 ], [ 112.79582444821132, -7.283804882032729 ], [ 112.795752188671798, -7.283803444270125 ] ] ] ] } },
{ "type": "Feature", "properties": { "id": 276, "Id": 0, "Nama": null, "Luas": 18.872767687416854 }, "geometry": { "type": "MultiPolygon", "coordinates": [ [ [ [ 112.795752571599806, -7.283754357370443 ], [ 112.795752634165552, -7.283746337186991 ], [ 112.795752741326964, -7.283732600380986 ], [ 112.795777470326058, -7.283733650506774 ], [ 112.795826866974537, -7.283732846397163 ], [ 112.795825623588357, -7.28375406539443 ], [ 112.795752571599806, -7.283754357370443 ] ] ] ] } },
{ "type": "Feature", "properties": { "id": 277, "Id": 0, "Nama": null, "Luas": 38.362160923366901 }, "geometry": { "type": "MultiPolygon", "coordinates": [ [ [ [ 112.79593706173452, -7.283987574136 ], [ 112.795940614448213, -7.283977273395828 ], [ 112.795933880551374, -7.283970841074857 ], [ 112.795946262406758, -7.283951653994334 ], [ 112.795954902449594, -7.283955447283181 ], [ 112.795960622793004, -7.283948008627965 ], [ 112.796014189625566, -7.283983201156599 ], [ 112.795992285614915, -7.284017736382192 ], [ 112.795986777227867, -7.284018236696969 ], [ 112.79593706173452, -7.283987574136 ] ] ] ] } },
{ "type": "Feature", "properties": { "id": 278, "Id": 0, "Nama": null, "Luas": 15.505082479576231 }, "geometry": { "type": "MultiPolygon", "coordinates": [ [ [ [ 112.796084913680232, -7.283995120826245 ], [ 112.796085241386209, -7.283957082891902 ], [ 112.796117104289777, -7.283956717175459 ], [ 112.796117983048703, -7.283996903336527 ], [ 112.796084913680232, -7.283995120826245 ] ] ] ] } },
{ "type": "Feature", "properties": { "id": 279, "Id": 0, "Nama": null, "Luas": 19.590719332132721 }, "geometry": { "type": "MultiPolygon", "coordinates": [ [ [ [ 112.796697167671368, -7.28369475065901 ], [ 112.79669929382608, -7.28365110775211 ], [ 112.796736483895458, -7.283652873859036 ], [ 112.796734353170891, -7.283695368508074 ], [ 112.796697167671368, -7.28369475065901 ] ] ] ] } },
{ "type": "Feature", "properties": { "id": 280, "Id": 0, "Nama": null, "Luas": 26.554564195472267 }, "geometry": { "type": "MultiPolygon", "coordinates": [ [ [ [ 112.796925158419583, -7.28347950052453 ], [ 112.796965410488966, -7.283480106179979 ], [ 112.79696676781623, -7.283532155931989 ], [ 112.796924990069229, -7.283533470129035 ], [ 112.796925158419583, -7.28347950052453 ] ] ] ] } },
{ "type": "Feature", "properties": { "id": 281, "Id": 0, "Nama": null, "Luas": 24.216258791522705 }, "geometry": { "type": "MultiPolygon", "coordinates": [ [ [ [ 112.796978832927493, -7.283481583905481 ], [ 112.797020606094208, -7.283479121447665 ], [ 112.797018504363209, -7.283528888385961 ], [ 112.796978638663958, -7.283529046718591 ], [ 112.796978832927493, -7.283481583905481 ] ] ] ] } },
{ "type": "Feature", "properties": { "id": 282, "Id": 0, "Nama": null, "Luas": 25.551152220738004 }, "geometry": { "type": "MultiPolygon", "coordinates": [ [ [ [ 112.79703135288824, -7.283482523590282 ], [ 112.797075432096449, -7.283481583002048 ], [ 112.797075625741414, -7.283530192547202 ], [ 112.797031537380079, -7.28352883662261 ], [ 112.79703135288824, -7.283482523590282 ] ] ] ] } },
{ "type": "Feature", "properties": { "id": 283, "Id": 0, "Nama": null, "Luas": 21.326968410552581 }, "geometry": { "type": "MultiPolygon", "coordinates": [ [ [ [ 112.797086939439495, -7.283483451089003 ], [ 112.797126421808372, -7.283483294270347 ], [ 112.797126980485146, -7.283527309263823 ], [ 112.797087114788411, -7.283527467605972 ], [ 112.797086939439495, -7.283483451089003 ] ] ] ] } },
{ "type": "Feature", "properties": { "id": 284, "Id": 0, "Nama": null, "Luas": 62.252080186350213 }, "geometry": { "type": "MultiPolygon", "coordinates": [ [ [ [ 112.797101982556825, -7.283027601741884 ], [ 112.79710213069103, -7.283024211816553 ], [ 112.797102509514673, -7.283015542759986 ], [ 112.797105959426816, -7.283015529058277 ], [ 112.797107336756412, -7.282928254677042 ], [ 112.797157942318648, -7.282929776103326 ], [ 112.797157414922964, -7.283028055520777 ], [ 112.797101982556825, -7.283027601741884 ] ] ] ] } },
{ "type": "Feature", "properties": { "id": 285, "Id": 0, "Nama": null, "Luas": 145.32370227928914 }, "geometry": { "type": "MultiPolygon", "coordinates": [ [ [ [ 112.79684535620548, -7.282911834492095 ], [ 112.796847435771525, -7.282865338373265 ], [ 112.79693312000542, -7.282867868804431 ], [ 112.796932518722471, -7.282861268609486 ], [ 112.79701478082518, -7.282860922722073 ], [ 112.797013589002972, -7.28292231147953 ], [ 112.796986001144063, -7.282925291728063 ], [ 112.79698917445215, -7.282952072214324 ], [ 112.79691268996983, -7.282949505264241 ], [ 112.796903467336946, -7.282943800512268 ], [ 112.796894265284863, -7.282943262917066 ], [ 112.796894719073435, -7.282912831820197 ], [ 112.796867734862971, -7.282912286631487 ], [ 112.79684535620548, -7.282911834492095 ] ] ] ] } },
{ "type": "Feature", "properties": { "id": 286, "Id": 0, "Nama": null, "Luas": 120.22633892726481 }, "geometry": { "type": "MultiPolygon", "coordinates": [ [ [ [ 112.796555222444127, -7.282739901274198 ], [ 112.796555735321505, -7.28277243371025 ], [ 112.79648442495953, -7.282769654757773 ], [ 112.796468659925253, -7.282757469073901 ], [ 112.796461337152792, -7.28274754642432 ], [ 112.796457458195647, -7.282736079068387 ], [ 112.796458556347474, -7.282723060919083 ], [ 112.796459508188732, -7.282673298532901 ], [ 112.796527113676518, -7.282674110505406 ], [ 112.796527278282198, -7.282715447770357 ], [ 112.796635295205121, -7.282716894568258 ], [ 112.796633812895976, -7.282741885794588 ], [ 112.796555222444127, -7.282739901274198 ] ] ] ] } },
{ "type": "Feature", "properties": { "id": 287, "Id": 0, "Nama": null, "Luas": 59.783692970158882 }, "geometry": { "type": "MultiPolygon", "coordinates": [ [ [ [ 112.796991089269127, -7.282648987854938 ], [ 112.796969238317232, -7.282648691869721 ], [ 112.796969000497484, -7.282588982501373 ], [ 112.796991615043936, -7.282588509938131 ], [ 112.796991089269127, -7.282648987854938 ] ] ], [ [ [ 112.796937042209535, -7.282649585239896 ], [ 112.796937579335903, -7.282620187260218 ], [ 112.796919919808971, -7.282620281166261 ], [ 112.796919745617942, -7.282617975204139 ], [ 112.796919401272518, -7.282613416717334 ], [ 112.796894346883178, -7.282613015897669 ], [ 112.79689682901801, -7.282562476004474 ], [ 112.796939000670818, -7.282563839576357 ], [ 112.79693987402888, -7.282590629197773 ], [ 112.796960193209799, -7.282591314026243 ], [ 112.796958506789565, -7.282649117244159 ], [ 112.796937042209535, -7.282649585239896 ] ] ] ] } },
{ "type": "Feature", "properties": { "id": 288, "Id": 0, "Nama": null, "Luas": 320.00704858849713 }, "geometry": { "type": "MultiPolygon", "coordinates": [ [ [ [ 112.796895657758313, -7.282586324561366 ], [ 112.796895359760668, -7.282592392229189 ], [ 112.796895022276402, -7.28259926390306 ], [ 112.796894346883178, -7.282613015897669 ], [ 112.796536047478739, -7.282607283677918 ], [ 112.796535226463206, -7.282627544868514 ], [ 112.796534302325369, -7.282650350938086 ], [ 112.796922436264197, -7.28265359429997 ], [ 112.796926760294951, -7.282680561598011 ], [ 112.796464814604619, -7.282673362265718 ], [ 112.796466762741943, -7.282578804930097 ], [ 112.796895657758313, -7.282586324561366 ] ] ] ] } },
{ "type": "Feature", "properties": { "id": 289, "Id": 0, "Nama": null, "Luas": 341.56117455232743 }, "geometry": { "type": "MultiPolygon", "coordinates": [ [ [ [ 112.796549990380967, -7.282197166378565 ], [ 112.796551513522203, -7.282190388611887 ], [ 112.79655375693406, -7.28218040574085 ], [ 112.796608243325821, -7.28218091804453 ], [ 112.796606617847146, -7.28225566083094 ], [ 112.796719710331743, -7.282258273895576 ], [ 112.796879566690478, -7.282260318489728 ], [ 112.797025253807831, -7.282265864119423 ], [ 112.797023998651596, -7.282239458773441 ], [ 112.797084957668048, -7.282241896008681 ], [ 112.797086277326997, -7.282293225028025 ], [ 112.797080068812065, -7.282292984041105 ], [ 112.797079564717421, -7.282310784308415 ], [ 112.796957588726571, -7.282311140271278 ], [ 112.79655916483317, -7.282303090268997 ], [ 112.796558862494237, -7.28229604006512 ], [ 112.796584934559661, -7.282297467591706 ], [ 112.796586106644199, -7.2822067491742 ], [ 112.79656272089322, -7.282206076498801 ], [ 112.796549990380967, -7.282197166378565 ] ] ] ] } },
{ "type": "Feature", "properties": { "id": 290, "Id": 0, "Nama": null, "Luas": 18.038082817351096 }, "geometry": { "type": "MultiPolygon", "coordinates": [ [ [ [ 112.796475331376286, -7.282332129971262 ], [ 112.796475544122629, -7.282329288065873 ], [ 112.796511578019832, -7.282329527773655 ], [ 112.79651262664089, -7.282304070169558 ], [ 112.796534478343162, -7.282304557557238 ], [ 112.79653483728147, -7.282298431996119 ], [ 112.796550551241737, -7.282297795474159 ], [ 112.796551470350551, -7.282336569984312 ], [ 112.796514453195201, -7.282337716039269 ], [ 112.796513857636015, -7.282332551163686 ], [ 112.79648973933925, -7.282332287488239 ], [ 112.796481888219503, -7.282332201654875 ], [ 112.796475331376286, -7.282332129971262 ] ] ] ] } },
{ "type": "Feature", "properties": { "id": 291, "Id": 0, "Nama": null, "Luas": 34.242210562751097 }, "geometry": { "type": "MultiPolygon", "coordinates": [ [ [ [ 112.796440950975679, -7.282159508320548 ], [ 112.796441001787699, -7.282342630361809 ], [ 112.796424500450186, -7.282342416608553 ], [ 112.796424813369569, -7.282318303632212 ], [ 112.796425167510861, -7.28229101419981 ], [ 112.796425472729581, -7.282267494667003 ], [ 112.796425711160026, -7.282249121718255 ], [ 112.796425789815871, -7.282243060667781 ], [ 112.796425875416134, -7.282236464496168 ], [ 112.796426884466001, -7.282158709405295 ], [ 112.796440950975679, -7.282159508320548 ] ] ] ] } },
{ "type": "Feature", "properties": { "id": 292, "Id": 0, "Nama": null, "Luas": 251.21414623933379 }, "geometry": { "type": "MultiPolygon", "coordinates": [ [ [ [ 112.796097194559209, -7.282504913165045 ], [ 112.796100624457395, -7.282692451261867 ], [ 112.795989459112249, -7.282692509729168 ], [ 112.79598833377122, -7.28250611074977 ], [ 112.796097194559209, -7.282504913165045 ] ] ] ] } },
{ "type": "Feature", "properties": { "id": 293, "Id": 0, "Nama": null, "Luas": 49.283581357703952 }, "geometry": { "type": "MultiPolygon", "coordinates": [ [ [ [ 112.796086761550868, -7.282388116487717 ], [ 112.79612586120534, -7.282388016438522 ], [ 112.796126273802628, -7.282491401194754 ], [ 112.796086011138684, -7.282488116174868 ], [ 112.796086761550868, -7.282388116487717 ] ] ] ] } },
{ "type": "Feature", "properties": { "id": 294, "Id": 0, "Nama": null, "Luas": 91.139754699543118 }, "geometry": { "type": "MultiPolygon", "coordinates": [ [ [ [ 112.795525107574846, -7.282384767162847 ], [ 112.795544649818481, -7.282366633493257 ], [ 112.795759417160355, -7.282585101999744 ], [ 112.795741643436813, -7.2825987641977 ], [ 112.795626437203609, -7.282484908772495 ], [ 112.795580203966551, -7.282439217597555 ], [ 112.795525107574846, -7.282384767162847 ] ] ] ] } },
{ "type": "Feature", "properties": { "id": 295, "Id": 0, "Nama": null, "Luas": 298.86455389042203 }, "geometry": { "type": "MultiPolygon", "coordinates": [ [ [ [ 112.795744671532546, -7.282634424242965 ], [ 112.795765836747691, -7.282657035152406 ], [ 112.795714664867361, -7.282705848574167 ], [ 112.79589056288836, -7.28288581258574 ], [ 112.79591057647491, -7.282906019361486 ], [ 112.795910830043297, -7.283066011460615 ], [ 112.796028044658939, -7.283070550060071 ], [ 112.796027689188747, -7.28310150024519 ], [ 112.795784061059763, -7.283094455970178 ], [ 112.795784726504849, -7.283100921666623 ], [ 112.795761152083344, -7.283101015226709 ], [ 112.795761260353984, -7.283060855706604 ], [ 112.795882457982216, -7.283064593033845 ], [ 112.795879566866574, -7.282916094159289 ], [ 112.795753709622915, -7.282788369499226 ], [ 112.795671813812348, -7.282700772645764 ], [ 112.795704987330211, -7.282670562948295 ], [ 112.795726669627058, -7.28265081780913 ], [ 112.795744671532546, -7.282634424242965 ] ] ] ] } },
{ "type": "Feature", "properties": { "id": 296, "Id": 0, "Nama": null, "Luas": 50.581137740053236 }, "geometry": { "type": "MultiPolygon", "coordinates": [ [ [ [ 112.795416239295406, -7.282486172127334 ], [ 112.795434160970558, -7.28250657547547 ], [ 112.795326517177543, -7.282608912072696 ], [ 112.795302053998185, -7.282583716677045 ], [ 112.795313197167502, -7.282573076377654 ], [ 112.795320881915956, -7.282577638994027 ], [ 112.795343763345741, -7.282555691114595 ], [ 112.795382483054482, -7.282518551143364 ], [ 112.795401583107434, -7.282500230356488 ], [ 112.795416239295406, -7.282486172127334 ] ] ] ] } },
{ "type": "Feature", "properties": { "id": 297, "Id": 0, "Nama": null, "Luas": 25.377013572491705 }, "geometry": { "type": "MultiPolygon", "coordinates": [ [ [ [ 112.795242245926801, -7.282558835406579 ], [ 112.7952080361936, -7.282593294136802 ], [ 112.795178776888505, -7.282561564682534 ], [ 112.795212157498526, -7.282527636992414 ], [ 112.795242245926801, -7.282558835406579 ] ] ] ] } },
{ "type": "Feature", "properties": { "id": 298, "Id": 0, "Nama": null, "Luas": 133.56870250357315 }, "geometry": { "type": "MultiPolygon", "coordinates": [ [ [ [ 112.794551804155518, -7.281087245119904 ], [ 112.794697265479797, -7.28093968893246 ], [ 112.794735749935242, -7.280977812222574 ], [ 112.794587599271267, -7.281123848049776 ], [ 112.794551804155518, -7.281087245119904 ] ] ] ] } },
{ "type": "Feature", "properties": { "id": 299, "Id": 0, "Nama": null, "Luas": 316.86293422174822 }, "geometry": { "type": "MultiPolygon", "coordinates": [ [ [ [ 112.794616151838298, -7.280977903688656 ], [ 112.794559420126987, -7.280978128627627 ], [ 112.794558933302369, -7.280952102950424 ], [ 112.794531326482044, -7.2809502986127 ], [ 112.794530069970648, -7.280923510468847 ], [ 112.794505152496342, -7.2809232265021 ], [ 112.794505047475951, -7.280896816551348 ], [ 112.79447859366951, -7.280895773156032 ], [ 112.794477728094478, -7.280870897255996 ], [ 112.794451266679303, -7.280867940094081 ], [ 112.794451161662863, -7.28084153014248 ], [ 112.794424709381005, -7.280840869496104 ], [ 112.794424981600983, -7.280812927012704 ], [ 112.794399680809207, -7.280812644558324 ], [ 112.794398047073329, -7.280787388943324 ], [ 112.794370444827194, -7.280786732851983 ], [ 112.794371100373581, -7.280758788848093 ], [ 112.794345408652561, -7.280756594144806 ], [ 112.794345241247697, -7.280714491320749 ], [ 112.794429961539848, -7.280715686493403 ], [ 112.794430784495731, -7.280729845312411 ], [ 112.794456088326356, -7.28073089327204 ], [ 112.794456969117647, -7.28075959670184 ], [ 112.794483041116081, -7.280761024373017 ], [ 112.794484676378175, -7.280786662739498 ], [ 112.794508828722698, -7.280787332501624 ], [ 112.794511235197248, -7.280814116086818 ], [ 112.794534234532151, -7.280814024900688 ], [ 112.794538566752337, -7.280843097403825 ], [ 112.794565396266862, -7.28084222551205 ], [ 112.794567431600129, -7.280872072638966 ], [ 112.794592346026576, -7.280871591097171 ], [ 112.794591018221595, -7.280923268816925 ], [ 112.794607890492387, -7.280924732954778 ], [ 112.794610236090193, -7.28093620642222 ], [ 112.794617532913719, -7.280939622320625 ], [ 112.794616151838298, -7.280977903688656 ] ] ] ] } },
{ "type": "Feature", "properties": { "id": 300, "Id": 0, "Nama": null, "Luas": 242.23042978444209 }, "geometry": { "type": "MultiPolygon", "coordinates": [ [ [ [ 112.794522495085715, -7.281042961290812 ], [ 112.794465384606937, -7.281044335998557 ], [ 112.794464891698581, -7.281016779308368 ], [ 112.794438048474106, -7.281014206420455 ], [ 112.794436801099039, -7.28098971479263 ], [ 112.794410341198358, -7.280987140382907 ], [ 112.794410624070878, -7.280961877169946 ], [ 112.79438455358185, -7.28096083225029 ], [ 112.794385595491192, -7.280933652232921 ], [ 112.7943668081288, -7.280932578437934 ], [ 112.794358349163815, -7.280926105070398 ], [ 112.794357778646727, -7.280879027978362 ], [ 112.794332089962353, -7.280877598781884 ], [ 112.794331098080221, -7.280820954384956 ], [ 112.794389750956086, -7.28082187013996 ], [ 112.794389860534423, -7.28084942835126 ], [ 112.794418232472665, -7.280850846906997 ], [ 112.794417948077154, -7.280875727367042 ], [ 112.794443250394252, -7.280876392572426 ], [ 112.794442979698289, -7.280904717808456 ], [ 112.79447173191771, -7.280905369334381 ], [ 112.794472608147032, -7.28093292450485 ], [ 112.794496760499598, -7.280933594265722 ], [ 112.794497633686845, -7.280960383929911 ], [ 112.794524852619588, -7.280961041530647 ], [ 112.794522495085715, -7.281042961290812 ] ] ] ] } },
{ "type": "Feature", "properties": { "id": 301, "Id": 0, "Nama": null, "Luas": 142.46690458586454 }, "geometry": { "type": "MultiPolygon", "coordinates": [ [ [ [ 112.794455669357632, -7.281107529743743 ], [ 112.794411590312251, -7.281108470021329 ], [ 112.7944080262602, -7.281079777229435 ], [ 112.794385020822304, -7.281078337400716 ], [ 112.794382249290877, -7.281056148368578 ], [ 112.794357324197634, -7.281053950630761 ], [ 112.794354141950762, -7.281024873564796 ], [ 112.794317723272613, -7.281024252426062 ], [ 112.794317239504949, -7.280998992251193 ], [ 112.794290402367722, -7.280997950365848 ], [ 112.794292089178114, -7.280940147071834 ], [ 112.794346151333414, -7.280943377581546 ], [ 112.794347404790543, -7.280969400222665 ], [ 112.794375387326767, -7.280969289287161 ], [ 112.794375113584024, -7.2809968490182 ], [ 112.79440194463227, -7.280996359886765 ], [ 112.794402822380903, -7.281024297811182 ], [ 112.794428503462996, -7.281023813236894 ], [ 112.794429381213703, -7.28105175116086 ], [ 112.794457369841879, -7.281053171230713 ], [ 112.794455669357632, -7.281107529743743 ] ] ] ] } },
{ "type": "Feature", "properties": { "id": 302, "Id": 0, "Nama": null, "Luas": 120.21081125087221 }, "geometry": { "type": "MultiPolygon", "coordinates": [ [ [ [ 112.794300540258774, -7.280663442614571 ], [ 112.79430184375498, -7.280605640839855 ], [ 112.794439076111729, -7.28060586233015 ], [ 112.794435562494016, -7.280686255641699 ], [ 112.794345852931968, -7.28068354921167 ], [ 112.794347313171798, -7.280665170991854 ], [ 112.794300540258774, -7.280663442614571 ] ] ] ] } },
{ "type": "Feature", "properties": { "id": 303, "Id": 0, "Nama": null, "Luas": 20.533740652725101 }, "geometry": { "type": "MultiPolygon", "coordinates": [ [ [ [ 112.795355920581457, -7.280684268584384 ], [ 112.795382777567639, -7.280656074981321 ], [ 112.795391505529153, -7.280664562357094 ], [ 112.795395517846927, -7.2806613886821 ], [ 112.795413994960185, -7.2806808360877 ], [ 112.795383212288868, -7.280712441051653 ], [ 112.795355920581457, -7.280684268584384 ] ] ] ] } },
{ "type": "Feature", "properties": { "id": 304, "Id": 0, "Nama": null, "Luas": 470.5096846485103 }, "geometry": { "type": "MultiPolygon", "coordinates": [ [ [ [ 112.794841204323603, -7.280252919209219 ], [ 112.794839152293889, -7.280098388445136 ], [ 112.795092625569524, -7.280097861789225 ], [ 112.795091789452457, -7.280249054844989 ], [ 112.794841204323603, -7.280252919209219 ] ] ] ] } },
{ "type": "Feature", "properties": { "id": 305, "Id": 0, "Nama": null, "Luas": 37.152049783238908 }, "geometry": { "type": "MultiPolygon", "coordinates": [ [ [ [ 112.794818255394333, -7.280054354626312 ], [ 112.794818209730792, -7.280042872040585 ], [ 112.794911641097912, -7.280041661059647 ], [ 112.794911781462048, -7.280075437946255 ], [ 112.794818628237138, -7.280074276271833 ], [ 112.794818255394333, -7.280054354626312 ] ] ] ] } },
{ "type": "Feature", "properties": { "id": 306, "Id": 0, "Nama": null, "Luas": 57.291303950354632 }, "geometry": { "type": "MultiPolygon", "coordinates": [ [ [ [ 112.795339051821699, -7.280131827180028 ], [ 112.795338863022749, -7.280084365839366 ], [ 112.795438715975365, -7.280083395658982 ], [ 112.795439283538272, -7.280129707218478 ], [ 112.795339051821699, -7.280131827180028 ] ] ] ] } },
{ "type": "Feature", "properties": { "id": 307, "Id": 0, "Nama": null, "Luas": 13.641267310878902 }, "geometry": { "type": "MultiPolygon", "coordinates": [ [ [ [ 112.795449679659541, -7.280141340125551 ], [ 112.795447438157964, -7.280107857624452 ], [ 112.795482128749157, -7.280107720026471 ], [ 112.795481877902333, -7.280141021033293 ], [ 112.795449679659541, -7.280141340125551 ] ] ] ] } },
{ "type": "Feature", "properties": { "id": 308, "Id": 0, "Nama": null, "Luas": 85.852761752612423 }, "geometry": { "type": "MultiPolygon", "coordinates": [ [ [ [ 112.795134370529624, -7.279894818115379 ], [ 112.795128245911172, -7.279704228503866 ], [ 112.795170408195588, -7.279703295790688 ], [ 112.795166178588531, -7.279892778182405 ], [ 112.795134370529624, -7.279894818115379 ] ] ] ] } },
{ "type": "Feature", "properties": { "id": 309, "Id": 0, "Nama": null, "Luas": 669.30781657631451 }, "geometry": { "type": "MultiPolygon", "coordinates": [ [ [ [ 112.79486505696056, -7.279457703646322 ], [ 112.79438720843838, -7.279449837596153 ], [ 112.794385887292691, -7.279406782446293 ], [ 112.794111016388655, -7.279400408060885 ], [ 112.794107456959381, -7.279372863515658 ], [ 112.794370200738527, -7.279366080789532 ], [ 112.794367241382432, -7.279344849395029 ], [ 112.79481810219869, -7.279362008703194 ], [ 112.794818775347565, -7.279386693983689 ], [ 112.79483316358197, -7.279390081769665 ], [ 112.794834466505563, -7.279428543873408 ], [ 112.794864954223513, -7.279431867828401 ], [ 112.79486505696056, -7.279457703646322 ] ] ] ] } },
{ "type": "Feature", "properties": { "id": 310, "Id": 0, "Nama": null, "Luas": 61.711406517919386 }, "geometry": { "type": "MultiPolygon", "coordinates": [ [ [ [ 112.794038875790747, -7.279550288952723 ], [ 112.794038218581306, -7.279589647205833 ], [ 112.79389621443238, -7.279585660926143 ], [ 112.793898225779913, -7.279558118747598 ], [ 112.793941924409111, -7.279557945581829 ], [ 112.793945716547739, -7.279547596059303 ], [ 112.794038875790747, -7.279550288952723 ] ] ] ] } },
{ "type": "Feature", "properties": { "id": 311, "Id": 0, "Nama": null, "Luas": 413.94722193437337 }, "geometry": { "type": "MultiPolygon", "coordinates": [ [ [ [ 112.794423233628535, -7.280002334973645 ], [ 112.794522521524286, -7.2800038551727 ], [ 112.794527077633276, -7.280185647613093 ], [ 112.79454432558839, -7.280185196475956 ], [ 112.794546887087236, -7.280154565605286 ], [ 112.794569680693414, -7.280154092482105 ], [ 112.794570234869468, -7.280293461861039 ], [ 112.794431276296464, -7.280289755078839 ], [ 112.794423049659969, -7.280052477128533 ], [ 112.794423721952697, -7.280028743407121 ], [ 112.794423233628535, -7.280002334973645 ] ] ] ] } },
{ "type": "Feature", "properties": { "id": 312, "Id": 0, "Nama": null, "Luas": 16.891767849747339 }, "geometry": { "type": "MultiPolygon", "coordinates": [ [ [ [ 112.79468866760206, -7.280289547482027 ], [ 112.794688604720321, -7.280281703803406 ], [ 112.794688499283524, -7.280268551923072 ], [ 112.794688144487566, -7.280224295620146 ], [ 112.794686786353964, -7.280054884330435 ], [ 112.794691548326483, -7.280054865144557 ], [ 112.794692333195613, -7.280252266309801 ], [ 112.794702396342416, -7.280252465635582 ], [ 112.794702782417474, -7.280289304650289 ], [ 112.79468866760206, -7.280289547482027 ] ] ] ] } },
{ "type": "Feature", "properties": { "id": 313, "Id": 0, "Nama": null, "Luas": 11.989712089998648 }, "geometry": { "type": "MultiPolygon", "coordinates": [ [ [ [ 112.794798542456618, -7.280271222367397 ], [ 112.794813762115169, -7.280242694327922 ], [ 112.794839694362935, -7.280257184186569 ], [ 112.794825435864368, -7.280286426088431 ], [ 112.794798542456618, -7.280271222367397 ] ] ] ] } },
{ "type": "Feature", "properties": { "id": 314, "Id": 0, "Nama": null, "Luas": 10.655343947000802 }, "geometry": { "type": "MultiPolygon", "coordinates": [ [ [ [ 112.795104254642339, -7.280250784602609 ], [ 112.795129463743464, -7.280228025307265 ], [ 112.795146556909344, -7.280246483046645 ], [ 112.795120738147673, -7.280270163381928 ], [ 112.795104254642339, -7.280250784602609 ] ] ] ] } },
{ "type": "Feature", "properties": { "id": 315, "Id": 0, "Nama": null, "Luas": 6.6704004870698554 }, "geometry": { "type": "MultiPolygon", "coordinates": [ [ [ [ 112.795077371711287, -7.280276765709237 ], [ 112.795078129220329, -7.280274466152178 ], [ 112.795080723019638, -7.280271240691796 ], [ 112.795095999862042, -7.280257094583504 ], [ 112.795109855466293, -7.280271125161092 ], [ 112.795089233434112, -7.280290651090963 ], [ 112.795077371711287, -7.280276765709237 ] ] ] ] } },
{ "type": "Feature", "properties": { "id": 316, "Id": 0, "Nama": null, "Luas": 6.9937363936332986 }, "geometry": { "type": "MultiPolygon", "coordinates": [ [ [ [ 112.795155440152215, -7.280038501045202 ], [ 112.795164265010342, -7.280038386658882 ], [ 112.795176430590388, -7.280038228970383 ], [ 112.795190497407887, -7.28003804663792 ], [ 112.795190584834756, -7.28005443144401 ], [ 112.795155895764466, -7.280054951771449 ], [ 112.795155440152215, -7.280038501045202 ] ] ] ] } },
{ "type": "Feature", "properties": { "id": 317, "Id": 0, "Nama": null, "Luas": 10.95568267294766 }, "geometry": { "type": "MultiPolygon", "coordinates": [ [ [ [ 112.795005861678618, -7.280040439830096 ], [ 112.795012641532097, -7.280040351953029 ], [ 112.795020809468596, -7.28004024608417 ], [ 112.79504103611751, -7.280039983915521 ], [ 112.79505748904495, -7.280039770659442 ], [ 112.795057558673918, -7.280057320123363 ], [ 112.79500592572478, -7.28005763969895 ], [ 112.795005861678618, -7.280040439830096 ] ] ] ] } },
{ "type": "Feature", "properties": { "id": 318, "Id": 0, "Nama": null, "Luas": 71.743899627543215 }, "geometry": { "type": "MultiPolygon", "coordinates": [ [ [ [ 112.794810763133469, -7.279894337573457 ], [ 112.794914450809841, -7.279893735073369 ], [ 112.794914547467613, -7.279918039878732 ], [ 112.794985460403865, -7.279917375936172 ], [ 112.795143003204331, -7.279916177070111 ], [ 112.795143596454764, -7.279920767823457 ], [ 112.795187679171704, -7.279920784385182 ], [ 112.795188601324043, -7.279922748063211 ], [ 112.794810326056492, -7.279930694214935 ], [ 112.794810763133469, -7.279894337573457 ] ] ] ] } },
{ "type": "Feature", "properties": { "id": 319, "Id": 0, "Nama": null, "Luas": 20.686446117459127 }, "geometry": { "type": "MultiPolygon", "coordinates": [ [ [ [ 112.794669864460261, -7.27996862975617 ], [ 112.794713059000813, -7.279969761643532 ], [ 112.794714996405546, -7.280023188466886 ], [ 112.794686533170662, -7.280023302446907 ], [ 112.794686195624791, -7.279981197128841 ], [ 112.794670385515062, -7.279981738258701 ], [ 112.794670128975199, -7.279975284324467 ], [ 112.794669864460261, -7.27996862975617 ] ] ] ] } },
{ "type": "Feature", "properties": { "id": 320, "Id": 0, "Nama": null, "Luas": 23.735784898986822 }, "geometry": { "type": "MultiPolygon", "coordinates": [ [ [ [ 112.794767009512796, -7.279969540197127 ], [ 112.794766917206289, -7.279977394201034 ], [ 112.794766759684833, -7.279990797098733 ], [ 112.794766381414604, -7.280022982692929 ], [ 112.794714996405546, -7.280023188466886 ], [ 112.794714884955653, -7.280020115071477 ], [ 112.794731466918918, -7.280020021458181 ], [ 112.794730122134155, -7.279971033649205 ], [ 112.794767009512796, -7.279969540197127 ] ] ] ] } },
{ "type": "Feature", "properties": { "id": 321, "Id": 0, "Nama": null, "Luas": 36.477230254677124 }, "geometry": { "type": "MultiPolygon", "coordinates": [ [ [ [ 112.79452428982853, -7.279785900588437 ], [ 112.794548712869499, -7.279782358939753 ], [ 112.79455775520897, -7.27981504898394 ], [ 112.794573688204579, -7.279845415157154 ], [ 112.794586678948562, -7.279858855910175 ], [ 112.794595917470929, -7.279868579638267 ], [ 112.794577307025477, -7.279887887053867 ], [ 112.794549311957695, -7.279860726460198 ], [ 112.794537147163624, -7.279838096216652 ], [ 112.794528992407862, -7.279811718176078 ], [ 112.794526347920225, -7.27979737519851 ], [ 112.79452428982853, -7.279785900588437 ] ] ] ] } },
{ "type": "Feature", "properties": { "id": 322, "Id": 0, "Nama": null, "Luas": 68.44394384602947 }, "geometry": { "type": "MultiPolygon", "coordinates": [ [ [ [ 112.79444159897038, -7.279830763578566 ], [ 112.794441649966785, -7.279823508656591 ], [ 112.794441714532752, -7.279814323294489 ], [ 112.794441850552218, -7.279794972744778 ], [ 112.794455742148514, -7.279793960780761 ], [ 112.794458902114968, -7.279700604832163 ], [ 112.79449256045578, -7.279700071463663 ], [ 112.794492533230468, -7.279789637169218 ], [ 112.794502881386023, -7.279789213388837 ], [ 112.794503430583703, -7.279830931938489 ], [ 112.79444159897038, -7.279830763578566 ] ] ] ] } },
{ "type": "Feature", "properties": { "id": 323, "Id": 0, "Nama": null, "Luas": 597.74941639218014 }, "geometry": { "type": "MultiPolygon", "coordinates": [ [ [ [ 112.793751663195295, -7.280365066259488 ], [ 112.793758235851513, -7.280089836415716 ], [ 112.793898531622816, -7.280089280450504 ], [ 112.793937018980003, -7.280128169350235 ], [ 112.79393145186819, -7.280367033073412 ], [ 112.793751663195295, -7.280365066259488 ] ] ] ] } },
{ "type": "Feature", "properties": { "id": 324, "Id": 0, "Nama": null, "Luas": 40.313045439252164 }, "geometry": { "type": "MultiPolygon", "coordinates": [ [ [ [ 112.793580272378406, -7.279911821489267 ], [ 112.793583288584813, -7.279913046815348 ], [ 112.793640456161413, -7.279936270991385 ], [ 112.793669230387053, -7.279870131028173 ], [ 112.793660403079173, -7.279866220197615 ], [ 112.793666453471758, -7.279852487550898 ], [ 112.793690933576372, -7.279863299187226 ], [ 112.793648482983443, -7.279960496831188 ], [ 112.793571605309467, -7.27993123329602 ], [ 112.793580272378406, -7.279911821489267 ] ] ] ] } },
{ "type": "Feature", "properties": { "id": 325, "Id": 0, "Nama": null, "Luas": 360.26737804623554 }, "geometry": { "type": "MultiPolygon", "coordinates": [ [ [ [ 112.793100463775573, -7.279784959200347 ], [ 112.793103751236714, -7.279551080277715 ], [ 112.793229870080253, -7.279552111750453 ], [ 112.793226582684852, -7.279785990658011 ], [ 112.793100463775573, -7.279784959200347 ] ] ] ] } },
{ "type": "Feature", "properties": { "id": 326, "Id": 0, "Nama": null, "Luas": 104.89632859354606 }, "geometry": { "type": "MultiPolygon", "coordinates": [ [ [ [ 112.79324795279507, -7.279858247495766 ], [ 112.793249172909441, -7.279682938940812 ], [ 112.793297848663443, -7.279681215081562 ], [ 112.793296637692592, -7.279858820151111 ], [ 112.79324795279507, -7.279858247495766 ] ] ] ] } },
{ "type": "Feature", "properties": { "id": 327, "Id": 0, "Nama": null, "Luas": 17.635921634675469 }, "geometry": { "type": "MultiPolygon", "coordinates": [ [ [ [ 112.793252157363483, -7.279662258120687 ], [ 112.793252304976079, -7.279602929857016 ], [ 112.793276837551119, -7.279602832676059 ], [ 112.793276306620243, -7.279662162457429 ], [ 112.793252157363483, -7.279662258120687 ] ] ] ] } },
{ "type": "Feature", "properties": { "id": 328, "Id": 0, "Nama": null, "Luas": 26.732086306554265 }, "geometry": { "type": "MultiPolygon", "coordinates": [ [ [ [ 112.792328484905298, -7.279554533141109 ], [ 112.792329417524783, -7.279499794853248 ], [ 112.792368898128657, -7.279499255781298 ], [ 112.792367589792022, -7.279555909352633 ], [ 112.792328484905298, -7.279554533141109 ] ] ] ] } },
{ "type": "Feature", "properties": { "id": 330, "Id": 0, "Nama": null, "Luas": 774.32428842107765 }, "geometry": { "type": "MultiPolygon", "coordinates": [ [ [ [ 112.792232605266392, -7.277499450669505 ], [ 112.792233931046866, -7.277640300902614 ], [ 112.792329000491392, -7.277641455647389 ], [ 112.792327152614661, -7.277752095052971 ], [ 112.792297406708016, -7.277752354236272 ], [ 112.792296764212495, -7.277711210139297 ], [ 112.792022949160653, -7.277709901612599 ], [ 112.791949005255205, -7.277708028699152 ], [ 112.791947697788018, -7.277571771486001 ], [ 112.792000595952587, -7.277571562148404 ], [ 112.791999689545875, -7.27753635186091 ], [ 112.792030352106963, -7.277535464996635 ], [ 112.792034027307636, -7.277495643464182 ], [ 112.792232605266392, -7.277499450669505 ] ] ] ] } },
{ "type": "Feature", "properties": { "id": 331, "Id": 0, "Nama": null, "Luas": 210.41630544071086 }, "geometry": { "type": "MultiPolygon", "coordinates": [ [ [ [ 112.792809218031849, -7.277715340949134 ], [ 112.79281723827016, -7.27741828794758 ], [ 112.792873975668215, -7.277419594349417 ], [ 112.792868258427461, -7.277717403743075 ], [ 112.792809218031849, -7.277715340949134 ] ] ] ] } },
{ "type": "Feature", "properties": { "id": 332, "Id": 0, "Nama": null, "Luas": 100.45628397370456 }, "geometry": { "type": "MultiPolygon", "coordinates": [ [ [ [ 112.792594426522939, -7.277296687034222 ], [ 112.792597061501667, -7.277187972937019 ], [ 112.792672967894291, -7.277189969008241 ], [ 112.792668042134409, -7.277300988726393 ], [ 112.792594426522939, -7.277296687034222 ] ] ] ] } },
{ "type": "Feature", "properties": { "id": 333, "Id": 0, "Nama": null, "Luas": 21.476687453716295 }, "geometry": { "type": "MultiPolygon", "coordinates": [ [ [ [ 112.792731627603317, -7.277289254221539 ], [ 112.792773010925231, -7.277285262793955 ], [ 112.792775496259537, -7.27733194959545 ], [ 112.79273561885617, -7.277329045393963 ], [ 112.792731627603317, -7.277289254221539 ] ] ] ] } },
{ "type": "Feature", "properties": { "id": 334, "Id": 0, "Nama": null, "Luas": 172.27562667228267 }, "geometry": { "type": "MultiPolygon", "coordinates": [ [ [ [ 112.792244196415425, -7.277268983598717 ], [ 112.792241298727319, -7.277263253675299 ], [ 112.792240956876597, -7.277177134149425 ], [ 112.792379536038425, -7.277178882223211 ], [ 112.792384600829024, -7.277295986562677 ], [ 112.792338029762533, -7.277296745033769 ], [ 112.792336199983055, -7.277270341874645 ], [ 112.792244196415425, -7.277268983598717 ] ] ] ] } },
{ "type": "Feature", "properties": { "id": 335, "Id": 0, "Nama": null, "Luas": 231.35241835316992 }, "geometry": { "type": "MultiPolygon", "coordinates": [ [ [ [ 112.79237314061092, -7.277161109222885 ], [ 112.792368885562027, -7.27710313800978 ], [ 112.792272279916276, -7.277101223807215 ], [ 112.792266847576229, -7.277036367578939 ], [ 112.792475017412741, -7.277042433320215 ], [ 112.792472618882314, -7.277162437891037 ], [ 112.79237314061092, -7.277161109222885 ] ] ] ] } },
{ "type": "Feature", "properties": { "id": 336, "Id": 0, "Nama": null, "Luas": 442.33109116011565 }, "geometry": { "type": "MultiPolygon", "coordinates": [ [ [ [ 112.792713099496979, -7.276617278671097 ], [ 112.792713530872831, -7.276581106202565 ], [ 112.792660635124349, -7.276581889725155 ], [ 112.792658547776909, -7.276490609873847 ], [ 112.792627485264376, -7.276487287993189 ], [ 112.792627800407871, -7.276421834889343 ], [ 112.79262372997448, -7.276410368219047 ], [ 112.792615655205879, -7.276404084650347 ], [ 112.792610446212421, -7.27639549318193 ], [ 112.792611890805361, -7.276324868354858 ], [ 112.792633746816804, -7.276326504262981 ], [ 112.792633687557114, -7.276311576881151 ], [ 112.79268946956239, -7.276313652640074 ], [ 112.792690110640038, -7.276330300135721 ], [ 112.792732093168652, -7.276332430510923 ], [ 112.792731869212062, -7.276420848812937 ], [ 112.792764077116772, -7.276423017875194 ], [ 112.792759691555531, -7.276477004306269 ], [ 112.79273266984957, -7.276477685410553 ], [ 112.792732697202311, -7.276484574971018 ], [ 112.792795958504882, -7.276487769383014 ], [ 112.792795319155474, -7.276616379058486 ], [ 112.792713099496979, -7.276617278671097 ] ] ] ] } },
{ "type": "Feature", "properties": { "id": 337, "Id": 0, "Nama": null, "Luas": 18.499088819720782 }, "geometry": { "type": "MultiPolygon", "coordinates": [ [ [ [ 112.79197527250831, -7.276236262241362 ], [ 112.791967921997923, -7.276195144675021 ], [ 112.792005034178217, -7.276189495666407 ], [ 112.792009513597307, -7.276231581490294 ], [ 112.79197527250831, -7.276236262241362 ] ] ] ] } },
{ "type": "Feature", "properties": { "id": 338, "Id": 0, "Nama": null, "Luas": 207.77104925197636 }, "geometry": { "type": "MultiPolygon", "coordinates": [ [ [ [ 112.79212073453877, -7.278346042929395 ], [ 112.792131085809245, -7.278346064694513 ], [ 112.79216155592178, -7.278346128761235 ], [ 112.792264200926383, -7.278346344568373 ], [ 112.792372867442907, -7.278346573010119 ], [ 112.792476364426349, -7.278346790560065 ], [ 112.792477979130993, -7.278391833502812 ], [ 112.792374772329822, -7.278392816217582 ], [ 112.792374397331798, -7.278456688359915 ], [ 112.792358363639536, -7.278456540057827 ], [ 112.792359248983402, -7.278393164739052 ], [ 112.792297716900364, -7.278391111762737 ], [ 112.792120613629663, -7.278389516238282 ], [ 112.79212073453877, -7.278346042929395 ] ] ] ] } },
{ "type": "Feature", "properties": { "id": 339, "Id": 0, "Nama": null, "Luas": 9.7365310186578427 }, "geometry": { "type": "MultiPolygon", "coordinates": [ [ [ [ 112.792508963797218, -7.27836209454134 ], [ 112.792549799167986, -7.278362987306263 ], [ 112.792553550366137, -7.278381773951863 ], [ 112.792510424518568, -7.278381370549447 ], [ 112.792508963797218, -7.27836209454134 ] ] ] ] } },
{ "type": "Feature", "properties": { "id": 340, "Id": 0, "Nama": null, "Luas": 47.183617091613996 }, "geometry": { "type": "MultiPolygon", "coordinates": [ [ [ [ 112.792755896016359, -7.278177941301264 ], [ 112.792756315959863, -7.278138898185603 ], [ 112.792853203595698, -7.278139375766822 ], [ 112.792852504150645, -7.278180429473694 ], [ 112.792831801430737, -7.278179650239955 ], [ 112.792755896016359, -7.278177941301264 ] ] ] ] } },
{ "type": "Feature", "properties": { "id": 341, "Id": 0, "Nama": null, "Luas": 10.179743099040934 }, "geometry": { "type": "MultiPolygon", "coordinates": [ [ [ [ 112.792751337427774, -7.278115952336945 ], [ 112.792752080202021, -7.278085807097685 ], [ 112.792779971313948, -7.278086844943813 ], [ 112.792780944363159, -7.27811468683295 ], [ 112.792751337427774, -7.278115952336945 ] ] ] ] } },
{ "type": "Feature", "properties": { "id": 342, "Id": 0, "Nama": null, "Luas": 10.523935427925608 }, "geometry": { "type": "MultiPolygon", "coordinates": [ [ [ [ 112.792792625443781, -7.278087943118567 ], [ 112.792823382337446, -7.278086673059056 ], [ 112.792821773677261, -7.278115960517312 ], [ 112.792792161042584, -7.278115790699025 ], [ 112.792792625443781, -7.278087943118567 ] ] ] ] } },
{ "type": "Feature", "properties": { "id": 343, "Id": 0, "Nama": null, "Luas": 35.022303059697151 }, "geometry": { "type": "MultiPolygon", "coordinates": [ [ [ [ 112.792729532252011, -7.278036791297459 ], [ 112.792729570757132, -7.278030206065631 ], [ 112.792729666045716, -7.278013909616941 ], [ 112.792855875003085, -7.278014496282468 ], [ 112.79285509766693, -7.278037171527695 ], [ 112.792729532252011, -7.278036791297459 ] ] ] ] } },
{ "type": "Feature", "properties": { "id": 344, "Id": 0, "Nama": null, "Luas": 56.319024700220325 }, "geometry": { "type": "MultiPolygon", "coordinates": [ [ [ [ 112.791519652726876, -7.278439737874062 ], [ 112.79151997998008, -7.278401460620148 ], [ 112.791526653917629, -7.278392822121861 ], [ 112.791616264652134, -7.278394859786996 ], [ 112.791615024676744, -7.278444623437806 ], [ 112.791519652726876, -7.278439737874062 ] ] ] ] } },
{ "type": "Feature", "properties": { "id": 345, "Id": 0, "Nama": null, "Luas": 30.897210522354726 }, "geometry": { "type": "MultiPolygon", "coordinates": [ [ [ [ 112.791632356529774, -7.278575199773726 ], [ 112.791612330660399, -7.278574724506984 ], [ 112.791615024676744, -7.278444623437806 ], [ 112.791633886928167, -7.278445183271408 ], [ 112.791632795716097, -7.278537888194733 ], [ 112.791632586045523, -7.278555700991795 ], [ 112.791632356529774, -7.278575199773726 ] ] ] ] } },
{ "type": "Feature", "properties": { "id": 346, "Id": 0, "Nama": null, "Luas": 72.805176928792207 }, "geometry": { "type": "MultiPolygon", "coordinates": [ [ [ [ 112.791812462618864, -7.278756039896543 ], [ 112.7918240486662, -7.278756330314489 ], [ 112.791834582308709, -7.278756594352445 ], [ 112.791871654661364, -7.278757523611921 ], [ 112.79191137084814, -7.278758519138604 ], [ 112.791911560011783, -7.278806171948301 ], [ 112.791913442889822, -7.278838502129469 ], [ 112.791875119323748, -7.278840806831314 ], [ 112.791873303651911, -7.278805887211941 ], [ 112.791815075363829, -7.27880324696787 ], [ 112.791812462618864, -7.278756039896543 ] ] ] ] } },
{ "type": "Feature", "properties": { "id": 347, "Id": 0, "Nama": null, "Luas": 44.012512043227616 }, "geometry": { "type": "MultiPolygon", "coordinates": [ [ [ [ 112.792206763536399, -7.278797151356265 ], [ 112.792253478885996, -7.278796487980159 ], [ 112.792252363415898, -7.278877589551156 ], [ 112.792214750984058, -7.278877977669783 ], [ 112.792215880477613, -7.2788607490237 ], [ 112.792206295551125, -7.278860308517101 ], [ 112.792206763536399, -7.278797151356265 ] ] ] ] } },
{ "type": "Feature", "properties": { "id": 348, "Id": 0, "Nama": null, "Luas": 38.482735219680762 }, "geometry": { "type": "MultiPolygon", "coordinates": [ [ [ [ 112.792157231924762, -7.278872942418389 ], [ 112.79211267274593, -7.278873597251565 ], [ 112.792112866978087, -7.278801829083396 ], [ 112.792156711221892, -7.27880213398056 ], [ 112.792157231924762, -7.278872942418389 ] ] ] ] } },
{ "type": "Feature", "properties": { "id": 349, "Id": 0, "Nama": null, "Luas": 53.991525629735406 }, "geometry": { "type": "MultiPolygon", "coordinates": [ [ [ [ 112.792421560055701, -7.278621379000609 ], [ 112.792421616052692, -7.278603013266389 ], [ 112.792437243338654, -7.27859815628367 ], [ 112.792491747844764, -7.278616312951065 ], [ 112.792496510226329, -7.278612575633071 ], [ 112.792560750562416, -7.278639212181745 ], [ 112.792561101177014, -7.278699311500772 ], [ 112.792571372352299, -7.27869881152312 ], [ 112.792572706590263, -7.278725905603942 ], [ 112.79254542630224, -7.27872907568918 ], [ 112.792545262517692, -7.278765055719014 ], [ 112.792541008989488, -7.278764389099989 ], [ 112.792537206781518, -7.278666079883165 ], [ 112.792536442075672, -7.278647058052566 ], [ 112.792443726471873, -7.278611254358053 ], [ 112.792421560055701, -7.278621379000609 ] ] ] ] } },
{ "type": "Feature", "properties": { "id": 350, "Id": 0, "Nama": null, "Luas": 21.9173985594025 }, "geometry": { "type": "MultiPolygon", "coordinates": [ [ [ [ 112.795869180997016, -7.279043178115795 ], [ 112.795869801449783, -7.279006430819959 ], [ 112.795919257398623, -7.279008148431608 ], [ 112.795916721870498, -7.279045286082102 ], [ 112.795869180997016, -7.279043178115795 ] ] ] ] } },
{ "type": "Feature", "properties": { "id": 351, "Id": 0, "Nama": null, "Luas": 21.641458633341244 }, "geometry": { "type": "MultiPolygon", "coordinates": [ [ [ [ 112.795859599508262, -7.279043598881875 ], [ 112.795812451090711, -7.279043785904969 ], [ 112.795811915495804, -7.279005512158873 ], [ 112.795860223007367, -7.279007617091169 ], [ 112.795859599508262, -7.279043598881875 ] ] ] ] } },
{ "type": "Feature", "properties": { "id": 352, "Id": 0, "Nama": null, "Luas": 44.917946680794557 }, "geometry": { "type": "MultiPolygon", "coordinates": [ [ [ [ 112.795804396792519, -7.279042669577255 ], [ 112.795698580544183, -7.279038113434064 ], [ 112.795698061708109, -7.279004049965052 ], [ 112.795804640021103, -7.279007454811349 ], [ 112.795804396792519, -7.279042669577255 ] ] ] ] } },
{ "type": "Feature", "properties": { "id": 353, "Id": 0, "Nama": null, "Luas": 21.594873729292885 }, "geometry": { "type": "MultiPolygon", "coordinates": [ [ [ [ 112.79575586391725, -7.278983917243507 ], [ 112.795755335941848, -7.278947557259441 ], [ 112.795805947938888, -7.278950801334563 ], [ 112.795805700141187, -7.278984867842516 ], [ 112.79575586391725, -7.278983917243507 ] ] ] ] } },
{ "type": "Feature", "properties": { "id": 354, "Id": 0, "Nama": null, "Luas": 21.277722209992135 }, "geometry": { "type": "MultiPolygon", "coordinates": [ [ [ [ 112.795816293021346, -7.278949612023824 ], [ 112.795864592912892, -7.278949803193846 ], [ 112.795864736053915, -7.278985781943478 ], [ 112.795817205844841, -7.278986353238768 ], [ 112.795816293021346, -7.278949612023824 ] ] ] ] } },
{ "type": "Feature", "properties": { "id": 355, "Id": 0, "Nama": null, "Luas": 20.46424024046064 }, "geometry": { "type": "MultiPolygon", "coordinates": [ [ [ [ 112.795873035097955, -7.278952066258299 ], [ 112.795920944053819, -7.278950345179516 ], [ 112.795921470519772, -7.278986322407474 ], [ 112.795873169102961, -7.278985748491845 ], [ 112.795873035097955, -7.278952066258299 ] ] ] ] } },
{ "type": "Feature", "properties": { "id": 356, "Id": 0, "Nama": null, "Luas": 33.849940380329826 }, "geometry": { "type": "MultiPolygon", "coordinates": [ [ [ [ 112.795960778914861, -7.278942531986266 ], [ 112.795985687123448, -7.278940519383584 ], [ 112.795985745439808, -7.279051519166849 ], [ 112.795960449336164, -7.279052385033729 ], [ 112.795960778914861, -7.278942531986266 ] ] ] ] } },
{ "type": "Feature", "properties": { "id": 357, "Id": 0, "Nama": null, "Luas": 39.043513532262295 }, "geometry": { "type": "MultiPolygon", "coordinates": [ [ [ [ 112.795570081751364, -7.279113261048288 ], [ 112.795540816926732, -7.279080077103517 ], [ 112.795594670236525, -7.279030870395113 ], [ 112.795623547171886, -7.279062907598473 ], [ 112.795570081751364, -7.279113261048288 ] ] ] ] } },
{ "type": "Feature", "properties": { "id": 358, "Id": 0, "Nama": null, "Luas": 89.998976214788854 }, "geometry": { "type": "MultiPolygon", "coordinates": [ [ [ [ 112.795552247219277, -7.279383814636154 ], [ 112.795420947141309, -7.27923659049543 ], [ 112.795447307967052, -7.279214285941849 ], [ 112.795581651770519, -7.279355756621011 ], [ 112.795552247219277, -7.279383814636154 ] ] ] ] } },
{ "type": "Feature", "properties": { "id": 359, "Id": 0, "Nama": null, "Luas": 63.369460682157296 }, "geometry": { "type": "MultiPolygon", "coordinates": [ [ [ [ 112.795771275734722, -7.279351346748169 ], [ 112.795746464283212, -7.279351227464375 ], [ 112.795750457559492, -7.279210787020935 ], [ 112.795648151250774, -7.279209279022744 ], [ 112.795648099861566, -7.279196361119201 ], [ 112.79566317743064, -7.279197512382089 ], [ 112.795751145882505, -7.279199459675496 ], [ 112.795778976867481, -7.2792000757461 ], [ 112.795776345692687, -7.279267332698088 ], [ 112.795774044856159, -7.279267308848678 ], [ 112.795773164665661, -7.279294021051875 ], [ 112.795771826842127, -7.279334621613319 ], [ 112.795771275734722, -7.279351346748169 ] ] ] ] } },
{ "type": "Feature", "properties": { "id": 360, "Id": 0, "Nama": null, "Luas": 46.958997558096598 }, "geometry": { "type": "MultiPolygon", "coordinates": [ [ [ [ 112.796344189562731, -7.279084114738984 ], [ 112.796344969839282, -7.279039376731983 ], [ 112.796431466965188, -7.279041664984675 ], [ 112.796430923416395, -7.279085684378061 ], [ 112.796344189562731, -7.279084114738984 ] ] ] ] } },
{ "type": "Feature", "properties": { "id": 361, "Id": 0, "Nama": null, "Luas": 16.812196913182561 }, "geometry": { "type": "MultiPolygon", "coordinates": [ [ [ [ 112.796017415768645, -7.279327984506698 ], [ 112.796018049779107, -7.27930669104099 ], [ 112.796082024978929, -7.279308590249457 ], [ 112.796081153299937, -7.279330363105761 ], [ 112.796017415768645, -7.279327984506698 ] ] ] ] } },
{ "type": "Feature", "properties": { "id": 362, "Id": 0, "Nama": null, "Luas": 44.126691697834758 }, "geometry": { "type": "MultiPolygon", "coordinates": [ [ [ [ 112.796178593392966, -7.279012082713053 ], [ 112.796180971114737, -7.278829325170574 ], [ 112.796201553125513, -7.27882866937638 ], [ 112.796197287114651, -7.279013730960489 ], [ 112.796178593392966, -7.279012082713053 ] ] ] ] } },
{ "type": "Feature", "properties": { "id": 363, "Id": 0, "Nama": null, "Luas": 41.344102483300958 }, "geometry": { "type": "MultiPolygon", "coordinates": [ [ [ [ 112.79657616155508, -7.27902362235054 ], [ 112.796579207486531, -7.278840656619392 ], [ 112.796597641858952, -7.278841391454575 ], [ 112.796594939679196, -7.279022399557022 ], [ 112.79657616155508, -7.27902362235054 ] ] ] ] } },
{ "type": "Feature", "properties": { "id": 364, "Id": 0, "Nama": null, "Luas": 71.122879809990991 }, "geometry": { "type": "MultiPolygon", "coordinates": [ [ [ [ 112.796642914808046, -7.279112660495104 ], [ 112.796647815550159, -7.279114520311931 ], [ 112.796653410885654, -7.27911664372476 ], [ 112.796672988987424, -7.279124073554153 ], [ 112.796744222583627, -7.279107714994597 ], [ 112.796752446050817, -7.279175873065808 ], [ 112.796647199464118, -7.279169975238807 ], [ 112.796642914808046, -7.279112660495104 ] ] ] ] } },
{ "type": "Feature", "properties": { "id": 365, "Id": 0, "Nama": null, "Luas": 37.100225687026978 }, "geometry": { "type": "MultiPolygon", "coordinates": [ [ [ [ 112.79671222110656, -7.278084067282003 ], [ 112.796667830144841, -7.278006543443318 ], [ 112.796697660511242, -7.277989200941875 ], [ 112.796741289406, -7.278067876076438 ], [ 112.79671222110656, -7.278084067282003 ] ] ] ] } },
{ "type": "Feature", "properties": { "id": 366, "Id": 0, "Nama": null, "Luas": 44.983095890932418 }, "geometry": { "type": "MultiPolygon", "coordinates": [ [ [ [ 112.796910093672508, -7.278083250161426 ], [ 112.796761061101847, -7.278079535546754 ], [ 112.796694612627135, -7.27811831430207 ], [ 112.796690535097127, -7.278117134361644 ], [ 112.796691207170241, -7.278105409714495 ], [ 112.796759816576056, -7.27806781850543 ], [ 112.796760268114738, -7.278060879215323 ], [ 112.796910022259667, -7.278065308640311 ], [ 112.796910093672508, -7.278083250161426 ] ] ] ] } },
{ "type": "Feature", "properties": { "id": 367, "Id": 0, "Nama": null, "Luas": 80.656723990425235 }, "geometry": { "type": "MultiPolygon", "coordinates": [ [ [ [ 112.796949979464998, -7.278252824497892 ], [ 112.796949594346543, -7.278217818007426 ], [ 112.797052600992785, -7.278214777727819 ], [ 112.797053395898217, -7.278233912496135 ], [ 112.797073519220802, -7.278233593403224 ], [ 112.797076086781061, -7.278336927996614 ], [ 112.797045533202009, -7.278337540888112 ], [ 112.797044321997959, -7.278250631310039 ], [ 112.796995445852474, -7.278251767539861 ], [ 112.796969601898155, -7.278252368335348 ], [ 112.796949979464998, -7.278252824497892 ] ] ] ] } },
{ "type": "Feature", "properties": { "id": 368, "Id": 0, "Nama": null, "Luas": 13.203355127945542 }, "geometry": { "type": "MultiPolygon", "coordinates": [ [ [ [ 112.796792521112451, -7.277033718871731 ], [ 112.796812108117692, -7.277019048486305 ], [ 112.796836927048048, -7.277054833621831 ], [ 112.79681782299879, -7.277070458988541 ], [ 112.796792521112451, -7.277033718871731 ] ] ] ] } },
{ "type": "Feature", "properties": { "id": 369, "Id": 0, "Nama": null, "Luas": 41.817142699030228 }, "geometry": { "type": "MultiPolygon", "coordinates": [ [ [ [ 112.796648647118005, -7.276924603489878 ], [ 112.79666482528954, -7.276920878981203 ], [ 112.796711531527407, -7.276910126354272 ], [ 112.79675671170034, -7.276899725050482 ], [ 112.796759689456309, -7.276914938816752 ], [ 112.796737165813298, -7.27693818507308 ], [ 112.79665655113574, -7.276957068699719 ], [ 112.796648647118005, -7.276924603489878 ] ] ] ] } },
{ "type": "Feature", "properties": { "id": 370, "Id": 0, "Nama": null, "Luas": 192.58043683273718 }, "geometry": { "type": "MultiPolygon", "coordinates": [ [ [ [ 112.7977483684285, -7.277486237104726 ], [ 112.797739900724693, -7.277451010355165 ], [ 112.797940311984519, -7.27739929694669 ], [ 112.798162488487279, -7.277344151059105 ], [ 112.798172284773855, -7.277378646162964 ], [ 112.797924377215168, -7.277440698111096 ], [ 112.7977483684285, -7.277486237104726 ] ] ] ] } },
{ "type": "Feature", "properties": { "id": 371, "Id": 0, "Nama": null, "Luas": 58.228599126683548 }, "geometry": { "type": "MultiPolygon", "coordinates": [ [ [ [ 112.797708554356035, -7.277320605307416 ], [ 112.797701331199562, -7.277290556002319 ], [ 112.797686368152981, -7.277228307690682 ], [ 112.797670666656032, -7.277162987295588 ], [ 112.797693256735712, -7.277157991768297 ], [ 112.797718548858256, -7.2772524326743 ], [ 112.797751634053938, -7.277245264411774 ], [ 112.797755016136392, -7.277269846133119 ], [ 112.797723615818938, -7.277273464267793 ], [ 112.797732975485161, -7.277313616736343 ], [ 112.797708554356035, -7.277320605307416 ] ] ] ] } },
{ "type": "Feature", "properties": { "id": 372, "Id": 0, "Nama": null, "Luas": 58.781922445894452 }, "geometry": { "type": "MultiPolygon", "coordinates": [ [ [ [ 112.797736478369643, -7.277135109491582 ], [ 112.797733681233325, -7.277105776155264 ], [ 112.797899200102862, -7.277086363882961 ], [ 112.797901829427474, -7.277114564120213 ], [ 112.797839934843111, -7.277122254717453 ], [ 112.797794447632171, -7.277127906641432 ], [ 112.797764066827199, -7.277131681546081 ], [ 112.797736478369643, -7.277135109491582 ] ] ] ] } },
{ "type": "Feature", "properties": { "id": 373, "Id": 0, "Nama": null, "Luas": 241.89447118586395 }, "geometry": { "type": "MultiPolygon", "coordinates": [ [ [ [ 112.797756162909621, -7.277072004172048 ], [ 112.79774511453472, -7.276992817055953 ], [ 112.797992239000422, -7.276962746320196 ], [ 112.79800404947926, -7.277040782119367 ], [ 112.797756162909621, -7.277072004172048 ] ] ] ] } },
{ "type": "Feature", "properties": { "id": 374, "Id": 0, "Nama": null, "Luas": 85.485170051921159 }, "geometry": { "type": "MultiPolygon", "coordinates": [ [ [ [ 112.798010521689093, -7.277029656431639 ], [ 112.798003808659459, -7.276980307265838 ], [ 112.798141355889044, -7.276963685283344 ], [ 112.79814884014192, -7.277014179656057 ], [ 112.798010521689093, -7.277029656431639 ] ] ] ] } },
{ "type": "Feature", "properties": { "id": 375, "Id": 0, "Nama": null, "Luas": 54.422033558337716 }, "geometry": { "type": "MultiPolygon", "coordinates": [ [ [ [ 112.798127982146823, -7.277086463859773 ], [ 112.798126424046075, -7.277064409996001 ], [ 112.798201133004952, -7.277054544387175 ], [ 112.798211034555038, -7.277134501542758 ], [ 112.798223293120145, -7.277132539073605 ], [ 112.798245495929891, -7.277221250817934 ], [ 112.798215196919614, -7.277221980608624 ], [ 112.79819470766536, -7.277078172960882 ], [ 112.798159268566067, -7.27708257640468 ], [ 112.798147047032373, -7.277084094976384 ], [ 112.798127982146823, -7.277086463859773 ] ] ] ] } },
{ "type": "Feature", "properties": { "id": 376, "Id": 0, "Nama": null, "Luas": 19.845215972571168 }, "geometry": { "type": "MultiPolygon", "coordinates": [ [ [ [ 112.798216982253209, -7.27723451129684 ], [ 112.798267091321406, -7.277229191564164 ], [ 112.798271039320326, -7.277261712064307 ], [ 112.798221523311597, -7.277266383534305 ], [ 112.798216982253209, -7.27723451129684 ] ] ] ] } },
{ "type": "Feature", "properties": { "id": 377, "Id": 0, "Nama": null, "Luas": 44.044160316327179 }, "geometry": { "type": "MultiPolygon", "coordinates": [ [ [ [ 112.798155695035021, -7.277273878626518 ], [ 112.798166787138825, -7.277272615699673 ], [ 112.798175146439647, -7.277271663924652 ], [ 112.798207530744264, -7.2772679767043 ], [ 112.798221523311597, -7.277266383534305 ], [ 112.798271039320326, -7.277261712064307 ], [ 112.79827156492982, -7.277266041619941 ], [ 112.798190009385024, -7.277273302999867 ], [ 112.798193649680215, -7.27728501051573 ], [ 112.798247272344113, -7.27727427172756 ], [ 112.7982538586933, -7.277302024493968 ], [ 112.798183897341005, -7.277319699105025 ], [ 112.798176051262089, -7.277321681290028 ], [ 112.798170402011721, -7.277327255754962 ], [ 112.798155695035021, -7.277273878626518 ] ] ] ] } },
{ "type": "Feature", "properties": { "id": 378, "Id": 0, "Nama": null, "Luas": 3.5465902621072019 }, "geometry": { "type": "MultiPolygon", "coordinates": [ [ [ [ 112.798170402011721, -7.277327255754962 ], [ 112.798160472841772, -7.277337053480879 ], [ 112.798153272181963, -7.277312920824826 ], [ 112.798164744103332, -7.277306721087966 ], [ 112.798167609261554, -7.277317119819807 ], [ 112.798168640564612, -7.277320862804541 ], [ 112.798170402011721, -7.277327255754962 ] ] ] ] } },
{ "type": "Feature", "properties": { "id": 380, "Id": 0, "Nama": null, "Luas": 398.35925944743212 }, "geometry": { "type": "MultiPolygon", "coordinates": [ [ [ [ 112.793810633587995, -7.286900826486082 ], [ 112.79378304236927, -7.286710321940132 ], [ 112.7938098539706, -7.286704856972338 ], [ 112.793805920200796, -7.28667961048087 ], [ 112.793912424299876, -7.286663877685557 ], [ 112.793915618829956, -7.286696016768459 ], [ 112.793934003316039, -7.286692116255959 ], [ 112.79396693985889, -7.286877240948847 ], [ 112.793810633587995, -7.286900826486082 ] ] ] ] } },
{ "type": "Feature", "properties": { "id": 381, "Id": 0, "Nama": null, "Luas": 36.24604671751149 }, "geometry": { "type": "MultiPolygon", "coordinates": [ [ [ [ 112.793807830879686, -7.28688147510123 ], [ 112.7937541777533, -7.286888687292816 ], [ 112.793792113131573, -7.286772951372702 ], [ 112.793807830879686, -7.28688147510123 ] ] ] ] } },
{ "type": "Feature", "properties": { "id": 382, "Id": 0, "Nama": null, "Luas": 299.28508475283161 }, "geometry": { "type": "MultiPolygon", "coordinates": [ [ [ [ 112.79395454446518, -7.286738903613486 ], [ 112.793925963019433, -7.286564478892047 ], [ 112.794073669427206, -7.286547242980549 ], [ 112.794097694065215, -7.28666025294615 ], [ 112.794036720220532, -7.286726520738455 ], [ 112.79395454446518, -7.286738903613486 ] ] ] ] } },
{ "type": "Feature", "properties": { "id": 383, "Id": 0, "Nama": null, "Luas": 12.360813376493752 }, "geometry": { "type": "MultiPolygon", "coordinates": [ [ [ [ 112.793925501956011, -7.286556985024249 ], [ 112.793924037730719, -7.286526178734428 ], [ 112.793956805355919, -7.286524326346834 ], [ 112.793958269583385, -7.286555132636011 ], [ 112.793925501956011, -7.286556985024249 ] ] ] ] } },
{ "type": "Feature", "properties": { "id": 384, "Id": 0, "Nama": null, "Luas": 6.1974629459436983 }, "geometry": { "type": "MultiPolygon", "coordinates": [ [ [ [ 112.794160496775859, -7.286559880453432 ], [ 112.794180168832554, -7.286542386883118 ], [ 112.794192113655228, -7.286557841233952 ], [ 112.794173015066448, -7.286574949770919 ], [ 112.794160496775859, -7.286559880453432 ] ] ] ] } },
{ "type": "Feature", "properties": { "id": 385, "Id": 0, "Nama": null, "Luas": 5.9331382995005697 }, "geometry": { "type": "MultiPolygon", "coordinates": [ [ [ [ 112.794185521706609, -7.286538920817832 ], [ 112.794206720978138, -7.286519890152636 ], [ 112.79421598022607, -7.286534781018226 ], [ 112.79419612031522, -7.28655323223221 ], [ 112.794185521706609, -7.286538920817832 ] ] ] ] } },
{ "type": "Feature", "properties": { "id": 386, "Id": 0, "Nama": null, "Luas": 4.5119609578543987 }, "geometry": { "type": "MultiPolygon", "coordinates": [ [ [ [ 112.794132891772918, -7.286492787061311 ], [ 112.794129665733237, -7.286491268822904 ], [ 112.794127508136341, -7.286488521517462 ], [ 112.79412672929891, -7.286485462535557 ], [ 112.794126715288314, -7.286481941208915 ], [ 112.794127010985207, -7.286479184171585 ], [ 112.794128839381528, -7.286476267950649 ], [ 112.794132045318875, -7.286472733850881 ], [ 112.794135568882766, -7.286471954355438 ], [ 112.794141856056939, -7.286472082518476 ], [ 112.794144623322239, -7.286473908783889 ], [ 112.794148170034262, -7.286478947132276 ], [ 112.79414818830918, -7.286483540166969 ], [ 112.794147130222271, -7.286487371953632 ], [ 112.794143159458173, -7.286491368398239 ], [ 112.794139332887426, -7.286493067717187 ], [ 112.794132891772918, -7.286492787061311 ] ] ] ] } },
{ "type": "Feature", "properties": { "id": 387, "Id": 0, "Nama": null, "Luas": 4.2652297249442199 }, "geometry": { "type": "MultiPolygon", "coordinates": [ [ [ [ 112.794157652180644, -7.286472785374429 ], [ 112.794160706614392, -7.286469711186222 ], [ 112.794164067100567, -7.286466482680359 ], [ 112.794173113620715, -7.286466446793212 ], [ 112.794178504567356, -7.286472549550298 ], [ 112.79417869018441, -7.286480663303196 ], [ 112.794177015728508, -7.286483732017132 ], [ 112.79417028196346, -7.286486973904807 ], [ 112.794165218999325, -7.286486228471559 ], [ 112.794160302056056, -7.286483645216125 ], [ 112.794157839015668, -7.286481205329727 ], [ 112.794157652180644, -7.286472785374429 ] ] ] ] } },
{ "type": "Feature", "properties": { "id": 388, "Id": 0, "Nama": null, "Luas": 5.1834361780172458 }, "geometry": { "type": "MultiPolygon", "coordinates": [ [ [ [ 112.794159076448565, -7.286445374185019 ], [ 112.794154314054978, -7.286443096523467 ], [ 112.79415230796161, -7.286439889306417 ], [ 112.794152293341725, -7.286436214878682 ], [ 112.794152576855311, -7.286430395818249 ], [ 112.794153627632213, -7.286424726817709 ], [ 112.794158523254069, -7.286421951532954 ], [ 112.794165888007484, -7.28642314714615 ], [ 112.794170650400872, -7.28642542480762 ], [ 112.794174051700978, -7.286432454079136 ], [ 112.794173466399386, -7.286439499165255 ], [ 112.794169345350866, -7.28644426172395 ], [ 112.79416398790886, -7.286446579530189 ], [ 112.794159076448565, -7.286445374185019 ] ] ] ] } },
{ "type": "Feature", "properties": { "id": 389, "Id": 0, "Nama": null, "Luas": 4.3137608593860932 }, "geometry": { "type": "MultiPolygon", "coordinates": [ [ [ [ 112.794136866014924, -7.286451127123809 ], [ 112.794128588585778, -7.286451772373578 ], [ 112.794125208606431, -7.286450101642154 ], [ 112.794122738865752, -7.286445977642692 ], [ 112.794122700489197, -7.286436332269714 ], [ 112.794130802048599, -7.286430022885493 ], [ 112.794138782562172, -7.286431828470777 ], [ 112.79414310201949, -7.286438394789708 ], [ 112.794142979146571, -7.286446050455794 ], [ 112.794136866014924, -7.286451127123809 ] ] ] ] } },
{ "type": "Feature", "properties": { "id": 390, "Id": 0, "Nama": null, "Luas": 4.9927101844423305 }, "geometry": { "type": "MultiPolygon", "coordinates": [ [ [ [ 112.794103603576232, -7.286453861831418 ], [ 112.794100386674089, -7.286454640110109 ], [ 112.794096089755385, -7.286453738533648 ], [ 112.794092549744661, -7.286450384297379 ], [ 112.794092068432164, -7.286445027581425 ], [ 112.794092196179079, -7.286438596724444 ], [ 112.794093871244712, -7.286435681111857 ], [ 112.794100905580152, -7.28643090699728 ], [ 112.794108586132651, -7.286434397912357 ], [ 112.794113817046636, -7.286438817166014 ], [ 112.794114600147878, -7.28644294785614 ], [ 112.794113854813844, -7.286448309437898 ], [ 112.794109580433698, -7.286453072604458 ], [ 112.794103603576232, -7.286453861831418 ] ] ] ] } },
{ "type": "Feature", "properties": { "id": 391, "Id": 0, "Nama": null, "Luas": 13.152592753993304 }, "geometry": { "type": "MultiPolygon", "coordinates": [ [ [ [ 112.792492450819339, -7.28756383690495 ], [ 112.792493854025039, -7.287531105426758 ], [ 112.79252625364272, -7.287533082175293 ], [ 112.79252638147041, -7.28756523344528 ], [ 112.792492450819339, -7.28756383690495 ] ] ] ] } },
{ "type": "Feature", "properties": { "id": 392, "Id": 0, "Nama": null, "Luas": 61.093369778966007 }, "geometry": { "type": "MultiPolygon", "coordinates": [ [ [ [ 112.791229815014887, -7.287667065302283 ], [ 112.791240394771108, -7.287667384509727 ], [ 112.791260482397846, -7.287667990583471 ], [ 112.791256428303655, -7.287837939315281 ], [ 112.791236741327069, -7.28783735102551 ], [ 112.79123615856679, -7.287811277842644 ], [ 112.791225590680284, -7.287811058940068 ], [ 112.791229815014887, -7.287667065302283 ] ] ] ] } },
{ "type": "Feature", "properties": { "id": 393, "Id": 0, "Nama": null, "Luas": 32.19705583772884 }, "geometry": { "type": "MultiPolygon", "coordinates": [ [ [ [ 112.79143197441104, -7.287282315645802 ], [ 112.791446094581545, -7.287282265071474 ], [ 112.791445771894686, -7.287307453693847 ], [ 112.791533487952279, -7.287311245855141 ], [ 112.791533181433863, -7.287332247587519 ], [ 112.791429863777338, -7.287329977561151 ], [ 112.79143197441104, -7.287282315645802 ] ] ] ] } },
{ "type": "Feature", "properties": { "id": 394, "Id": 0, "Nama": null, "Luas": 219.77781339491776 }, "geometry": { "type": "MultiPolygon", "coordinates": [ [ [ [ 112.79044619049084, -7.288681684771989 ], [ 112.790060902211366, -7.288672684417333 ], [ 112.790061670548738, -7.288624836409065 ], [ 112.790447447450489, -7.2886362270858 ], [ 112.79044619049084, -7.288681684771989 ] ] ] ] } },
{ "type": "Feature", "properties": { "id": 395, "Id": 0, "Nama": null, "Luas": 39.884768966032425 }, "geometry": { "type": "MultiPolygon", "coordinates": [ [ [ [ 112.790334866506456, -7.288883552868078 ], [ 112.790336667242812, -7.288854360312635 ], [ 112.790453611382432, -7.288861073971726 ], [ 112.790452757576674, -7.288887392078619 ], [ 112.790334866506456, -7.288883552868078 ] ] ] ] } },
{ "type": "Feature", "properties": { "id": 396, "Id": 0, "Nama": null, "Luas": 440.79642029039678 }, "geometry": { "type": "MultiPolygon", "coordinates": [ [ [ [ 112.789753183792087, -7.290366485470452 ], [ 112.789751353921332, -7.290340082291348 ], [ 112.789759568479994, -7.290236704630595 ], [ 112.790048910468613, -7.290265414231442 ], [ 112.790041327984866, -7.29038314286774 ], [ 112.789753183792087, -7.290366485470452 ] ] ] ] } },
{ "type": "Feature", "properties": { "id": 397, "Id": 0, "Nama": null, "Luas": 310.33211624016985 }, "geometry": { "type": "MultiPolygon", "coordinates": [ [ [ [ 112.789457669055182, -7.29018306946545 ], [ 112.789593810546322, -7.29019736247029 ], [ 112.789579201116808, -7.290379709662932 ], [ 112.78943922625416, -7.290365431841558 ], [ 112.789457669055182, -7.29018306946545 ] ] ] ] } },
{ "type": "Feature", "properties": { "id": 398, "Id": 0, "Nama": null, "Luas": 141.60422979257419 }, "geometry": { "type": "MultiPolygon", "coordinates": [ [ [ [ 112.789414295916245, -7.289999994882391 ], [ 112.789476132754771, -7.290005969955801 ], [ 112.789457669055182, -7.290183069465432 ], [ 112.789387245228724, -7.290186697381851 ], [ 112.789390000541047, -7.290156544137552 ], [ 112.789386631196024, -7.290152729876132 ], [ 112.789388973828935, -7.290139324008628 ], [ 112.789402388523214, -7.290138792458793 ], [ 112.789414295916245, -7.289999994882391 ] ] ] ] } },
{ "type": "Feature", "properties": { "id": 399, "Id": 0, "Nama": null, "Luas": 845.72627898523933 }, "geometry": { "type": "MultiPolygon", "coordinates": [ [ [ [ 112.791220740970004, -7.290151087917706 ], [ 112.791236553354267, -7.290030456029432 ], [ 112.791786747051916, -7.290056982579112 ], [ 112.791789165857992, -7.290183283579804 ], [ 112.791220740970004, -7.290151087917706 ] ] ] ] } },
{ "type": "Feature", "properties": { "id": 400, "Id": 0, "Nama": null, "Luas": 97.6137236347422 }, "geometry": { "type": "MultiPolygon", "coordinates": [ [ [ [ 112.791201933352625, -7.29050671409485 ], [ 112.791207925174433, -7.290471093721263 ], [ 112.791291150629803, -7.290481481194562 ], [ 112.791303084055144, -7.290397609585679 ], [ 112.791340659627735, -7.290399757239824 ], [ 112.791326589008719, -7.290524592577992 ], [ 112.791307795131701, -7.290521987738333 ], [ 112.791201933352625, -7.29050671409485 ] ] ] ] } },
{ "type": "Feature", "properties": { "id": 401, "Id": 0, "Nama": null, "Luas": 108.4560374445864 }, "geometry": { "type": "MultiPolygon", "coordinates": [ [ [ [ 112.790964204118296, -7.290491580144227 ], [ 112.790969120497749, -7.290474719246654 ], [ 112.79093918872185, -7.29046679988556 ], [ 112.79094218844628, -7.290449946581736 ], [ 112.790905362794717, -7.290443585569053 ], [ 112.790915578889056, -7.290409862255594 ], [ 112.790998048324354, -7.290422932099133 ], [ 112.791064051253727, -7.290440277524793 ], [ 112.79105585374279, -7.290499637727596 ], [ 112.790964204118296, -7.290491580144227 ] ] ] ] } },
{ "type": "Feature", "properties": { "id": 402, "Id": 0, "Nama": null, "Luas": 241.37556915987807 }, "geometry": { "type": "MultiPolygon", "coordinates": [ [ [ [ 112.797615767741604, -7.279722365803535 ], [ 112.797620047281256, -7.279353178401138 ], [ 112.797672370508778, -7.279352970633197 ], [ 112.797671999035089, -7.279404070344135 ], [ 112.797670959056873, -7.279720424223875 ], [ 112.797615767741604, -7.279722365803535 ] ] ] ] } },
{ "type": "Feature", "properties": { "id": 403, "Id": 0, "Nama": null, "Luas": 324.52459443772386 }, "geometry": { "type": "MultiPolygon", "coordinates": [ [ [ [ 112.797324783891824, -7.279712612588429 ], [ 112.797331891700082, -7.279476039684755 ], [ 112.797439401670786, -7.27947274214539 ], [ 112.797440357371997, -7.279712727845656 ], [ 112.797324783891824, -7.279712612588429 ] ] ] ] } },
{ "type": "Feature", "properties": { "id": 404, "Id": 0, "Nama": null, "Luas": 12.914367899549688 }, "geometry": { "type": "MultiPolygon", "coordinates": [ [ [ [ 112.797303762560176, -7.279610462415993 ], [ 112.797303982894704, -7.279586949045573 ], [ 112.797304171312504, -7.279566841746034 ], [ 112.797329115578322, -7.279568438707468 ], [ 112.797327835721063, -7.279611036864773 ], [ 112.797303762560176, -7.279610462415993 ] ] ] ] } },
{ "type": "Feature", "properties": { "id": 405, "Id": 0, "Nama": null, "Luas": 7422.0272475582897 }, "geometry": { "type": "MultiPolygon", "coordinates": [ [ [ [ 112.795182506315257, -7.275494836518797 ], [ 112.795202311025861, -7.275462606279041 ], [ 112.796355693932213, -7.275164074872199 ], [ 112.796457031136455, -7.275584707473817 ], [ 112.796462081628789, -7.27569798399536 ], [ 112.796448781609527, -7.275823581576124 ], [ 112.796176115213868, -7.275888966436083 ], [ 112.796121817444345, -7.275729954148919 ], [ 112.795683612538966, -7.275809774453537 ], [ 112.795554927341684, -7.275837843258329 ], [ 112.795458270381118, -7.275822916077799 ], [ 112.795258774688136, -7.275780837868965 ], [ 112.795182506315257, -7.275494836518797 ] ] ] ] } },
{ "type": "Feature", "properties": { "id": 406, "Id": 0, "Nama": null, "Luas": 476.36098975762434 }, "geometry": { "type": "MultiPolygon", "coordinates": [ [ [ [ 112.792676665286237, -7.279178838819764 ], [ 112.792674522563431, -7.279121911852068 ], [ 112.792697023682308, -7.279117038261128 ], [ 112.792698163967273, -7.27904128366085 ], [ 112.792717647834451, -7.27904166604042 ], [ 112.792717725255528, -7.278992084330086 ], [ 112.792904954774414, -7.278990382730659 ], [ 112.792910947579657, -7.279172169663968 ], [ 112.792676665286237, -7.279178838819764 ] ] ] ] } },
{ "type": "Feature", "properties": { "id": 407, "Id": 0, "Nama": null, "Luas": 130.80096648214385 }, "geometry": { "type": "MultiPolygon", "coordinates": [ [ [ [ 112.793136241191647, -7.280976242349011 ], [ 112.793239679331066, -7.281081569770208 ], [ 112.793346011454005, -7.281191670178455 ], [ 112.793321665889849, -7.281214732193773 ], [ 112.79310854725253, -7.281000752965353 ], [ 112.793136241191647, -7.280976242349011 ] ] ] ] } },
{ "type": "Feature", "properties": { "id": 408, "Id": 0, "Nama": null, "Luas": 75.906550643034279 }, "geometry": { "type": "MultiPolygon", "coordinates": [ [ [ [ 112.793349475049396, -7.281195101287073 ], [ 112.793468411251951, -7.281317782762563 ], [ 112.793441495374452, -7.281345161010155 ], [ 112.793325712455342, -7.281220170478371 ], [ 112.793349475049396, -7.281195101287073 ] ] ] ] } },
{ "type": "Feature", "properties": { "id": 409, "Id": 0, "Nama": null, "Luas": 66.28219480253756 }, "geometry": { "type": "MultiPolygon", "coordinates": [ [ [ [ 112.793400310954752, -7.281182268802725 ], [ 112.793501915485749, -7.281284349949817 ], [ 112.793475288245389, -7.281312014124062 ], [ 112.79337425185031, -7.281208208303706 ], [ 112.793400310954752, -7.281182268802725 ] ] ] ] } },
{ "type": "Feature", "properties": { "id": 410, "Id": 0, "Nama": null, "Luas": 40.550592727260664 }, "geometry": { "type": "MultiPolygon", "coordinates": [ [ [ [ 112.793444428448424, -7.281215106964681 ], [ 112.793470200056063, -7.28118916859977 ], [ 112.793533994804591, -7.281254080545233 ], [ 112.793507355017525, -7.281278587007284 ], [ 112.793484556427146, -7.281256860080035 ], [ 112.793444428448424, -7.281215106964681 ] ] ] ] } },
{ "type": "Feature", "properties": { "id": 411, "Id": 0, "Nama": null, "Luas": 32.474915828090161 }, "geometry": { "type": "MultiPolygon", "coordinates": [ [ [ [ 112.793539724109621, -7.281248890592902 ], [ 112.793488354271943, -7.281199718227822 ], [ 112.793517282583878, -7.281172332005371 ], [ 112.793564633235604, -7.281222955641328 ], [ 112.793539724109621, -7.281248890592902 ] ] ] ] } },
{ "type": "Feature", "properties": { "id": 412, "Id": 0, "Nama": null, "Luas": 65.302447099238634 }, "geometry": { "type": "MultiPolygon", "coordinates": [ [ [ [ 112.793128598675722, -7.280967826406465 ], [ 112.793101677845542, -7.280993960686265 ], [ 112.79306414571586, -7.280954302414483 ], [ 112.793003330566478, -7.280891579437776 ], [ 112.793032169532964, -7.280865820324473 ], [ 112.793128598675722, -7.280967826406465 ] ] ] ] } },
{ "type": "Feature", "properties": { "id": 413, "Id": 0, "Nama": null, "Luas": 40.779881723690778 }, "geometry": { "type": "MultiPolygon", "coordinates": [ [ [ [ 112.793098145088749, -7.280924886640882 ], [ 112.793035593583156, -7.28085929985304 ], [ 112.79306213413102, -7.280833932603025 ], [ 112.793124489411241, -7.280898371886871 ], [ 112.793098145088749, -7.280924886640882 ] ] ] ] } },
{ "type": "Feature", "properties": { "id": 414, "Id": 0, "Nama": null, "Luas": 80.408100138301961 }, "geometry": { "type": "MultiPolygon", "coordinates": [ [ [ [ 112.793112509836234, -7.280874114134978 ], [ 112.793067098314481, -7.280829128446875 ], [ 112.79307797890425, -7.280817985325219 ], [ 112.793063538153888, -7.280801392505635 ], [ 112.793074222519621, -7.280789101883842 ], [ 112.793135511575386, -7.280729914161567 ], [ 112.793163414998006, -7.280758127800296 ], [ 112.793156006366914, -7.280774807177111 ], [ 112.79310999394157, -7.28081977229149 ], [ 112.793139050379324, -7.280848746881293 ], [ 112.793112509836234, -7.280874114134978 ] ] ] ] } },
{ "type": "Feature", "properties": { "id": 415, "Id": 0, "Nama": null, "Luas": 31.416686192784255 }, "geometry": { "type": "MultiPolygon", "coordinates": [ [ [ [ 112.79324979457175, -7.280909708511562 ], [ 112.79319113322272, -7.28090855399718 ], [ 112.793191543921921, -7.280915442035868 ], [ 112.793161071294662, -7.280915945521732 ], [ 112.793156638750247, -7.280909838934955 ], [ 112.793156139079713, -7.280880559834254 ], [ 112.793190446451433, -7.280880423915964 ], [ 112.793190615299011, -7.280874681858815 ], [ 112.793222360562226, -7.280875347137646 ], [ 112.793221786499586, -7.280898338908357 ], [ 112.793250152371357, -7.280898226524788 ], [ 112.793249934094206, -7.280905231158658 ], [ 112.79324979457175, -7.280909708511562 ] ] ] ] } },
{ "type": "Feature", "properties": { "id": 416, "Id": 0, "Nama": null, "Luas": 27.235238117416884 }, "geometry": { "type": "MultiPolygon", "coordinates": [ [ [ [ 112.793264900762992, -7.280981437747653 ], [ 112.793260341433623, -7.280981259220635 ], [ 112.793260093487518, -7.280991211942116 ], [ 112.793223195258463, -7.280990496924368 ], [ 112.793222428623196, -7.280966386131857 ], [ 112.793222776594064, -7.280933371771818 ], [ 112.793249069333783, -7.280932981802925 ], [ 112.793248792471758, -7.280941866461466 ], [ 112.793264128418699, -7.280942571218867 ], [ 112.793264900762992, -7.280981437747653 ] ] ] ] } },
{ "type": "Feature", "properties": { "id": 417, "Id": 0, "Nama": null, "Luas": 12.062698328573561 }, "geometry": { "type": "MultiPolygon", "coordinates": [ [ [ [ 112.793630880312975, -7.280912658468628 ], [ 112.7936538290692, -7.280913140622833 ], [ 112.793654807190279, -7.280955560140378 ], [ 112.793631157684672, -7.280955053154226 ], [ 112.793631076377096, -7.280942625767312 ], [ 112.793630991478295, -7.280929649477113 ], [ 112.793630938166714, -7.280921501094636 ], [ 112.79363090134018, -7.280915872363068 ], [ 112.793630880312975, -7.280912658468628 ] ] ] ] } },
{ "type": "Feature", "properties": { "id": 418, "Id": 0, "Nama": null, "Luas": 31.047894653922413 }, "geometry": { "type": "MultiPolygon", "coordinates": [ [ [ [ 112.79403852838297, -7.281027847884166 ], [ 112.794081045385894, -7.280987515995164 ], [ 112.794112439480813, -7.281015747654121 ], [ 112.794066157176957, -7.281058747331716 ], [ 112.794050602513124, -7.281041351331884 ], [ 112.794042650923657, -7.281032458445234 ], [ 112.79403852838297, -7.281027847884166 ] ] ] ] } },
{ "type": "Feature", "properties": { "id": 419, "Id": 0, "Nama": null, "Luas": 30.411786120384932 }, "geometry": { "type": "MultiPolygon", "coordinates": [ [ [ [ 112.79427785038267, -7.279876159619469 ], [ 112.794260523010394, -7.279916896444197 ], [ 112.794209397280213, -7.279892937423784 ], [ 112.794228640313662, -7.279851953782874 ], [ 112.79427785038267, -7.279876159619469 ] ] ] ] } },
{ "type": "Feature", "properties": { "id": 420, "Id": 0, "Nama": null, "Luas": 49.444677361549111 }, "geometry": { "type": "MultiPolygon", "coordinates": [ [ [ [ 112.796649877768928, -7.280640376564013 ], [ 112.796760276687039, -7.280640512477551 ], [ 112.796761382046952, -7.280677444283776 ], [ 112.796650789173327, -7.280676735004801 ], [ 112.796649877768928, -7.280640376564013 ] ] ] ] } },
{ "type": "Feature", "properties": { "id": 421, "Id": 0, "Nama": null, "Luas": 45.564195364822808 }, "geometry": { "type": "MultiPolygon", "coordinates": [ [ [ [ 112.79690526232234, -7.280581527981032 ], [ 112.796905867421813, -7.280540953182159 ], [ 112.796999403964847, -7.280542112880036 ], [ 112.796998793387189, -7.280581309768383 ], [ 112.79690526232234, -7.280581527981032 ] ] ] ] } },
{ "type": "Feature", "properties": { "id": 422, "Id": 0, "Nama": null, "Luas": 542.67970937129576 }, "geometry": { "type": "MultiPolygon", "coordinates": [ [ [ [ 112.791753497434357, -7.285548721174721 ], [ 112.791757954024092, -7.285223166621534 ], [ 112.79189539028296, -7.285226067055635 ], [ 112.791889206541413, -7.285551054289226 ], [ 112.791753497434357, -7.285548721174721 ] ] ] ] } },
{ "type": "Feature", "properties": { "id": 423, "Id": 0, "Nama": null, "Luas": 30.312111581853969 }, "geometry": { "type": "MultiPolygon", "coordinates": [ [ [ [ 112.791755214334756, -7.285423300899346 ], [ 112.791735602828382, -7.285422648899606 ], [ 112.791715880350949, -7.285403349823406 ], [ 112.7917167046636, -7.285369615882336 ], [ 112.791736035497252, -7.285350640566095 ], [ 112.791756223176179, -7.285349604880873 ], [ 112.791755682972536, -7.285389066813442 ], [ 112.791755489751282, -7.28540318166189 ], [ 112.791755214334756, -7.285423300899346 ] ] ] ] } },
{ "type": "Feature", "properties": { "id": 424, "Id": 0, "Nama": null, "Luas": 11.727805651171366 }, "geometry": { "type": "MultiPolygon", "coordinates": [ [ [ [ 112.79164744212585, -7.285150559482665 ], [ 112.791647198037197, -7.285118064171073 ], [ 112.791676984331403, -7.285118405508045 ], [ 112.791676653888572, -7.285151017922512 ], [ 112.79164744212585, -7.285150559482665 ] ] ] ] } },
{ "type": "Feature", "properties": { "id": 425, "Id": 0, "Nama": null, "Luas": 8.1348425553660491 }, "geometry": { "type": "MultiPolygon", "coordinates": [ [ [ [ 112.791979919089997, -7.285174246283677 ], [ 112.791978978306773, -7.285130424059869 ], [ 112.791995081059213, -7.285131125788898 ], [ 112.791994485496474, -7.285174188579698 ], [ 112.791979919089997, -7.285174246283677 ] ] ] ] } },
{ "type": "Feature", "properties": { "id": 426, "Id": 0, "Nama": null, "Luas": 8.3512037799519021 }, "geometry": { "type": "MultiPolygon", "coordinates": [ [ [ [ 112.791970704426319, -7.285652923406457 ], [ 112.791971671901095, -7.285606988447039 ], [ 112.791985664852234, -7.285607315771188 ], [ 112.791986612492465, -7.285652860383817 ], [ 112.791970704426319, -7.285652923406457 ] ] ] ] } },
{ "type": "Feature", "properties": { "id": 427, "Id": 0, "Nama": null, "Luas": 23.417809304053662 }, "geometry": { "type": "MultiPolygon", "coordinates": [ [ [ [ 112.79313201677607, -7.28450737833169 ], [ 112.793187587586019, -7.284504287373016 ], [ 112.793189640214649, -7.284538488336619 ], [ 112.793133830773101, -7.284541819466851 ], [ 112.79313201677607, -7.28450737833169 ] ] ] ] } },
{ "type": "Feature", "properties": { "id": 428, "Id": 0, "Nama": null, "Luas": 33.746823618101189 }, "geometry": { "type": "MultiPolygon", "coordinates": [ [ [ [ 112.7935710570476, -7.284931758825311 ], [ 112.793562209609775, -7.284875815388918 ], [ 112.793611339191457, -7.284867582658476 ], [ 112.793619273921109, -7.284910898662234 ], [ 112.793613533165072, -7.284913217978176 ], [ 112.793615298087559, -7.284923258405883 ], [ 112.7935710570476, -7.284931758825311 ] ] ] ] } },
{ "type": "Feature", "properties": { "id": 429, "Id": 0, "Nama": null, "Luas": 89.043274187017232 }, "geometry": { "type": "MultiPolygon", "coordinates": [ [ [ [ 112.793964020085099, -7.284077762142968 ], [ 112.793900175157916, -7.284011018818113 ], [ 112.793904752226339, -7.284005259284454 ], [ 112.793870695528838, -7.283972094284805 ], [ 112.793903291136857, -7.283937586862456 ], [ 112.794003025375517, -7.284040208472302 ], [ 112.793979235913056, -7.284063112587826 ], [ 112.793964020085099, -7.284077762142968 ] ] ] ] } },
{ "type": "Feature", "properties": { "id": 430, "Id": 0, "Nama": null, "Luas": 201.89217294903938 }, "geometry": { "type": "MultiPolygon", "coordinates": [ [ [ [ 112.79437189912197, -7.283778918667039 ], [ 112.794306620059189, -7.283846925889866 ], [ 112.794299110968424, -7.283838343593662 ], [ 112.79418619433072, -7.283947394289974 ], [ 112.794141343302556, -7.28390349347525 ], [ 112.794211882784793, -7.283836132263697 ], [ 112.794250732716193, -7.283799032767606 ], [ 112.79426897502988, -7.283781612382876 ], [ 112.794291267859847, -7.283760323980244 ], [ 112.794304269285732, -7.28374790834632 ], [ 112.794324529135949, -7.283728561321682 ], [ 112.79437189912197, -7.283778918667039 ] ] ] ] } },
{ "type": "Feature", "properties": { "id": 431, "Id": 0, "Nama": null, "Luas": 92.62274768576026 }, "geometry": { "type": "MultiPolygon", "coordinates": [ [ [ [ 112.794187810998551, -7.284136647350854 ], [ 112.794172973252657, -7.284120969309423 ], [ 112.794156718959385, -7.284103794496174 ], [ 112.794142655882666, -7.284088934991598 ], [ 112.794154663470167, -7.284077573231466 ], [ 112.794167022262343, -7.284065879155383 ], [ 112.794187547008761, -7.284046458328135 ], [ 112.79420126416143, -7.284033478948352 ], [ 112.794235124888743, -7.28400143940588 ], [ 112.794254812495879, -7.284025114260061 ], [ 112.794243743266577, -7.284037023686228 ], [ 112.794266064423724, -7.284059135182601 ], [ 112.794187810998551, -7.284136647350854 ] ] ] ] } },
{ "type": "Feature", "properties": { "id": 432, "Id": 0, "Nama": null, "Luas": 63.042452461551875 }, "geometry": { "type": "MultiPolygon", "coordinates": [ [ [ [ 112.794294567554005, -7.283683564959418 ], [ 112.794275610413436, -7.283664785860665 ], [ 112.794258051763165, -7.283647392115497 ], [ 112.794228707172607, -7.283618323114356 ], [ 112.794272463682148, -7.283577886117398 ], [ 112.794331905853994, -7.28364463320099 ], [ 112.794294567554005, -7.283683564959418 ] ] ] ] } },
{ "type": "Feature", "properties": { "id": 433, "Id": 0, "Nama": null, "Luas": 53.793184852087052 }, "geometry": { "type": "MultiPolygon", "coordinates": [ [ [ [ 112.79628773752863, -7.283032134392188 ], [ 112.796287852841346, -7.283013355537452 ], [ 112.796287958646658, -7.282996125005584 ], [ 112.796288104369538, -7.282972393887041 ], [ 112.796360636497994, -7.282971738520736 ], [ 112.796360613616187, -7.283033167698739 ], [ 112.79628773752863, -7.283032134392188 ] ] ] ] } },
{ "type": "Feature", "properties": { "id": 434, "Id": 0, "Nama": null, "Luas": 136.085001042964 }, "geometry": { "type": "MultiPolygon", "coordinates": [ [ [ [ 112.79644801261793, -7.282903806359227 ], [ 112.796453768561619, -7.282855007976826 ], [ 112.796453509077523, -7.282837976253 ], [ 112.796554332315893, -7.282839872516754 ], [ 112.796619695075179, -7.282841144036163 ], [ 112.796620932139078, -7.282907300156757 ], [ 112.796500758741516, -7.282904872089061 ], [ 112.796465276925503, -7.282904155183402 ], [ 112.79644801261793, -7.282903806359227 ] ] ] ] } },
{ "type": "Feature", "properties": { "id": 435, "Id": 0, "Nama": null, "Luas": 143.98844898618154 }, "geometry": { "type": "MultiPolygon", "coordinates": [ [ [ [ 112.796628749809685, -7.283064581623067 ], [ 112.79681395259766, -7.283066238462008 ], [ 112.796814118907676, -7.283168147236057 ], [ 112.796793988693267, -7.283166791829553 ], [ 112.796792143962591, -7.283124695726209 ], [ 112.796630904600008, -7.283124379079334 ], [ 112.796628749809685, -7.283064581623067 ] ] ] ] } },
{ "type": "Feature", "properties": { "id": 436, "Id": 0, "Nama": null, "Luas": 39.953105723543558 }, "geometry": { "type": "MultiPolygon", "coordinates": [ [ [ [ 112.796692491732443, -7.283188246578587 ], [ 112.796697233737888, -7.283175788099022 ], [ 112.796702703049803, -7.283165479747824 ], [ 112.79671397938256, -7.283169501780199 ], [ 112.796720397476008, -7.283156797421117 ], [ 112.79677320644079, -7.283182184693355 ], [ 112.796748955338415, -7.283228929679288 ], [ 112.796699736218031, -7.28320257125448 ], [ 112.796703769018521, -7.283192507831367 ], [ 112.796692491732443, -7.283188246578587 ] ] ] ] } },
{ "type": "Feature", "properties": { "id": 437, "Id": 0, "Nama": null, "Luas": 116.77545287684734 }, "geometry": { "type": "MultiPolygon", "coordinates": [ [ [ [ 112.796834948759326, -7.284734983103005 ], [ 112.796847675425113, -7.284735246850913 ], [ 112.796867526519065, -7.284735658245051 ], [ 112.796899385912582, -7.284736318497402 ], [ 112.796914980117975, -7.284736641670049 ], [ 112.79695280812301, -7.284737425611344 ], [ 112.796953844030199, -7.284816807786966 ], [ 112.796834772703207, -7.284817041527033 ], [ 112.796834948759326, -7.284734983103005 ] ] ] ] } },
{ "type": "Feature", "properties": { "id": 438, "Id": 0, "Nama": null, "Luas": 37.864128779397788 }, "geometry": { "type": "MultiPolygon", "coordinates": [ [ [ [ 112.797554740131147, -7.284742812793636 ], [ 112.797501554747612, -7.284743263348044 ], [ 112.797500606252953, -7.284685614151672 ], [ 112.797554748988603, -7.284684920571062 ], [ 112.797554740131147, -7.284742812793636 ] ] ] ] } },
{ "type": "Feature", "properties": { "id": 439, "Id": 0, "Nama": null, "Luas": 41.367243781281559 }, "geometry": { "type": "MultiPolygon", "coordinates": [ [ [ [ 112.797568165084797, -7.284744912464227 ], [ 112.797568175847246, -7.284687498682298 ], [ 112.797628314706301, -7.28468845583438 ], [ 112.79762853399528, -7.284743476461234 ], [ 112.797568165084797, -7.284744912464227 ] ] ] ] } },
{ "type": "Feature", "properties": { "id": 440, "Id": 0, "Nama": null, "Luas": 201.8741552326469 }, "geometry": { "type": "MultiPolygon", "coordinates": [ [ [ [ 112.797677164646572, -7.284441797307974 ], [ 112.797677209567894, -7.284439234666761 ], [ 112.79767659640099, -7.284439275379087 ], [ 112.797676332736529, -7.284421210237725 ], [ 112.797672767359671, -7.284421109577714 ], [ 112.797671663654413, -7.284351670453959 ], [ 112.797675400611524, -7.284351540777366 ], [ 112.79767471257486, -7.284321253937644 ], [ 112.797808505046291, -7.284323784350026 ], [ 112.797808492473635, -7.284383464061246 ], [ 112.797809808654534, -7.284444393938889 ], [ 112.797684068747557, -7.284445735671574 ], [ 112.797683861067725, -7.284441717535282 ], [ 112.797677164646572, -7.284441797307974 ] ] ] ] } },
{ "type": "Feature", "properties": { "id": 441, "Id": 0, "Nama": null, "Luas": 66.963704056950519 }, "geometry": { "type": "MultiPolygon", "coordinates": [ [ [ [ 112.797819072603076, -7.284468568176313 ], [ 112.797872824731414, -7.284466058014726 ], [ 112.797874459007616, -7.284515427328003 ], [ 112.79786871257005, -7.284516311370925 ], [ 112.797875198480071, -7.284628816506133 ], [ 112.79785076266937, -7.284629200686337 ], [ 112.797843707499439, -7.284518133154863 ], [ 112.797819262540656, -7.284516220819012 ], [ 112.797819072603076, -7.284468568176313 ] ] ] ] } },
{ "type": "Feature", "properties": { "id": 442, "Id": 0, "Nama": null, "Luas": 47.628854715687339 }, "geometry": { "type": "MultiPolygon", "coordinates": [ [ [ [ 112.797658476743649, -7.284588933129525 ], [ 112.797730058070528, -7.284587500408182 ], [ 112.797732570834171, -7.284640885195806 ], [ 112.797658114562665, -7.284642329343753 ], [ 112.797658476743649, -7.284588933129525 ] ] ] ] } },
{ "type": "Feature", "properties": { "id": 443, "Id": 0, "Nama": null, "Luas": 20.457374606354279 }, "geometry": { "type": "MultiPolygon", "coordinates": [ [ [ [ 112.797440426106718, -7.28433661449905 ], [ 112.797440274535532, -7.284298578495875 ], [ 112.797484358769651, -7.284298881793222 ], [ 112.797486154024099, -7.284328538427416 ], [ 112.797473252090569, -7.284337440974016 ], [ 112.797440426106718, -7.28433661449905 ] ] ] ] } },
{ "type": "Feature", "properties": { "id": 444, "Id": 0, "Nama": null, "Luas": 33.579220620827073 }, "geometry": { "type": "MultiPolygon", "coordinates": [ [ [ [ 112.797525927045683, -7.284212876458604 ], [ 112.797498608923789, -7.284213470078246 ], [ 112.797501052017552, -7.284105091932643 ], [ 112.797524762423777, -7.284105720406402 ], [ 112.797525466761911, -7.284170526144413 ], [ 112.797525895848437, -7.284210006031058 ], [ 112.797525927045683, -7.284212876458604 ] ] ] ] } },
{ "type": "Feature", "properties": { "id": 445, "Id": 0, "Nama": null, "Luas": 9.3237038945489985 }, "geometry": { "type": "MultiPolygon", "coordinates": [ [ [ [ 112.797964365431909, -7.28528294512234 ], [ 112.797963552307039, -7.285252059769805 ], [ 112.797989428137328, -7.285252301402662 ], [ 112.797989506416542, -7.285271936585455 ], [ 112.797986558594317, -7.285282512427792 ], [ 112.797964365431909, -7.28528294512234 ] ] ] ] } },
{ "type": "Feature", "properties": { "id": 446, "Id": 0, "Nama": null, "Luas": 7.4955553090797764 }, "geometry": { "type": "MultiPolygon", "coordinates": [ [ [ [ 112.797939637744449, -7.285282239615201 ], [ 112.797939635097507, -7.28525272897031 ], [ 112.797960336036709, -7.285252991173153 ], [ 112.79796045414038, -7.285282616186278 ], [ 112.797939637744449, -7.285282239615201 ] ] ] ] } },
{ "type": "Feature", "properties": { "id": 447, "Id": 0, "Nama": null, "Luas": 51.29038873893478 }, "geometry": { "type": "MultiPolygon", "coordinates": [ [ [ [ 112.798015763645111, -7.284090457100222 ], [ 112.798015678063052, -7.284008882103307 ], [ 112.798066953398717, -7.28401011366733 ], [ 112.798068232110566, -7.284090487800847 ], [ 112.798015763645111, -7.284090457100222 ] ] ] ] } },
{ "type": "Feature", "properties": { "id": 448, "Id": 0, "Nama": null, "Luas": 17.341537078253168 }, "geometry": { "type": "MultiPolygon", "coordinates": [ [ [ [ 112.797499739163044, -7.281892819556363 ], [ 112.797500280903577, -7.281836360552698 ], [ 112.797525580187596, -7.281836260066848 ], [ 112.797524655890086, -7.281892911968408 ], [ 112.797499739163044, -7.281892819556363 ] ] ] ] } },
{ "type": "Feature", "properties": { "id": 449, "Id": 0, "Nama": null, "Luas": 17.345344794455741 }, "geometry": { "type": "MultiPolygon", "coordinates": [ [ [ [ 112.797489444952703, -7.281810567404737 ], [ 112.797489981360357, -7.281752768767674 ], [ 112.797513939773765, -7.281752864988429 ], [ 112.797514554098953, -7.281810850433381 ], [ 112.797489444952703, -7.281810567404737 ] ] ] ] } },
{ "type": "Feature", "properties": { "id": 450, "Id": 0, "Nama": null, "Luas": 188.50354167430123 }, "geometry": { "type": "MultiPolygon", "coordinates": [ [ [ [ 112.797205208885444, -7.281491078691424 ], [ 112.797210801940921, -7.281391539301477 ], [ 112.797373595292754, -7.281421274267214 ], [ 112.797372261696424, -7.281447354976045 ], [ 112.797398152142563, -7.281451318962251 ], [ 112.79740094089631, -7.281489822945342 ], [ 112.797393037734281, -7.281490572004207 ], [ 112.797393570248317, -7.281503966431464 ], [ 112.797317167292846, -7.28150977200649 ], [ 112.797316945820398, -7.281514318141571 ], [ 112.797265665034573, -7.281511651101231 ], [ 112.797271358120256, -7.281437229834666 ], [ 112.797233256901436, -7.28143522812237 ], [ 112.79723133319473, -7.281493606414362 ], [ 112.797205208885444, -7.281491078691424 ] ] ] ] } },
{ "type": "Feature", "properties": { "id": 451, "Id": 0, "Nama": null, "Luas": 226.6031278126602 }, "geometry": { "type": "MultiPolygon", "coordinates": [ [ [ [ 112.796762450366387, -7.281487497994731 ], [ 112.79676230405596, -7.281450753761999 ], [ 112.796928179921622, -7.281448372788181 ], [ 112.796928127336656, -7.281435167830739 ], [ 112.796759946969814, -7.281436409676855 ], [ 112.796759520027152, -7.281401388971243 ], [ 112.796937464809702, -7.281397524740598 ], [ 112.796937766019184, -7.281400968370668 ], [ 112.796973695619471, -7.281399103302077 ], [ 112.796978205213662, -7.281520802577932 ], [ 112.796916969470416, -7.281521045712418 ], [ 112.796916259594767, -7.281487174408719 ], [ 112.796762450366387, -7.281487497994731 ] ] ] ] } },
{ "type": "Feature", "properties": { "id": 452, "Id": 0, "Nama": null, "Luas": 14.042221636706017 }, "geometry": { "type": "MultiPolygon", "coordinates": [ [ [ [ 112.795961142052704, -7.280871470716826 ], [ 112.795958256474947, -7.280868802856094 ], [ 112.795955362519322, -7.280864029855977 ], [ 112.795953804097692, -7.280857720521962 ], [ 112.795955118306082, -7.280850825651593 ], [ 112.795957971895362, -7.280845455707707 ], [ 112.795961979258621, -7.280841038082357 ], [ 112.795966763166902, -7.280839105306919 ], [ 112.795973275832125, -7.280838122568423 ], [ 112.795982092998884, -7.280838278961605 ], [ 112.795987094463683, -7.280842852219622 ], [ 112.795991927116845, -7.28085316752703 ], [ 112.795991759066766, -7.280859100952807 ], [ 112.795991205409791, -7.280864461770712 ], [ 112.795988540435303, -7.280869065449023 ], [ 112.795983956565948, -7.280873102603542 ], [ 112.795979750686968, -7.2808757986029 ], [ 112.795971702448355, -7.280876213296771 ], [ 112.795966138186373, -7.28087470434095 ], [ 112.795961142052704, -7.280871470716826 ] ] ] ] } },
{ "type": "Feature", "properties": { "id": 453, "Id": 0, "Nama": null, "Luas": 12.93190536826296 }, "geometry": { "type": "MultiPolygon", "coordinates": [ [ [ [ 112.795904614243497, -7.280874757081502 ], [ 112.795897712924116, -7.280874401705968 ], [ 112.795894257694826, -7.28087307576028 ], [ 112.795887720657475, -7.280867934455909 ], [ 112.79588444566528, -7.28086373710502 ], [ 112.795883655411771, -7.280857807481294 ], [ 112.795885343804144, -7.280848614574247 ], [ 112.795890111719459, -7.280842662896982 ], [ 112.79589603797821, -7.280838811796319 ], [ 112.795902169606691, -7.28083840470869 ], [ 112.795907540683999, -7.2808395316733 ], [ 112.795911573942419, -7.280841620842722 ], [ 112.795916188276721, -7.280845238741138 ], [ 112.795919460984152, -7.280848861962814 ], [ 112.795921201926902, -7.280852874020944 ], [ 112.795921611143712, -7.28085937929438 ], [ 112.79591952267468, -7.280864363443619 ], [ 112.795916472854131, -7.28086858589006 ], [ 112.795911504900317, -7.280872433188647 ], [ 112.795904614243497, -7.280874757081502 ] ] ] ] } },
{ "type": "Feature", "properties": { "id": 454, "Id": 0, "Nama": null, "Luas": 153.14125994127244 }, "geometry": { "type": "MultiPolygon", "coordinates": [ [ [ [ 112.795535272957281, -7.281202747504 ], [ 112.79549232432862, -7.28124693514151 ], [ 112.795356200553201, -7.281115901812202 ], [ 112.795407271944981, -7.281065940584352 ], [ 112.795480171749631, -7.281143513349032 ], [ 112.795515060963325, -7.281180819060872 ], [ 112.795535272957281, -7.281202747504 ] ] ] ] } },
{ "type": "Feature", "properties": { "id": 455, "Id": 0, "Nama": null, "Luas": 55.035814299510093 }, "geometry": { "type": "MultiPolygon", "coordinates": [ [ [ [ 112.795692617055835, -7.280566284509181 ], [ 112.795692009403396, -7.280533991653903 ], [ 112.795697037645979, -7.280533254033466 ], [ 112.795696641014516, -7.280493783615311 ], [ 112.795748384687727, -7.280492382216329 ], [ 112.79574806545105, -7.280532573145964 ], [ 112.795766275137908, -7.280532979350896 ], [ 112.795765928298721, -7.280566232888277 ], [ 112.795692617055835, -7.280566284509181 ] ] ] ] } },
{ "type": "Feature", "properties": { "id": 456, "Id": 0, "Nama": null, "Luas": 21.944421781721758 }, "geometry": { "type": "MultiPolygon", "coordinates": [ [ [ [ 112.789657728639256, -7.287736611820839 ], [ 112.789660635739523, -7.287696410533719 ], [ 112.789706647388442, -7.287699290512586 ], [ 112.789702966037098, -7.287737581064238 ], [ 112.789657728639256, -7.287736611820839 ] ] ] ] } },
{ "type": "Feature", "properties": { "id": 457, "Id": 0, "Nama": null, "Luas": 114.69440096581093 }, "geometry": { "type": "MultiPolygon", "coordinates": [ [ [ [ 112.78976521968211, -7.28758308247343 ], [ 112.789869120072581, -7.28758726436129 ], [ 112.789864037615985, -7.287658860557998 ], [ 112.789812277557829, -7.287656386106169 ], [ 112.78980864331912, -7.28770654202376 ], [ 112.78976953919242, -7.287705548515537 ], [ 112.789772780989864, -7.287653097591639 ], [ 112.789763576534114, -7.287651985742064 ], [ 112.78976388389151, -7.287632846535245 ], [ 112.789759662713749, -7.287631714962506 ], [ 112.78976521968211, -7.28758308247343 ] ] ] ] } },
{ "type": "Feature", "properties": { "id": 458, "Id": 0, "Nama": null, "Luas": 12.836820270254975 }, "geometry": { "type": "MultiPolygon", "coordinates": [ [ [ [ 112.789833600106036, -7.287710181532196 ], [ 112.78983442623192, -7.287676878160451 ], [ 112.789866630431774, -7.287677898974123 ], [ 112.789865798989936, -7.287709862707138 ], [ 112.789833600106036, -7.287710181532196 ] ] ] ] } }
]
}
