{
"type": "FeatureCollection",
"name": "Water",
"crs": { "type": "name", "properties": { "name": "urn:ogc:def:crs:OGC:1.3:CRS84" } },
"features": [
{ "type": "Feature", "properties": { "Id": 0 }, "geometry": { "type": "MultiPolygon", "coordinates": [ [ [ [ 112.790449995975891, -7.281915305824117 ], [ 112.790464636363467, -7.281740709454562 ], [ 112.791147159392352, -7.281790064016198 ], [ 112.791137058388799, -7.281949331993794 ], [ 112.790449995975891, -7.281915305824117 ] ] ] ] } },
{ "type": "Feature", "properties": { "Id": 0 }, "geometry": { "type": "MultiPolygon", "coordinates": [ [ [ [ 112.789549566499659, -7.290014966996622 ], [ 112.78958686791502, -7.290095185163684 ], [ 112.789613630227151, -7.290132463403249 ], [ 112.789629575439932, -7.290143517069056 ], [ 112.789664143036276, -7.2901559233175 ], [ 112.791165933060043, -7.290298225226648 ], [ 112.791880368512793, -7.290378599236135 ], [ 112.791859102857273, -7.290429207764844 ], [ 112.790708181597637, -7.290316942834059 ], [ 112.789650424872391, -7.290209442250231 ], [ 112.789553309472822, -7.290183413844439 ], [ 112.789502742380918, -7.290163133680056 ], [ 112.789465959479855, -7.290119261906784 ], [ 112.789593815549964, -7.288922140147121 ], [ 112.789614554157609, -7.288719966597673 ], [ 112.789630276492815, -7.288450435731893 ], [ 112.789642029458747, -7.288321016394497 ], [ 112.789642744187219, -7.28828217862212 ], [ 112.789622881316291, -7.288282258804508 ], [ 112.789721957223819, -7.286968049975845 ], [ 112.78969667881276, -7.286973508649173 ], [ 112.790373360452364, -7.280452261219089 ], [ 112.79035777674062, -7.280358905545224 ], [ 112.790229488074957, -7.279865317852759 ], [ 112.790273113947251, -7.279846772850516 ], [ 112.790423067143578, -7.280420486926292 ], [ 112.79021213658217, -7.282508949026682 ], [ 112.790113938548132, -7.283361934968689 ], [ 112.790045711706767, -7.284039689755211 ], [ 112.789973530122097, -7.284686839425517 ], [ 112.789941325769931, -7.285023795484186 ], [ 112.789872107603372, -7.285700979880449 ], [ 112.78979429208303, -7.28651446126478 ], [ 112.789758499568748, -7.286898080402373 ], [ 112.789725957794204, -7.287678123782283 ], [ 112.789678574638913, -7.288322408809463 ], [ 112.789710586635607, -7.288323628502269 ], [ 112.789681970106514, -7.288725818189988 ], [ 112.789549566499659, -7.290014966996622 ] ] ] ] } },
{ "type": "Feature", "properties": { "Id": 0 }, "geometry": { "type": "MultiPolygon", "coordinates": [ [ [ [ 112.795551031094178, -7.285815809449334 ], [ 112.795649824112942, -7.285789006917167 ], [ 112.796075598490845, -7.285713826805362 ], [ 112.796946123448279, -7.285563964231928 ], [ 112.796950759959799, -7.285573132013772 ], [ 112.796952530678723, -7.285584607730573 ], [ 112.796965194155661, -7.28558800224824 ], [ 112.796962456472315, -7.285622461377566 ], [ 112.796950988724987, -7.285630544861009 ], [ 112.796949302648983, -7.285640311897767 ], [ 112.796944762218075, -7.285655257511931 ], [ 112.795566930708034, -7.285909904961264 ], [ 112.795551031094178, -7.285815809449334 ] ] ] ] } },
{ "type": "Feature", "properties": { "Id": 0 }, "geometry": { "type": "MultiPolygon", "coordinates": [ [ [ [ 112.797060484417386, -7.285548008191572 ], [ 112.797339725212495, -7.285495800487147 ], [ 112.797863766705206, -7.285406449061518 ], [ 112.797973999629789, -7.285364673037925 ], [ 112.797992857502436, -7.285335317081906 ], [ 112.798025679887729, -7.285347243499828 ], [ 112.798055059212942, -7.285360906012672 ], [ 112.79809131092783, -7.2853676515585 ], [ 112.798130446739663, -7.285376682185341 ], [ 112.798150290129101, -7.285382660715639 ], [ 112.79815844654901, -7.285447540400143 ], [ 112.798146248399334, -7.28544608997225 ], [ 112.797873850488813, -7.285483917515691 ], [ 112.797325139322126, -7.285587146297323 ], [ 112.797059102619471, -7.285634134310393 ], [ 112.797060484417386, -7.285548008191572 ] ] ] ] } },
{ "type": "Feature", "properties": { "Id": 0 }, "geometry": { "type": "MultiPolygon", "coordinates": [ [ [ [ 112.798204147083538, -7.285375507149919 ], [ 112.79823150728005, -7.285341832213875 ], [ 112.799204879281234, -7.285173184393581 ], [ 112.799230235989, -7.285187436960653 ], [ 112.799238485219632, -7.285212199869851 ], [ 112.799237755136772, -7.285264341393717 ], [ 112.799205303005479, -7.285279398030658 ], [ 112.798696193667681, -7.285364098441863 ], [ 112.798212381241967, -7.285441005140036 ], [ 112.798204147083538, -7.285375507149919 ] ] ] ] } },
{ "type": "Feature", "properties": { "Id": 0 }, "geometry": { "type": "MultiPolygon", "coordinates": [ [ [ [ 112.799306188780392, -7.285176762115157 ], [ 112.799320179377261, -7.28517651508654 ], [ 112.799317752643049, -7.285240828065763 ], [ 112.79930491049214, -7.285240687768786 ], [ 112.799306188780392, -7.285176762115157 ] ] ] ] } },
{ "type": "Feature", "properties": { "Id": 0 }, "geometry": { "type": "MultiPolygon", "coordinates": [ [ [ [ 112.800346521970397, -7.284983594865294 ], [ 112.800486944787664, -7.284729824100069 ], [ 112.800538312204765, -7.284730865685815 ], [ 112.800389624173903, -7.285006303855955 ], [ 112.800379972489722, -7.285008674622978 ], [ 112.800346521970397, -7.284983594865294 ] ] ] ] } },
{ "type": "Feature", "properties": { "Id": 0 }, "geometry": { "type": "MultiPolygon", "coordinates": [ [ [ [ 112.799944013833226, -7.285553913954893 ], [ 112.800005420327423, -7.285572329039449 ], [ 112.799993058272776, -7.285618723579602 ], [ 112.799921435567157, -7.285630727247143 ], [ 112.799944013833226, -7.285553913954893 ] ] ] ] } },
{ "type": "Feature", "properties": { "Id": 0 }, "geometry": { "type": "MultiPolygon", "coordinates": [ [ [ [ 112.799972049202367, -7.285454939255228 ], [ 112.80003248247472, -7.285469626323835 ], [ 112.800020213843524, -7.285517137106154 ], [ 112.799958809266826, -7.285499200461495 ], [ 112.799972049202367, -7.285454939255228 ] ] ] ] } },
{ "type": "Feature", "properties": { "Id": 0 }, "geometry": { "type": "MultiPolygon", "coordinates": [ [ [ [ 112.798663263441355, -7.285655926085261 ], [ 112.799104574918516, -7.285584126307359 ], [ 112.799120699776893, -7.285590377677836 ], [ 112.799138652669342, -7.285622457936639 ], [ 112.799143463295664, -7.285675259395987 ], [ 112.798676277273159, -7.285747162123642 ], [ 112.798666438354701, -7.285731125411557 ], [ 112.798660001279799, -7.285703018293967 ], [ 112.798660480094128, -7.285678902634544 ], [ 112.798660441166675, -7.285669142459722 ], [ 112.798663263441355, -7.285655926085261 ] ] ] ] } },
{ "type": "Feature", "properties": { "Id": 0 }, "geometry": { "type": "MultiPolygon", "coordinates": [ [ [ [ 112.794568051458597, -7.284215698841705 ], [ 112.794585812119337, -7.28419955251832 ], [ 112.794598411595288, -7.284186871497302 ], [ 112.794608724825338, -7.284177644374788 ], [ 112.794614988015169, -7.284162117796194 ], [ 112.794617821837164, -7.28415177206566 ], [ 112.794620044123974, -7.284132242548051 ], [ 112.794622880230051, -7.284122470946809 ], [ 112.794625714051833, -7.284112125216347 ], [ 112.794626832047825, -7.284104082845285 ], [ 112.794627381908938, -7.284097765142783 ], [ 112.794629102303062, -7.284096610041866 ], [ 112.794633715908574, -7.284100036570826 ], [ 112.794637749958156, -7.284102317122049 ], [ 112.794643499833413, -7.284102294313784 ], [ 112.794662451578958, -7.284096477753645 ], [ 112.794669340007701, -7.284093579737209 ], [ 112.794679669224223, -7.284088371518544 ], [ 112.794686562221258, -7.284086621760335 ], [ 112.79468941660005, -7.284081443192909 ], [ 112.794691698275628, -7.284076841035571 ], [ 112.794700309381938, -7.284073362046889 ], [ 112.794702034344354, -7.284073355204206 ], [ 112.79470606839385, -7.284075635754794 ], [ 112.79471011158067, -7.284080212822211 ], [ 112.794713000223993, -7.284083646192994 ], [ 112.794714727470719, -7.284084213479471 ], [ 112.794722779579729, -7.284084755675782 ], [ 112.794729093020251, -7.284081859939499 ], [ 112.794731967957588, -7.284081848534826 ], [ 112.794737758950689, -7.284092160051202 ], [ 112.794742383978502, -7.284098457224901 ], [ 112.794746999868991, -7.284102457881709 ], [ 112.794754495265792, -7.284107595391972 ], [ 112.794764854178283, -7.284109850851155 ], [ 112.794775790362692, -7.284112678158273 ], [ 112.794791903719045, -7.284116059065089 ], [ 112.794801680790869, -7.284116594416759 ], [ 112.794812619259943, -7.284119995852071 ], [ 112.794827003085103, -7.284122235342315 ], [ 112.794831002868207, -7.284115903953826 ], [ 112.794835584492148, -7.284111292671803 ], [ 112.794840743387965, -7.284107253237816 ], [ 112.794847638668529, -7.284106077606427 ], [ 112.79484699057717, -7.284087707753914 ], [ 112.794847542719666, -7.284081964181071 ], [ 112.794847503883304, -7.284072203985072 ], [ 112.794849780988073, -7.284066453568989 ], [ 112.794852642218174, -7.284062997388533 ], [ 112.794854332912976, -7.284054378607658 ], [ 112.794856028176753, -7.284046908085131 ], [ 112.794857730293955, -7.284041159950156 ], [ 112.794862875481869, -7.284033675741142 ], [ 112.79486572300469, -7.284026774785622 ], [ 112.794868577380967, -7.284021596217644 ], [ 112.794874870258695, -7.284013533317223 ], [ 112.794878886031995, -7.284011220832848 ], [ 112.794886354013741, -7.284009468790997 ], [ 112.79489382656449, -7.284008865007348 ], [ 112.794897872036557, -7.284014016201952 ], [ 112.794900187977674, -7.284018025981556 ], [ 112.79490364475528, -7.284019734682253 ], [ 112.794906521976515, -7.284020297405727 ], [ 112.794910528611439, -7.284015688404473 ], [ 112.794911674016987, -7.284014535583856 ], [ 112.794920878383309, -7.284015647343787 ], [ 112.7949272306588, -7.284022511800854 ], [ 112.794932994239588, -7.284025933764067 ], [ 112.794941625903363, -7.284027621933808 ], [ 112.794947375776715, -7.284027599121915 ], [ 112.794952534670415, -7.284023559687115 ], [ 112.794960575354494, -7.284021231233721 ], [ 112.794966891076484, -7.284018909623803 ], [ 112.794974931760336, -7.284016581170195 ], [ 112.794977795273695, -7.284013699118388 ], [ 112.794980088368987, -7.284011967606054 ], [ 112.794984685982755, -7.284011375227057 ], [ 112.794986410944645, -7.284011368383349 ], [ 112.794993897202815, -7.284014209372848 ], [ 112.795011708100944, -7.284010693879043 ], [ 112.795015726157914, -7.284008955522786 ], [ 112.795023205562003, -7.284010074124404 ], [ 112.795027235042411, -7.284011206413635 ], [ 112.795030109978839, -7.284011195007179 ], [ 112.795041014174785, -7.284005984500412 ], [ 112.795043277568411, -7.283996789309335 ], [ 112.795047850049869, -7.28398988150951 ], [ 112.79505242938535, -7.283984696096973 ], [ 112.795072560793002, -7.283986338637898 ], [ 112.795079485772234, -7.283992626681925 ], [ 112.795082956258597, -7.283997780155749 ], [ 112.795083572371666, -7.284008112198256 ], [ 112.795083592934603, -7.284013279360185 ], [ 112.795081318118008, -7.284019603905765 ], [ 112.79507674792174, -7.284027085834987 ], [ 112.795050316784042, -7.284031783809563 ], [ 112.795040562562335, -7.284036989753998 ], [ 112.795036033490192, -7.284054806007141 ], [ 112.795030881451325, -7.284060567830126 ], [ 112.795017688728137, -7.284068658107779 ], [ 112.795007943643995, -7.284076160568319 ], [ 112.794998773546865, -7.284083660747436 ], [ 112.794997660127066, -7.284092851376043 ], [ 112.794995387593701, -7.284099750050707 ], [ 112.794989671989825, -7.284108384800369 ], [ 112.794978760936786, -7.284111872919233 ], [ 112.794963215714276, -7.284106767350697 ], [ 112.79495516360565, -7.284106225158836 ], [ 112.794946566209717, -7.284113148926874 ], [ 112.794942568713125, -7.284120054445139 ], [ 112.794943743818934, -7.284126365303297 ], [ 112.794945498481553, -7.284133822138497 ], [ 112.794941500984834, -7.284140727656799 ], [ 112.79493349228332, -7.284151093918457 ], [ 112.794932369723824, -7.28415798803063 ], [ 112.794934117532634, -7.284163722478463 ], [ 112.794929549617279, -7.28417177853627 ], [ 112.794927847500986, -7.284177526671393 ], [ 112.794928479604209, -7.284191877618866 ], [ 112.794923959665823, -7.284211990388772 ], [ 112.794922294103529, -7.284226924590323 ], [ 112.794920032991911, -7.284236693910718 ], [ 112.794915453652706, -7.28424187932286 ], [ 112.794900517682322, -7.28424538340925 ], [ 112.794891288180523, -7.284237956229331 ], [ 112.794891260765354, -7.284231066679418 ], [ 112.794884924478694, -7.284228221126616 ], [ 112.794873999714142, -7.284228264468831 ], [ 112.794867679419553, -7.284229437819886 ], [ 112.794861913551472, -7.284225441727237 ], [ 112.794849818250725, -7.284220322468595 ], [ 112.794842338842741, -7.284219203864871 ], [ 112.794834289016208, -7.284219235800469 ], [ 112.794826807323687, -7.284217543067291 ], [ 112.794821621012659, -7.284214692951259 ], [ 112.794818727798628, -7.284210111323251 ], [ 112.794813548341196, -7.284208983594635 ], [ 112.794805523643987, -7.284215330950723 ], [ 112.794804969216713, -7.284220500394451 ], [ 112.794801555842653, -7.284229700147851 ], [ 112.794800426427699, -7.284234871872695 ], [ 112.794792969864119, -7.284239494560073 ], [ 112.794780352118181, -7.284247582551979 ], [ 112.794778072727638, -7.284252758838897 ], [ 112.794775225202741, -7.284259659794476 ], [ 112.794767773207354, -7.284265430739969 ], [ 112.794756280306785, -7.284267198748214 ], [ 112.794741342048667, -7.284270128700634 ], [ 112.794728694603492, -7.284270753011831 ], [ 112.794729235325178, -7.284262138792684 ], [ 112.794726303276832, -7.2842477969674 ], [ 112.794722823653714, -7.284240346973529 ], [ 112.794712451031856, -7.28423464673878 ], [ 112.794706117030032, -7.284232375312425 ], [ 112.794693453595173, -7.284228980717841 ], [ 112.794685985608467, -7.284230732757575 ], [ 112.794677963192953, -7.28423765424113 ], [ 112.794675113382056, -7.284243981067192 ], [ 112.794673420399533, -7.284252025719135 ], [ 112.794668854762705, -7.284260655904829 ], [ 112.794664866397781, -7.284269857938883 ], [ 112.794658573513132, -7.28427792083805 ], [ 112.794655725986175, -7.284284821793355 ], [ 112.794651153495849, -7.284291729591326 ], [ 112.794640792294601, -7.284288900001218 ], [ 112.794629837831437, -7.28428147965779 ], [ 112.794614840180316, -7.284269482246013 ], [ 112.794610228857081, -7.284266629846518 ], [ 112.794605617533918, -7.284263777446979 ], [ 112.794603306161747, -7.284260915924034 ], [ 112.794602678636593, -7.284247713232157 ], [ 112.794602653510012, -7.284241397810418 ], [ 112.794600312443066, -7.284231072607191 ], [ 112.794596303518688, -7.284235107477631 ], [ 112.794589996927613, -7.284239725600546 ], [ 112.794568051458597, -7.284215698841705 ] ] ] ] } },
{ "type": "Feature", "properties": { "Id": 0 }, "geometry": { "type": "MultiPolygon", "coordinates": [ [ [ [ 112.794539895206512, -7.284710143623826 ], [ 112.79454257332101, -7.284731315514373 ], [ 112.794543044276409, -7.284734069510077 ], [ 112.79454550913394, -7.28473696869978 ], [ 112.794551188443975, -7.284738477206191 ], [ 112.794553498753046, -7.284741070801817 ], [ 112.794555830991726, -7.284749176038231 ], [ 112.794555550524962, -7.284755760603474 ], [ 112.794554821641469, -7.28476525591499 ], [ 112.794554995683043, -7.284770460745267 ], [ 112.794557916267507, -7.284772286402192 ], [ 112.7945645106862, -7.284772566449734 ], [ 112.794568339678094, -7.284771479535535 ], [ 112.794575070370357, -7.284767472142983 ], [ 112.794581198706553, -7.284766223003757 ], [ 112.794584718601158, -7.284764524901432 ], [ 112.794589006365257, -7.284763129960045 ], [ 112.794592072969962, -7.28476311779488 ], [ 112.794595749240571, -7.284762184589883 ], [ 112.794597123730128, -7.284760801205365 ], [ 112.794597109110057, -7.284757126778242 ], [ 112.794596638154303, -7.284754372782666 ], [ 112.794597086570761, -7.284751462036422 ], [ 112.794598153181525, -7.284749773666159 ], [ 112.79459738226619, -7.284748704999549 ], [ 112.794596456802267, -7.284747330738945 ], [ 112.794595221632093, -7.284745192189174 ], [ 112.794593825212488, -7.284741063933006 ], [ 112.794591502719896, -7.284735408315024 ], [ 112.794591638993467, -7.284731120875094 ], [ 112.79459070561046, -7.284727756299758 ], [ 112.794589471049548, -7.284725770851093 ], [ 112.794587917035727, -7.284720571495164 ], [ 112.794586520616321, -7.284716443238936 ], [ 112.794589877433722, -7.284712296126814 ], [ 112.794593867674394, -7.284713198918948 ], [ 112.794598481591748, -7.28471670199727 ], [ 112.794602789457926, -7.284720359393182 ], [ 112.794602647701922, -7.2847232689229 ], [ 112.794601287223358, -7.284728173633399 ], [ 112.794601610940546, -7.284732459248499 ], [ 112.794602998831778, -7.284734444088868 ], [ 112.794606383670967, -7.284737339628584 ], [ 112.794607545526517, -7.284740320538667 ], [ 112.794611986513615, -7.284748532236791 ], [ 112.794617948619688, -7.284753675829593 ], [ 112.794622763033573, -7.284759398113528 ], [ 112.794630056118748, -7.284761857114 ], [ 112.794637348442507, -7.284764124737955 ], [ 112.794646739157656, -7.284763896104636 ], [ 112.794652475334544, -7.284760428518868 ], [ 112.79465476386568, -7.284757548748583 ], [ 112.794655130438528, -7.284753336946942 ], [ 112.794654350842123, -7.284750086589427 ], [ 112.794656834843394, -7.284748162940838 ], [ 112.794662198355297, -7.28474737614537 ], [ 112.794667760383362, -7.284748310977186 ], [ 112.794671397407228, -7.284747148272019 ], [ 112.794674831345873, -7.284743115681087 ], [ 112.794674818400466, -7.284739862282214 ], [ 112.794674425936975, -7.284737567286074 ], [ 112.794676523566579, -7.284734879652494 ], [ 112.794678430294866, -7.284732384155686 ], [ 112.794679374140316, -7.284728744202217 ], [ 112.794679177147103, -7.284727405327736 ], [ 112.794678013463567, -7.28472396511459 ], [ 112.794679914861391, -7.284720129982929 ], [ 112.794680276103577, -7.284714578546521 ], [ 112.794677579879519, -7.284711335792591 ], [ 112.794676034393547, -7.284708279852977 ], [ 112.79467506084994, -7.284704456126634 ], [ 112.794680603840121, -7.284700606548293 ], [ 112.794711465351412, -7.284701441012166 ], [ 112.794712428234234, -7.28470258546873 ], [ 112.794713218491978, -7.284708515095671 ], [ 112.794711889798265, -7.284711773817088 ], [ 112.794707889248485, -7.284717913829634 ], [ 112.794704270501128, -7.284723669568676 ], [ 112.794710803788305, -7.284727853996969 ], [ 112.794723475614731, -7.28473335372794 ], [ 112.794726927829103, -7.284733914170386 ], [ 112.794732893743458, -7.284740014643364 ], [ 112.794745573185637, -7.284747428137552 ], [ 112.794751155774875, -7.284753530130992 ], [ 112.794751758939739, -7.284760608776491 ], [ 112.79474795919144, -7.284769044545749 ], [ 112.794745109380116, -7.28477537137269 ], [ 112.794745331504032, -7.284783025668164 ], [ 112.794746307333128, -7.284787423523346 ], [ 112.79474901498115, -7.284793536922511 ], [ 112.794752881744401, -7.284801942276053 ], [ 112.794757494597548, -7.284805177425282 ], [ 112.794768245229434, -7.284809536499928 ], [ 112.794773814873636, -7.2848123850941 ], [ 112.794775758155666, -7.28481907566381 ], [ 112.794771745421599, -7.284822153654663 ], [ 112.794767147799007, -7.284822746033561 ], [ 112.794759099484423, -7.284823160723248 ], [ 112.794752390524835, -7.284822995960812 ], [ 112.794744533111427, -7.284823218513456 ], [ 112.794735535621072, -7.284825933521446 ], [ 112.794730564572546, -7.284829015313972 ], [ 112.794724837534076, -7.284834779417546 ], [ 112.794726583060566, -7.284839939736813 ], [ 112.794728527103686, -7.284846821683272 ], [ 112.794725847631895, -7.284847789210698 ], [ 112.794720290171767, -7.284848002638358 ], [ 112.794716266014134, -7.284848209982837 ], [ 112.794708982827061, -7.284848238877406 ], [ 112.794700554232179, -7.284849420592535 ], [ 112.794695387712707, -7.284851546263143 ], [ 112.794689450734325, -7.2848527180932 ], [ 112.794683319808556, -7.284853316554335 ], [ 112.794675273016026, -7.284854113995498 ], [ 112.794668965657422, -7.284858540744894 ], [ 112.794668792270699, -7.284863134538964 ], [ 112.794669982607431, -7.28487327292619 ], [ 112.794669614511903, -7.284877101975 ], [ 112.794666550191067, -7.284877688270075 ], [ 112.794660998060863, -7.284879241331942 ], [ 112.794658325442185, -7.284881931246696 ], [ 112.794653924050408, -7.28488367112271 ], [ 112.794648365066593, -7.28488350179678 ], [ 112.794643759827977, -7.284882180410539 ], [ 112.794640684846129, -7.284880087435777 ], [ 112.794634540212897, -7.28487724112103 ], [ 112.794627637304771, -7.28487650298804 ], [ 112.79462303891961, -7.284876903989265 ], [ 112.794616911039142, -7.284878267955232 ], [ 112.79461365254069, -7.284830053265437 ], [ 112.7946553908683, -7.284818787677909 ], [ 112.794657517435098, -7.284823372347727 ], [ 112.794659448531647, -7.284827000895836 ], [ 112.794662143233538, -7.284829860896911 ], [ 112.794669825737628, -7.28483384938692 ], [ 112.794674252258488, -7.284838424932226 ], [ 112.794682497567152, -7.284839349118422 ], [ 112.794692464033574, -7.284839309579084 ], [ 112.794701656233556, -7.284837359317007 ], [ 112.794706820468278, -7.284834659517192 ], [ 112.794710636209587, -7.284830242652373 ], [ 112.794715208702286, -7.284823334852844 ], [ 112.79471729567058, -7.284817967949422 ], [ 112.794717656150581, -7.284812225136692 ], [ 112.794717635589564, -7.284807057973919 ], [ 112.794717613505512, -7.284801508058326 ], [ 112.79471489595808, -7.284792906765643 ], [ 112.794713732274019, -7.284789466552736 ], [ 112.794712378450257, -7.284786409852976 ], [ 112.794710257213822, -7.28478316481831 ], [ 112.794707372372301, -7.284780688330721 ], [ 112.794703914065479, -7.284778596877034 ], [ 112.794699689869049, -7.284776699841169 ], [ 112.794695274771342, -7.284774994942054 ], [ 112.79468990364424, -7.284773867973929 ], [ 112.794685109790024, -7.284773312853866 ], [ 112.794679358383362, -7.284772952911919 ], [ 112.794675339556775, -7.284774499890747 ], [ 112.794671701009733, -7.284775279843185 ], [ 112.794667107956215, -7.284777020479424 ], [ 112.794663670971346, -7.284780287564721 ], [ 112.794659278718413, -7.28478432395741 ], [ 112.79465623724289, -7.284790651544454 ], [ 112.794653803778274, -7.284797247840303 ], [ 112.794654317202415, -7.284805857877712 ], [ 112.794609806999077, -7.284818952565629 ], [ 112.794608356202147, -7.284815609180969 ], [ 112.794605941380183, -7.284810834274881 ], [ 112.794602562533157, -7.284804627847324 ], [ 112.79459822727587, -7.284798903662433 ], [ 112.794586704663445, -7.284793207989675 ], [ 112.794578076029794, -7.284792285322118 ], [ 112.79456226004082, -7.284791391166197 ], [ 112.794537347682677, -7.284792446888428 ], [ 112.794539895206512, -7.284710143623826 ] ] ] ] } },
{ "type": "Feature", "properties": { "Id": 0 }, "geometry": { "type": "MultiPolygon", "coordinates": [ [ [ [ 112.796926974379531, -7.280997955703704 ], [ 112.796937319498355, -7.280996766356655 ], [ 112.796939644577662, -7.281003072640076 ], [ 112.796939097028968, -7.281009964465963 ], [ 112.796937378938921, -7.28101169370006 ], [ 112.796934508596976, -7.281012853371176 ], [ 112.796930490575448, -7.281014591736383 ], [ 112.79693051115099, -7.281019758893721 ], [ 112.796930536298888, -7.28102607430826 ], [ 112.796929981891566, -7.28103124374841 ], [ 112.796923675369143, -7.281035861887681 ], [ 112.796922543692688, -7.281040459482002 ], [ 112.796923134678792, -7.281044476099388 ], [ 112.796922589416099, -7.281051942053931 ], [ 112.7969214600258, -7.281057113776833 ], [ 112.796921494318411, -7.281065725705786 ], [ 112.796922685435476, -7.281076055454963 ], [ 112.796923858263185, -7.281081792175332 ], [ 112.796922183610349, -7.281094429852801 ], [ 112.79691760889456, -7.281100763529644 ], [ 112.796919356705345, -7.281106497967232 ], [ 112.79692857929507, -7.281112202728478 ], [ 112.796932047482642, -7.281116782060395 ], [ 112.796934954404549, -7.281124808446596 ], [ 112.796936191246743, -7.281146620767391 ], [ 112.796939670865868, -7.281154070742092 ], [ 112.796942598364382, -7.28116726428546 ], [ 112.796937473813912, -7.281179915659905 ], [ 112.796919106362409, -7.281188026510507 ], [ 112.796919120079664, -7.281191471282076 ], [ 112.796920870177303, -7.281197779848157 ], [ 112.796922061295447, -7.28120810959721 ], [ 112.79691806842068, -7.281216163377239 ], [ 112.796907725583011, -7.281217926853693 ], [ 112.796903098283565, -7.281211055572954 ], [ 112.796900766344365, -7.281203026903764 ], [ 112.796887521157117, -7.281197912250389 ], [ 112.796869705874045, -7.281195487925359 ], [ 112.796861014254404, -7.281187767946775 ], [ 112.796828982500017, -7.281159317035839 ], [ 112.796819341933173, -7.28115075419076 ], [ 112.796818276286103, -7.281136180286613 ], [ 112.796817094315074, -7.281128147051185 ], [ 112.796818180271487, -7.281112066884276 ], [ 112.796822136570839, -7.281094827046823 ], [ 112.796829563342484, -7.281082740671052 ], [ 112.796845019300562, -7.281065455180179 ], [ 112.796853048487165, -7.281060256064997 ], [ 112.796863936585581, -7.281051026635942 ], [ 112.796878833561152, -7.28103776232747 ], [ 112.796901741431938, -7.281014705874141 ], [ 112.796926974379531, -7.280997955703704 ] ] ] ] } },
{ "type": "Feature", "properties": { "Id": 0 }, "geometry": { "type": "MultiPolygon", "coordinates": [ [ [ [ 112.797307240899912, -7.28071052532724 ], [ 112.797308319219354, -7.280692531401791 ], [ 112.797328259562121, -7.280694366013635 ], [ 112.797329105473295, -7.2807142660899 ], [ 112.797332205582464, -7.280722674463864 ], [ 112.797336473949301, -7.280735671299166 ], [ 112.797340736218871, -7.28074713712512 ], [ 112.797343850048279, -7.280758990269717 ], [ 112.797348497164421, -7.280770837325621 ], [ 112.797356201707302, -7.280780375690275 ], [ 112.797366948432568, -7.280783777840431 ], [ 112.797378808536152, -7.280777989368402 ], [ 112.797393338170522, -7.280768745470095 ], [ 112.797397119555086, -7.280755716669901 ], [ 112.797408185573929, -7.280743041700344 ], [ 112.797415413803165, -7.280729233695791 ], [ 112.797424552541898, -7.280713887070975 ], [ 112.797430255106505, -7.280701998916711 ], [ 112.797434025818504, -7.280686290850485 ], [ 112.797433567798024, -7.280667537510199 ], [ 112.797429647688674, -7.280645735851244 ], [ 112.797430738199282, -7.280630803945091 ], [ 112.797428762138225, -7.280615884216437 ], [ 112.797429861795734, -7.280603248824022 ], [ 112.797435556737227, -7.280589446908508 ], [ 112.797438965469965, -7.280579098896775 ], [ 112.79743969705045, -7.28057029254959 ], [ 112.797441980210024, -7.2805660731412 ], [ 112.79744696186404, -7.280565670600422 ], [ 112.79745117992411, -7.280566036608578 ], [ 112.797453840307114, -7.280560284668805 ], [ 112.797459180890996, -7.280553756569021 ], [ 112.797463371510531, -7.280547233035825 ], [ 112.797465285068611, -7.280546459920227 ], [ 112.797468354688746, -7.280547213247159 ], [ 112.797472206196417, -7.280551791052553 ], [ 112.797474134999234, -7.280554845459813 ], [ 112.797478747051954, -7.280557889211538 ], [ 112.797480666707941, -7.280558647105027 ], [ 112.797488711884014, -7.280557466881483 ], [ 112.797491007238946, -7.28055630949123 ], [ 112.797495585752841, -7.280550932692493 ], [ 112.797495950780302, -7.28054633814284 ], [ 112.797501305083813, -7.280543254813308 ], [ 112.797503224739756, -7.28054401270671 ], [ 112.797506298933385, -7.280545914290231 ], [ 112.797509365504524, -7.28054590211231 ], [ 112.797512803200974, -7.280542826393851 ], [ 112.797514710660849, -7.280540522268947 ], [ 112.797515077212623, -7.280536310471607 ], [ 112.797512757465796, -7.280531343825415 ], [ 112.797510445341501, -7.280528290940596 ], [ 112.79750775751836, -7.280527153339418 ], [ 112.797503148514906, -7.280524875092513 ], [ 112.797502745375098, -7.28051990083506 ], [ 112.797506187644913, -7.280517973373549 ], [ 112.797509251166886, -7.280517195691118 ], [ 112.797518840299006, -7.280518688644252 ], [ 112.79752075995485, -7.280519446537582 ], [ 112.79752571569135, -7.280512537207316 ], [ 112.797524553531204, -7.280509479755836 ], [ 112.797526059375443, -7.280502584125804 ], [ 112.797529872770255, -7.280497593123706 ], [ 112.797534826981959, -7.280490301041177 ], [ 112.797532519431357, -7.280488396413285 ], [ 112.797527919575302, -7.280488414680253 ], [ 112.797519489554873, -7.280489213674127 ], [ 112.797516413837172, -7.280486929338339 ], [ 112.797515618229056, -7.280479660089449 ], [ 112.797516368102251, -7.280475446769882 ], [ 112.797518254218957, -7.280467784113073 ], [ 112.797525903875851, -7.280463543393288 ], [ 112.797525919120872, -7.280467370916067 ], [ 112.797525175345768, -7.280473115244765 ], [ 112.797530566236432, -7.280479217969845 ], [ 112.797534394876166, -7.280478054490541 ], [ 112.797537067453874, -7.280475364568834 ], [ 112.797541265694235, -7.280470754796736 ], [ 112.79754318839889, -7.280472278194589 ], [ 112.797543214315724, -7.28047878498328 ], [ 112.797545900614054, -7.280479539832021 ], [ 112.797553935116582, -7.280475680341763 ], [ 112.797555066786217, -7.280471082747696 ], [ 112.797555422666022, -7.280464191684505 ], [ 112.797556174063374, -7.280460361117242 ], [ 112.79755884054272, -7.280456140186386 ], [ 112.797562666133089, -7.280454211202335 ], [ 112.797567647785442, -7.28045380866057 ], [ 112.797576456552605, -7.280451859886894 ], [ 112.797577979165979, -7.280449174531875 ], [ 112.79758103811362, -7.280447248592297 ], [ 112.797584872851047, -7.280447616121735 ], [ 112.797589466608343, -7.28044606684522 ], [ 112.797594434539519, -7.280442219532786 ], [ 112.79759671769709, -7.280438000124105 ], [ 112.797599387225048, -7.280434544697653 ], [ 112.797603950490867, -7.28042534037576 ], [ 112.797605460907533, -7.280419593002611 ], [ 112.797606210779904, -7.280415379683112 ], [ 112.79760849393729, -7.280411160274429 ], [ 112.797610016550379, -7.280408474919376 ], [ 112.797612311904217, -7.280407317528797 ], [ 112.797615378474205, -7.280407305350388 ], [ 112.797618451142469, -7.280408824180987 ], [ 112.797623058620346, -7.280410719674625 ], [ 112.797626900980305, -7.280413000965049 ], [ 112.79762882368486, -7.280414524362532 ], [ 112.797630744864861, -7.280415665007723 ], [ 112.797633435736557, -7.280417568112774 ], [ 112.797634994939543, -7.280424068811887 ], [ 112.797633481474094, -7.280429050680536 ], [ 112.797630807372727, -7.280431357850314 ], [ 112.79762545002248, -7.280433675676357 ], [ 112.797617027626515, -7.280436388433071 ], [ 112.797610905158095, -7.280439092055825 ], [ 112.797611300675939, -7.280442152551625 ], [ 112.797615139987016, -7.280443668337572 ], [ 112.797616302147446, -7.280446725788737 ], [ 112.797615165904773, -7.280450175126031 ], [ 112.797612119153911, -7.280455163083912 ], [ 112.797615579717586, -7.280457828648938 ], [ 112.797616350933893, -7.280458973861109 ], [ 112.797613304183017, -7.280463961819006 ], [ 112.797613324002512, -7.280468937598415 ], [ 112.79761679066462, -7.280473134172445 ], [ 112.797618345293984, -7.28047848661482 ], [ 112.797618765205314, -7.280487671146753 ], [ 112.797619938038082, -7.28049340786365 ], [ 112.797620735172501, -7.280501059864216 ], [ 112.797621527733227, -7.280507563607945 ], [ 112.797614284267112, -7.280517544090928 ], [ 112.79761122227012, -7.280518704526311 ], [ 112.797605858820432, -7.280519491343306 ], [ 112.79759859096059, -7.280523347789918 ], [ 112.79759746234059, -7.280528710888546 ], [ 112.797600154737552, -7.280530996745939 ], [ 112.797606678823556, -7.280532884627832 ], [ 112.797611304597865, -7.280539373148399 ], [ 112.797612466758679, -7.280542430599487 ], [ 112.797614403185221, -7.280547398767215 ], [ 112.79761443672632, -7.280555819316936 ], [ 112.79761292478517, -7.280561183937937 ], [ 112.797611414368561, -7.28056693131117 ], [ 112.797609958837441, -7.280586457765782 ], [ 112.797603068199734, -7.280588781681324 ], [ 112.797598492736299, -7.280594923985466 ], [ 112.797598518654368, -7.280601430773909 ], [ 112.797600450507389, -7.280605250684895 ], [ 112.797595499345334, -7.280613308272704 ], [ 112.797592440396855, -7.280615234212648 ], [ 112.797585572627355, -7.280623299412011 ], [ 112.797584056112044, -7.28062751577621 ], [ 112.797587515152557, -7.280629798588898 ], [ 112.797589433284344, -7.280630173729539 ], [ 112.797593283269336, -7.280634368781145 ], [ 112.797595231893126, -7.280642398966996 ], [ 112.797595635034369, -7.28064737322408 ], [ 112.797594126142116, -7.280653503349613 ], [ 112.797590674724347, -7.280653134298368 ], [ 112.797584938623714, -7.280656601903693 ], [ 112.797577249325556, -7.280650891066193 ], [ 112.797569961643973, -7.28064977173343 ], [ 112.797568048085807, -7.280650544849559 ], [ 112.797565387704168, -7.280656296789773 ], [ 112.797564259083799, -7.28066165988847 ], [ 112.797562777633473, -7.28067467955486 ], [ 112.797564327689813, -7.280678883740557 ], [ 112.797569710961113, -7.280683072703044 ], [ 112.79757127321426, -7.280690338906811 ], [ 112.797570911236974, -7.280695698960883 ], [ 112.797565570653859, -7.280702227061945 ], [ 112.797564051089083, -7.280705677921648 ], [ 112.797566748060959, -7.280709112035791 ], [ 112.797564851273023, -7.280714095426897 ], [ 112.797560656080449, -7.280719470704192 ], [ 112.797560669801712, -7.280722915474615 ], [ 112.797565277283027, -7.280724810968058 ], [ 112.797568365199595, -7.280730157321151 ], [ 112.797573748471635, -7.280734346283438 ], [ 112.797583711782323, -7.280733541198092 ], [ 112.797583375723661, -7.28074540804059 ], [ 112.797576880601895, -7.280750792452123 ], [ 112.797565043371719, -7.28076232221254 ], [ 112.797556260516771, -7.280770777776041 ], [ 112.797546342942638, -7.280783065429145 ], [ 112.797533354221457, -7.280794217003833 ], [ 112.797445964518033, -7.280796477844335 ], [ 112.797433030675307, -7.280821408499422 ], [ 112.797351374017524, -7.280819436214085 ], [ 112.797350552494848, -7.280805660175215 ], [ 112.797263142963075, -7.280802945200868 ], [ 112.79726300272317, -7.280767731986495 ], [ 112.797319361672663, -7.280770187503602 ], [ 112.797322584433431, -7.280713143709004 ], [ 112.797307240899912, -7.28071052532724 ] ] ] ] } },
{ "type": "Feature", "properties": { "Id": 0 }, "geometry": { "type": "MultiPolygon", "coordinates": [ [ [ [ 112.791174542340983, -7.2765371488103 ], [ 112.791174844773096, -7.276534874978502 ], [ 112.791177471553041, -7.276532711566206 ], [ 112.791180101179762, -7.276531265817041 ], [ 112.791186082003662, -7.276529089139228 ], [ 112.791190619686446, -7.276525482820284 ], [ 112.791193960445256, -7.276522120460055 ], [ 112.791196345752596, -7.276519479553105 ], [ 112.791197533187059, -7.276516843383853 ], [ 112.791198713030028, -7.276512293446213 ], [ 112.791201084103164, -7.276506064223538 ], [ 112.791199635268569, -7.276503199256152 ], [ 112.791197951604104, -7.276501531341605 ], [ 112.791196020773612, -7.276497950606139 ], [ 112.791194568143311, -7.276494128754551 ], [ 112.791195748935223, -7.276489818037973 ], [ 112.791201969333045, -7.276487640412548 ], [ 112.79120771817324, -7.276487378450563 ], [ 112.791210595914606, -7.276488084743205 ], [ 112.791213003996347, -7.27649118514139 ], [ 112.791216859014895, -7.276496672064752 ], [ 112.791219501926534, -7.276498575410111 ], [ 112.791224773515594, -7.276498793785034 ], [ 112.791227883239969, -7.276497585361635 ], [ 112.791233616896889, -7.276493495862539 ], [ 112.79124030790291, -7.276489163352135 ], [ 112.791250354850277, -7.276485296017856 ], [ 112.791258488048015, -7.276482153927082 ], [ 112.791267109884387, -7.276481402151452 ], [ 112.791271902324084, -7.276481622421048 ], [ 112.791277896432334, -7.27648279483685 ], [ 112.791281964454498, -7.276481582622812 ], [ 112.791284832706026, -7.276479896704553 ], [ 112.791290089110973, -7.276476287542191 ], [ 112.791295104992315, -7.276472440106304 ], [ 112.791305157632522, -7.276470008097233 ], [ 112.791309936786092, -7.27646687927196 ], [ 112.791313512372994, -7.276462319858392 ], [ 112.791318767828486, -7.276458471474732 ], [ 112.791323312152286, -7.276456539702121 ], [ 112.791333367638856, -7.276454825355647 ], [ 112.791343661750815, -7.27645287084031 ], [ 112.791351326237077, -7.276452362074726 ], [ 112.791358512523317, -7.27645209442524 ], [ 112.791362097599759, -7.276449927221732 ], [ 112.791364003756598, -7.276447288209479 ], [ 112.791367100193781, -7.276442730690892 ], [ 112.791370680524992, -7.276439367382181 ], [ 112.791376899022694, -7.276436711312699 ], [ 112.791379768222484, -7.276435264615055 ], [ 112.791391746947284, -7.276435217233622 ], [ 112.791398697454696, -7.276435907415306 ], [ 112.791408282332526, -7.276436347951831 ], [ 112.791412121218656, -7.276437768115689 ], [ 112.791414291624761, -7.276441347902225 ], [ 112.791418128612861, -7.276442289624003 ], [ 112.79142460471661, -7.276444177805669 ], [ 112.791426052603143, -7.276446803550983 ], [ 112.791426071584183, -7.276451587971409 ], [ 112.79142440500226, -7.276454226036187 ], [ 112.791423453347605, -7.276455904373945 ], [ 112.791424190103115, -7.276460446730378 ], [ 112.791425639887819, -7.276463550917723 ], [ 112.791427570719691, -7.276467131651803 ], [ 112.791434067703108, -7.276474282695641 ], [ 112.791437915131198, -7.276477855848352 ], [ 112.791438180330402, -7.276484313868194 ], [ 112.791435798821183, -7.27648791166011 ], [ 112.791427192170673, -7.27649249097523 ], [ 112.791420255898231, -7.276495389109498 ], [ 112.791414044043563, -7.276499719726877 ], [ 112.791411299281179, -7.276502338133992 ], [ 112.791404406367917, -7.276504087817639 ], [ 112.79139694758652, -7.276508136297381 ], [ 112.791384893529269, -7.276513351232625 ], [ 112.791380300531216, -7.276515091818637 ], [ 112.791375702977774, -7.276515684143669 ], [ 112.791372262215106, -7.276517994311466 ], [ 112.791369396431321, -7.276520302204882 ], [ 112.791365962501587, -7.276524334764042 ], [ 112.791365414854766, -7.276531226603928 ], [ 112.79135737653823, -7.27653412909657 ], [ 112.791346474715169, -7.276539913612941 ], [ 112.791331552594414, -7.276546862309982 ], [ 112.791322368874589, -7.276550917611647 ], [ 112.791313764688766, -7.276556118899848 ], [ 112.79130689455009, -7.276563609887159 ], [ 112.79129886534281, -7.276568808900929 ], [ 112.791291420224667, -7.276576302162328 ], [ 112.791287993126588, -7.276582057112625 ], [ 112.791282252446848, -7.27658437637685 ], [ 112.791273630039228, -7.276584984620628 ], [ 112.791264432652525, -7.276585595138421 ], [ 112.791257535181856, -7.2765861965593 ], [ 112.791247751428315, -7.276583938698471 ], [ 112.791240267590894, -7.276581671740717 ], [ 112.79122702257574, -7.276576556871821 ], [ 112.791216086586857, -7.276573729428008 ], [ 112.791211473089774, -7.276570302837986 ], [ 112.791207441404225, -7.276568596365351 ], [ 112.791197073562145, -7.276564044255308 ], [ 112.791187282976708, -7.276560064001401 ], [ 112.791181519521899, -7.276556641959172 ], [ 112.791177478726752, -7.276552638964099 ], [ 112.791175144649188, -7.276544036102539 ], [ 112.791174542340983, -7.2765371488103 ] ] ] ] } },
{ "type": "Feature", "properties": { "Id": 0 }, "geometry": { "type": "MultiPolygon", "coordinates": [ [ [ [ 112.791697932362624, -7.276365890762605 ], [ 112.791707495596128, -7.276360877054632 ], [ 112.791717451260723, -7.276358158351488 ], [ 112.791728943238809, -7.276356199089384 ], [ 112.791735070268743, -7.276354643811373 ], [ 112.791743106300203, -7.276351167183024 ], [ 112.79175383012101, -7.276348828199768 ], [ 112.791764176697626, -7.276348021747035 ], [ 112.791774139955066, -7.276347216810607 ], [ 112.791791004473808, -7.276346767330024 ], [ 112.791803647926685, -7.276345186270108 ], [ 112.791808623480136, -7.276343252787311 ], [ 112.791812090058002, -7.27634744942748 ], [ 112.791807509973864, -7.276352443422236 ], [ 112.791805999479521, -7.276358190791716 ], [ 112.79179988763785, -7.276363573606174 ], [ 112.791792624320081, -7.276368578216668 ], [ 112.791775008350072, -7.276372858266159 ], [ 112.791752045656324, -7.276382135342469 ], [ 112.791745952038468, -7.276392111199231 ], [ 112.79174290219197, -7.276396333620472 ], [ 112.791735993336033, -7.276394064395997 ], [ 112.791723708900633, -7.276389519880781 ], [ 112.791714127442262, -7.276389940546296 ], [ 112.791699565873088, -7.276391146432822 ], [ 112.791701071812795, -7.27638425080261 ], [ 112.791705641267654, -7.276376577533513 ], [ 112.791704856405076, -7.276371987523548 ], [ 112.791697932362624, -7.276365890762605 ] ] ] ] } },
{ "type": "Feature", "properties": { "Id": 0 }, "geometry": { "type": "MultiPolygon", "coordinates": [ [ [ [ 112.790288966111007, -7.278200470876376 ], [ 112.790313129504469, -7.278199378063309 ], [ 112.790315508737422, -7.278288142470747 ], [ 112.790455208739331, -7.278282422806085 ], [ 112.790459834777181, -7.278289007119575 ], [ 112.790466458449188, -7.278291851625422 ], [ 112.790469627678391, -7.278293561512051 ], [ 112.790471360592548, -7.278295564148361 ], [ 112.790473669626721, -7.278297851576259 ], [ 112.790477146840672, -7.278304727502284 ], [ 112.790292900566186, -7.278314355224015 ], [ 112.790288966111007, -7.278200470876376 ] ] ] ] } },
{ "type": "Feature", "properties": { "Id": 0 }, "geometry": { "type": "MultiPolygon", "coordinates": [ [ [ [ 112.790443915373558, -7.27834252885803 ], [ 112.790433370250668, -7.278341613657984 ], [ 112.790428577979, -7.278341441228478 ], [ 112.790425507615836, -7.278340496470278 ], [ 112.790420519888571, -7.278339367914041 ], [ 112.790417451802455, -7.27833899728648 ], [ 112.790414180670638, -7.278335756763209 ], [ 112.790410146691912, -7.278333476155934 ], [ 112.790403821136252, -7.278333309789266 ], [ 112.790393856307958, -7.278333731952945 ], [ 112.790391557140879, -7.278333932424401 ], [ 112.790386955770714, -7.27833356785963 ], [ 112.790386952734721, -7.278332802351998 ], [ 112.790387895857265, -7.278328971024409 ], [ 112.790390763174813, -7.278327045887182 ], [ 112.79039516757139, -7.278326071571406 ], [ 112.790399956047921, -7.278325287116763 ], [ 112.790405708140014, -7.278325838511022 ], [ 112.790411079188104, -7.278326965551678 ], [ 112.790415114684791, -7.278329628912739 ], [ 112.790419150181521, -7.278332292273753 ], [ 112.7904228031163, -7.278335148527388 ], [ 112.790427024201477, -7.278336280115203 ], [ 112.790428937011427, -7.278335315651732 ], [ 112.790432571729809, -7.278333578859573 ], [ 112.790435063316338, -7.278333569006917 ], [ 112.790438131402411, -7.278333939634346 ], [ 112.790440819203582, -7.278335077285164 ], [ 112.790443702460365, -7.278337171062599 ], [ 112.790443903229175, -7.278339466827568 ], [ 112.790443915373558, -7.27834252885803 ] ] ] ] } },
{ "type": "Feature", "properties": { "Id": 0 }, "geometry": { "type": "MultiPolygon", "coordinates": [ [ [ [ 112.790786857096975, -7.278356578679681 ], [ 112.790789422876969, -7.278351114205276 ], [ 112.790792569332098, -7.278347082783277 ], [ 112.790796870305044, -7.278344195074127 ], [ 112.790802036027571, -7.278341878084304 ], [ 112.790812106173448, -7.278343847743495 ], [ 112.790826794391066, -7.278350392253609 ], [ 112.790835140731687, -7.27835265580006 ], [ 112.790840905350009, -7.278356364906791 ], [ 112.790844652978279, -7.278358933711999 ], [ 112.790848110838326, -7.278360929523712 ], [ 112.790855044779306, -7.278369514191668 ], [ 112.790858223120395, -7.278373520597444 ], [ 112.790861978720557, -7.278378098859471 ], [ 112.790866885422489, -7.278382959638255 ], [ 112.79086918876466, -7.278383811737084 ], [ 112.790871793263349, -7.278388107482223 ], [ 112.790873247799226, -7.278392407775867 ], [ 112.790874421677316, -7.278398431598351 ], [ 112.79087587507442, -7.278402444826711 ], [ 112.790881641971353, -7.278406728063232 ], [ 112.790886819082118, -7.278407281725238 ], [ 112.790894581331784, -7.27840725102228 ], [ 112.790899469812956, -7.278407518756016 ], [ 112.790906954821423, -7.278410072777535 ], [ 112.79091241031216, -7.278408328779832 ], [ 112.790919871404796, -7.278404854430221 ], [ 112.790924768996717, -7.278407418685923 ], [ 112.79093401311539, -7.278418577842244 ], [ 112.790934613151791, -7.27842489100399 ], [ 112.790927470298968, -7.278436114979238 ], [ 112.790924906798324, -7.278442153584642 ], [ 112.790922329631371, -7.278444747406688 ], [ 112.790911982242136, -7.278445362475352 ], [ 112.790900457557598, -7.278439092525636 ], [ 112.790894388364421, -7.27843107857796 ], [ 112.790891773615698, -7.278424199245532 ], [ 112.790889170255383, -7.278420190565869 ], [ 112.790882251117623, -7.278415337747525 ], [ 112.790873330933081, -7.278413363541841 ], [ 112.790868145850496, -7.278410800422678 ], [ 112.790862383508866, -7.278407665447118 ], [ 112.790855467787935, -7.278403673824089 ], [ 112.790849129326176, -7.278400254057268 ], [ 112.79083876713311, -7.278397137275229 ], [ 112.79083358318961, -7.278394861220858 ], [ 112.790829541237557, -7.278390571160947 ], [ 112.790826075405818, -7.278386565892048 ], [ 112.790820885768539, -7.278382854511036 ], [ 112.790812822362952, -7.278379441566166 ], [ 112.790807062299521, -7.278376880720304 ], [ 112.790802456754108, -7.2783754635872 ], [ 112.790796127403155, -7.278374340341829 ], [ 112.790792671820697, -7.278372918660287 ], [ 112.790789199156791, -7.278367190999222 ], [ 112.790785726493013, -7.278361463338089 ], [ 112.790786857096975, -7.278356578679681 ] ] ] ] } },
{ "type": "Feature", "properties": { "Id": 0 }, "geometry": { "type": "MultiPolygon", "coordinates": [ [ [ [ 112.789731672245921, -7.287547970017287 ], [ 112.789734317427545, -7.287494039356408 ], [ 112.790839644696632, -7.287426872769503 ], [ 112.791150201993872, -7.287248042402753 ], [ 112.792245632209955, -7.286634349587359 ], [ 112.793405208282365, -7.285957627988227 ], [ 112.793446790246989, -7.286003394203923 ], [ 112.792680368075025, -7.286450433217573 ], [ 112.792169374374936, -7.286737231275781 ], [ 112.791318726591612, -7.287212161023411 ], [ 112.79085368169747, -7.287486527677143 ], [ 112.790422911395808, -7.2875111989736 ], [ 112.789731672245921, -7.287547970017287 ] ] ] ] } },
{ "type": "Feature", "properties": { "Id": 0 }, "geometry": { "type": "MultiPolygon", "coordinates": [ [ [ [ 112.792300504235712, -7.288600194459557 ], [ 112.792296479184998, -7.288543944800898 ], [ 112.792317254075826, -7.288185121318548 ], [ 112.792360490687059, -7.287875680443932 ], [ 112.792392617255672, -7.287857180657644 ], [ 112.792409386327407, -7.287832617595642 ], [ 112.792481415590672, -7.287823145858972 ], [ 112.792659304418578, -7.287828564829901 ], [ 112.792726794602785, -7.28783442141795 ], [ 112.792780545838767, -7.287855642832951 ], [ 112.792779514572175, -7.287885502138324 ], [ 112.792722636258674, -7.288041893390276 ], [ 112.792535971111349, -7.288600983433986 ], [ 112.792530850957505, -7.288614783064951 ], [ 112.792525720530008, -7.288625999111853 ], [ 112.79251598786756, -7.288636659265278 ], [ 112.792505952868453, -7.288643588714668 ], [ 112.792493884843466, -7.288645358973991 ], [ 112.792482379256214, -7.288643969239594 ], [ 112.792470587313431, -7.28864286770949 ], [ 112.792459076018943, -7.288640042649911 ], [ 112.792438920410106, -7.288632371678164 ], [ 112.792418769367487, -7.288625848965036 ], [ 112.792407259214883, -7.288623310968852 ], [ 112.79239719796135, -7.288623637923062 ], [ 112.792377929955364, -7.288622278957384 ], [ 112.792343705256869, -7.288619256863651 ], [ 112.792333331396023, -7.288613269527677 ], [ 112.792327300807131, -7.288615015849846 ], [ 112.792323558780637, -7.288613882405508 ], [ 112.792315779241207, -7.288609607201846 ], [ 112.792300504235712, -7.288600194459557 ] ] ] ] } },
{ "type": "Feature", "properties": { "Id": 0 }, "geometry": { "type": "MultiPolygon", "coordinates": [ [ [ [ 112.796372560290749, -7.287066663720338 ], [ 112.796373541482509, -7.287072401199947 ], [ 112.796375106814608, -7.287080432910036 ], [ 112.79637512892603, -7.287085982820006 ], [ 112.796373241263694, -7.287093262728993 ], [ 112.796370963411974, -7.287098821774824 ], [ 112.796368488559366, -7.287103041948509 ], [ 112.796362365236092, -7.287105554201367 ], [ 112.796356616852933, -7.287105959793233 ], [ 112.796351047934053, -7.287103302604387 ], [ 112.796347006986906, -7.287099299691565 ], [ 112.796342775138655, -7.287095488916146 ], [ 112.796336824417651, -7.287093216002127 ], [ 112.796329909279152, -7.287089415884838 ], [ 112.796325883581119, -7.28708924049594 ], [ 112.796322054883788, -7.287090403979181 ], [ 112.796317467156413, -7.28709348426968 ], [ 112.79631364913314, -7.287097327019845 ], [ 112.796310408387924, -7.287101741614744 ], [ 112.796311110470526, -7.28710958537493 ], [ 112.796306247065232, -7.287115633138631 ], [ 112.796298785908135, -7.287119107600863 ], [ 112.796297090670535, -7.287126578124822 ], [ 112.796297699970978, -7.287135187770526 ], [ 112.796293969392252, -7.28713692500165 ], [ 112.796293404694254, -7.287139510864423 ], [ 112.796295142247033, -7.287142661720327 ], [ 112.796292845714504, -7.28714353204876 ], [ 112.796291117310915, -7.287142677707442 ], [ 112.796286790011905, -7.287138963000257 ], [ 112.796283045709373, -7.287137255459414 ], [ 112.796277885658839, -7.287141007850331 ], [ 112.796275022140847, -7.287143889912838 ], [ 112.796271024651972, -7.287150795443551 ], [ 112.796271617941102, -7.287155386188891 ], [ 112.796274213405653, -7.287157385361821 ], [ 112.796279673531913, -7.287156789536533 ], [ 112.796282833694562, -7.287156202846626 ], [ 112.796284848449972, -7.287156768981756 ], [ 112.796286298507383, -7.287159920979621 ], [ 112.796287462213002, -7.287163361183708 ], [ 112.796290069114178, -7.287168230999741 ], [ 112.796289224926269, -7.287172827454694 ], [ 112.796286938686436, -7.287176281362049 ], [ 112.796281186489921, -7.287175730072129 ], [ 112.796279177452632, -7.287176599258623 ], [ 112.796279485533788, -7.287181765274513 ], [ 112.796282086716786, -7.287185199768966 ], [ 112.79628409918503, -7.287185191775407 ], [ 112.796284401547993, -7.28718892246963 ], [ 112.796282982369121, -7.28719352120847 ], [ 112.796281564333839, -7.287198407011644 ], [ 112.796280422357512, -7.287200421029651 ], [ 112.796282731470555, -7.287202708408707 ], [ 112.796288503109636, -7.287208139791967 ], [ 112.796292545201283, -7.287212429769544 ], [ 112.796297448635798, -7.287216429256886 ], [ 112.796304359964125, -7.287219272493164 ], [ 112.796307823634024, -7.287222703561514 ], [ 112.796315031607421, -7.287227842170169 ], [ 112.796314497788899, -7.287238178769482 ], [ 112.796313380973643, -7.28724650820253 ], [ 112.796309668693084, -7.287252838463037 ], [ 112.796304506354403, -7.287256016725844 ], [ 112.796295320222157, -7.287259498040376 ], [ 112.79628583858856, -7.287260971046443 ], [ 112.796277795576117, -7.287262725406912 ], [ 112.796270320692642, -7.287262755097442 ], [ 112.796264578787856, -7.287264787386476 ], [ 112.796255966502315, -7.287267979352114 ], [ 112.796250226884638, -7.287270585769669 ], [ 112.796223752252644, -7.287276432303278 ], [ 112.796205565168378, -7.28728176747022 ], [ 112.796177336705355, -7.28729240544881 ], [ 112.796141443598231, -7.287303552316339 ], [ 112.796099319511939, -7.287314245480764 ], [ 112.796049506003087, -7.287319227802969 ], [ 112.795984809965333, -7.287317092502447 ], [ 112.795958404746017, -7.287304279267027 ], [ 112.795934372455591, -7.287285715227732 ], [ 112.795921855235903, -7.287270933043085 ], [ 112.795918430609149, -7.287253244059809 ], [ 112.79592366134105, -7.287243175875084 ], [ 112.79592983705119, -7.28722975480023 ], [ 112.79592740123482, -7.287219717061357 ], [ 112.795914916414631, -7.28721306836672 ], [ 112.795907592466094, -7.287208887107472 ], [ 112.795897226618862, -7.287204909307269 ], [ 112.795877367701905, -7.287199533860463 ], [ 112.795870171166243, -7.287197265887317 ], [ 112.795866137081575, -7.287194985355695 ], [ 112.795866700638769, -7.287192112428466 ], [ 112.795869280094877, -7.287190092702683 ], [ 112.795870412926163, -7.287185782170165 ], [ 112.795869826178659, -7.287163584503094 ], [ 112.795877318930948, -7.287119920271732 ], [ 112.795886390727262, -7.287087732527047 ], [ 112.795896274912778, -7.28706702431341 ], [ 112.795911543973375, -7.287050887818515 ], [ 112.79593449482303, -7.28703854840338 ], [ 112.795945212740136, -7.287034678255039 ], [ 112.795954062982446, -7.287028672075487 ], [ 112.795967227170138, -7.287013405145123 ], [ 112.795978141704722, -7.287010778180678 ], [ 112.795979574608012, -7.287009624214627 ], [ 112.795981556203174, -7.287001865484549 ], [ 112.795981219540266, -7.286989522858266 ], [ 112.795981172659722, -7.286977753219039 ], [ 112.795984586014598, -7.286968553458571 ], [ 112.796001192140125, -7.286951263376723 ], [ 112.796007212391132, -7.286946933435009 ], [ 112.796010638323168, -7.286940891382569 ], [ 112.796016368791726, -7.286935988453783 ], [ 112.796021798043455, -7.286927641894281 ], [ 112.796024069420056, -7.286920456151289 ], [ 112.79602662600503, -7.286912695137806 ], [ 112.796029192881008, -7.286907517703651 ], [ 112.79603376193316, -7.28689974869804 ], [ 112.796034877611021, -7.286891132200175 ], [ 112.796034858172419, -7.286886252105975 ], [ 112.796034544377832, -7.286879650767328 ], [ 112.796033938514199, -7.286871902312912 ], [ 112.796034473484298, -7.286861852776696 ], [ 112.796035297093155, -7.286852089163073 ], [ 112.79603239584111, -7.286845498099942 ], [ 112.796028919598612, -7.286838909320194 ], [ 112.796026304698628, -7.286832030050897 ], [ 112.796023984154616, -7.28682687202603 ], [ 112.796016179475345, -7.286816281470679 ], [ 112.796015593050569, -7.286813413110387 ], [ 112.796016349032683, -7.286810730798405 ], [ 112.796018830748665, -7.28680823301239 ], [ 112.796024569982052, -7.286805530910703 ], [ 112.796029729651082, -7.286801682834943 ], [ 112.796033936338517, -7.286799178198591 ], [ 112.796039102105695, -7.286796861132714 ], [ 112.796046372359925, -7.28679357881292 ], [ 112.796051348750311, -7.286791836636793 ], [ 112.79605823110353, -7.286787407581671 ], [ 112.79606069299939, -7.286779934013261 ], [ 112.796061625398764, -7.286773423415274 ], [ 112.796061608628222, -7.286769213137982 ], [ 112.796061210817612, -7.286765578511682 ], [ 112.796060043303868, -7.286761181425057 ], [ 112.796057537194955, -7.286757555171437 ], [ 112.796054068194877, -7.286752784466098 ], [ 112.796049633254597, -7.286746103803994 ], [ 112.796046743818877, -7.286742479072584 ], [ 112.796045542968059, -7.286729712464807 ], [ 112.796044327430764, -7.28671325867471 ], [ 112.796041578585957, -7.286696810973682 ], [ 112.796035391995744, -7.286683438992926 ], [ 112.796033428100117, -7.286671581277095 ], [ 112.796027675147428, -7.286670838606017 ], [ 112.796018858628571, -7.286670873617899 ], [ 112.796011563221086, -7.286667840520668 ], [ 112.796006572348659, -7.286665946547376 ], [ 112.796005799596756, -7.286664418581868 ], [ 112.79600347981652, -7.286659451932819 ], [ 112.796000007006668, -7.286653724345489 ], [ 112.79599346910625, -7.286648391688392 ], [ 112.795989243363366, -7.286646111917898 ], [ 112.795982717659186, -7.286643841280601 ], [ 112.795979252472179, -7.286640027455495 ], [ 112.795976550890003, -7.286635445080933 ], [ 112.795976528022621, -7.286629703793406 ], [ 112.795977641415476, -7.286620513166723 ], [ 112.795982603321903, -7.286615134842951 ], [ 112.795984103090476, -7.28660670819909 ], [ 112.795981752821149, -7.28659408649975 ], [ 112.795978663339071, -7.28658835738984 ], [ 112.795974016158041, -7.286576510328604 ], [ 112.795972857030648, -7.286574218380147 ], [ 112.795974753846608, -7.286569234986614 ], [ 112.795975885533366, -7.286564637389994 ], [ 112.795975861141741, -7.286558513349918 ], [ 112.795973538313717, -7.286552781195477 ], [ 112.795965850434825, -7.286547453104104 ], [ 112.795960085288016, -7.286543648411734 ], [ 112.795955865644146, -7.286542899650621 ], [ 112.795956612479856, -7.286537920823655 ], [ 112.795953133573974, -7.286530662225521 ], [ 112.795948506212312, -7.286523790946315 ], [ 112.795943124392736, -7.286519984731402 ], [ 112.795935444136902, -7.286516570401854 ], [ 112.795926619998497, -7.286514691648619 ], [ 112.795920868572125, -7.286514331728199 ], [ 112.795918548793935, -7.28650936507828 ], [ 112.795912377454997, -7.286499820619396 ], [ 112.795904675857997, -7.286491047753917 ], [ 112.795901969704559, -7.286485317120915 ], [ 112.795894294022702, -7.286483051047992 ], [ 112.795891213689018, -7.286479618452123 ], [ 112.795887346884854, -7.286471213117616 ], [ 112.795885401287805, -7.286463948430146 ], [ 112.795875422597064, -7.286460925984326 ], [ 112.795864290877375, -7.286457142599386 ], [ 112.795855480459323, -7.286458708617191 ], [ 112.795848965428704, -7.28645911724488 ], [ 112.795846265373541, -7.286454917621436 ], [ 112.795840474315, -7.286444606133891 ], [ 112.795832372625995, -7.286431624510682 ], [ 112.795822322293176, -7.286410612694085 ], [ 112.795823446360004, -7.286404101334849 ], [ 112.795825327934381, -7.286395290416294 ], [ 112.795824906499831, -7.286385723124838 ], [ 112.795819139831863, -7.286381535677303 ], [ 112.795811833759984, -7.286375823307545 ], [ 112.795803791520711, -7.286377769032486 ], [ 112.795800333958937, -7.286375868967857 ], [ 112.795794956715085, -7.286373211008086 ], [ 112.795789591665525, -7.286373615068594 ], [ 112.795785393363104, -7.286378224841107 ], [ 112.795783490448045, -7.28638167722401 ], [ 112.795784670913719, -7.286389327708971 ], [ 112.795784687680779, -7.286393537986975 ], [ 112.795779712054767, -7.286395471535661 ], [ 112.795767060748574, -7.286395139008652 ], [ 112.795759776016496, -7.286394785173718 ], [ 112.795756307784885, -7.286390205840835 ], [ 112.795753581818786, -7.286379499423084 ], [ 112.795752774010651, -7.286369168148076 ], [ 112.795751216315878, -7.286363050195045 ], [ 112.795748517786564, -7.286359233323214 ], [ 112.79574888587085, -7.286355404275673 ], [ 112.795755393279194, -7.286353081887025 ], [ 112.79576842028969, -7.286351499129895 ], [ 112.795780303417033, -7.28635145194856 ], [ 112.795786053317315, -7.286351429118773 ], [ 112.795792566822414, -7.286350637739837 ], [ 112.795799452984156, -7.286347165571002 ], [ 112.795803655859046, -7.286343704056088 ], [ 112.795806691986712, -7.286336036829201 ], [ 112.795803193269705, -7.286323802445778 ], [ 112.795799323420496, -7.286314631604628 ], [ 112.795799677785922, -7.286307357784285 ], [ 112.795801198898303, -7.28630428967595 ], [ 112.795807313833208, -7.286299672293532 ], [ 112.795814587893616, -7.286297346860287 ], [ 112.795816866513405, -7.286291979192669 ], [ 112.795821067863429, -7.286288134925213 ], [ 112.795818349518512, -7.286279342270785 ], [ 112.795812952460309, -7.286271708527873 ], [ 112.795808343395308, -7.286269430276522 ], [ 112.79579990716131, -7.286268698255127 ], [ 112.795795299620664, -7.286266802756193 ], [ 112.795789542100181, -7.28626491182307 ], [ 112.795779961983385, -7.286265715377414 ], [ 112.795775365112505, -7.286266499146069 ], [ 112.795775351394298, -7.286263054373117 ], [ 112.795778014865405, -7.286258067936227 ], [ 112.795781823743511, -7.286251928675775 ], [ 112.795789852262601, -7.286246538178779 ], [ 112.795795988536625, -7.286247279332322 ], [ 112.795800971782356, -7.286247259546619 ], [ 112.795806729302569, -7.28624915047959 ], [ 112.795811732363831, -7.286254106476861 ], [ 112.795816338380121, -7.286255619223114 ], [ 112.79582016554896, -7.286254072993005 ], [ 112.795825141173268, -7.286252139444285 ], [ 112.795829727373814, -7.286248676407397 ], [ 112.795836999908929, -7.286245968221474 ], [ 112.795840825553299, -7.286244039238698 ], [ 112.795843883020183, -7.286241730547355 ], [ 112.795846170785239, -7.286238659394926 ], [ 112.795843842245247, -7.286231491916948 ], [ 112.795841800057048, -7.286224036233018 ], [ 112.795841777192663, -7.286218294944945 ], [ 112.795844344069025, -7.286213117512101 ], [ 112.795844605269892, -7.286206513889343 ], [ 112.795844293767445, -7.286200486678368 ], [ 112.795849174321546, -7.286198744886345 ], [ 112.795856345689074, -7.28619469744697 ], [ 112.795860360328675, -7.286192097886177 ], [ 112.79586667492741, -7.286189489193228 ], [ 112.795871839546479, -7.286186885066309 ], [ 112.795876721243545, -7.286185430338441 ], [ 112.795884475602975, -7.286183390066469 ], [ 112.795889351583696, -7.286180500016513 ], [ 112.795896811588577, -7.286176738499507 ], [ 112.795901977350525, -7.286174421436704 ], [ 112.795908871511415, -7.286172958717764 ], [ 112.79591490090111, -7.286170925294601 ], [ 112.795921505280475, -7.286168889588287 ], [ 112.795927249461656, -7.286167431435329 ], [ 112.795939880943749, -7.286162788176621 ], [ 112.795949648909627, -7.286161026977169 ], [ 112.795961137271405, -7.286158110670518 ], [ 112.795974074540212, -7.286158059299573 ], [ 112.795986140177931, -7.286155714837976 ], [ 112.795995338870043, -7.286155391242681 ], [ 112.796003388726007, -7.286155359277985 ], [ 112.796012590847951, -7.286155896875513 ], [ 112.796024665631762, -7.286155848927953 ], [ 112.796030428105411, -7.286158983803786 ], [ 112.796036182575776, -7.28616010922891 ], [ 112.796049978898623, -7.286159193237799 ], [ 112.796060040074977, -7.286158866216309 ], [ 112.796073552332786, -7.286158812559243 ], [ 112.7960873532287, -7.286159044824477 ], [ 112.796100285923117, -7.286157845192466 ], [ 112.796108328918379, -7.286156090839722 ], [ 112.796125005905722, -7.286156598751509 ], [ 112.796134780730142, -7.28615655993441 ], [ 112.796142830585481, -7.286156527967226 ], [ 112.796152611126814, -7.286157924471523 ], [ 112.796160957624224, -7.286160187877159 ], [ 112.796168159859462, -7.286163891171195 ], [ 112.796174209828592, -7.286167024903222 ], [ 112.796182263114247, -7.286167854128333 ], [ 112.796187725516091, -7.286167832435724 ], [ 112.796194337897234, -7.286167806176163 ], [ 112.796198943531735, -7.28616922323033 ], [ 112.79620269239895, -7.286172079031352 ], [ 112.79620413787724, -7.286174082773138 ], [ 112.796204160746072, -7.286179824060095 ], [ 112.796194699715414, -7.286186464217098 ], [ 112.796186104599315, -7.286193962141846 ], [ 112.796182112830905, -7.286202302992081 ], [ 112.796179842601262, -7.286209775798974 ], [ 112.79618015296478, -7.286215515944226 ], [ 112.796183907549548, -7.2862198070671 ], [ 112.796189663164071, -7.28622121955434 ], [ 112.79619800851934, -7.286223195894601 ], [ 112.796202609580646, -7.286223464691204 ], [ 112.796208645829381, -7.286223153650351 ], [ 112.796210674301804, -7.286227164559009 ], [ 112.796212418709729, -7.286232037802418 ], [ 112.796214734677122, -7.28623604756929 ], [ 112.79621820519786, -7.286241201026503 ], [ 112.79622080179945, -7.286243487265501 ], [ 112.796223118910433, -7.286247784096649 ], [ 112.796224307767815, -7.286257539717298 ], [ 112.796223198953115, -7.286267878600666 ], [ 112.796222070699443, -7.286273337390201 ], [ 112.796221225366807, -7.286277646780608 ], [ 112.796223250409255, -7.286280796496061 ], [ 112.796224699318472, -7.286283661430716 ], [ 112.796225866450158, -7.286287962828809 ], [ 112.796225884745738, -7.286292555858286 ], [ 112.796225037126192, -7.286296291120017 ], [ 112.796222749745127, -7.286299457961871 ], [ 112.796220745285041, -7.286301475404593 ], [ 112.796215870449672, -7.286304652522245 ], [ 112.796210717267016, -7.286310127296393 ], [ 112.796207290197287, -7.286315882284318 ], [ 112.796205320041068, -7.286326511657346 ], [ 112.796205074854399, -7.286337134179874 ], [ 112.796208861457856, -7.286349463103845 ], [ 112.7962143490183, -7.286355756825923 ], [ 112.796218396817167, -7.286361482128042 ], [ 112.796222151403796, -7.286365773250171 ], [ 112.796224751436711, -7.286368920681998 ], [ 112.796225935721154, -7.286377528045145 ], [ 112.796226838228151, -7.286387571871746 ], [ 112.79622802251275, -7.286396179234827 ], [ 112.796228049956582, -7.286403068779009 ], [ 112.796227769322556, -7.286404792306828 ], [ 112.796226349000051, -7.286409103980833 ], [ 112.796226937711936, -7.286412546469381 ], [ 112.796230698016672, -7.286418272912974 ], [ 112.796233292332516, -7.286419985022957 ], [ 112.796236168425906, -7.286420260669415 ], [ 112.796239915008741, -7.286422542340888 ], [ 112.796241075280221, -7.286425121352766 ], [ 112.796241087858775, -7.286428279060469 ], [ 112.796239086828891, -7.286431157696402 ], [ 112.796204856149075, -7.286498754830746 ], [ 112.796197375560524, -7.28649734919525 ], [ 112.796187013160676, -7.286494232591228 ], [ 112.796176363265914, -7.286491117128728 ], [ 112.796170596213003, -7.286486833998693 ], [ 112.796166276926613, -7.286485128738916 ], [ 112.796159965757298, -7.286488598629663 ], [ 112.796153375097035, -7.286494079112514 ], [ 112.796142462863216, -7.286497280206664 ], [ 112.796134706214062, -7.286498746355347 ], [ 112.796129250668727, -7.286500490434434 ], [ 112.796123214416028, -7.286500801475125 ], [ 112.796115447475756, -7.286499684044331 ], [ 112.796105961282294, -7.286500008785464 ], [ 112.79610194549889, -7.286502321284376 ], [ 112.796096486523012, -7.286503204169989 ], [ 112.796093611572402, -7.286503215587104 ], [ 112.796090171922444, -7.286505812866882 ], [ 112.79608702662803, -7.286510131391097 ], [ 112.79608703806224, -7.286513002034702 ], [ 112.796086480223408, -7.286517310283533 ], [ 112.796088247500492, -7.286527924814598 ], [ 112.796088285233495, -7.286537397938536 ], [ 112.796088032041212, -7.286546011011061 ], [ 112.796088351552257, -7.286554047671424 ], [ 112.796085778960943, -7.286557789783539 ], [ 112.796080904121936, -7.286560966900644 ], [ 112.796074875872165, -7.286563287391453 ], [ 112.796072863406465, -7.286563295383406 ], [ 112.796069145408183, -7.286568190319747 ], [ 112.796065728625976, -7.286576528886763 ], [ 112.796064322022673, -7.286584285333115 ], [ 112.796066361930571, -7.286591166885898 ], [ 112.796068102909217, -7.286595178936748 ], [ 112.796065523457017, -7.286597198662629 ], [ 112.796058068021793, -7.286602108441184 ], [ 112.796052907973817, -7.286605860828563 ], [ 112.796047468434466, -7.286611623808148 ], [ 112.796044610634226, -7.286615941190616 ], [ 112.796043199456932, -7.286622549379543 ], [ 112.796041779132338, -7.286626861053525 ], [ 112.796038349771891, -7.286632041912508 ], [ 112.796037521588701, -7.286640657268593 ], [ 112.796037258105159, -7.286646686762014 ], [ 112.796038725309685, -7.286654144727087 ], [ 112.796042183255594, -7.286656140477253 ], [ 112.796046518551464, -7.286661864639009 ], [ 112.796048547025521, -7.28666587554819 ], [ 112.796049422088672, -7.286669029831085 ], [ 112.796054336948856, -7.286675899966766 ], [ 112.796055788145864, -7.286679339030558 ], [ 112.796058669958256, -7.286681049999607 ], [ 112.79606097906715, -7.286683337380772 ], [ 112.796065007430002, -7.286684182589803 ], [ 112.79606701989627, -7.286684174597752 ], [ 112.796068182454775, -7.286687327738846 ], [ 112.796069930294621, -7.286693062175741 ], [ 112.796080892845424, -7.286702491913939 ], [ 112.796085243007155, -7.286711947911749 ], [ 112.79609041563377, -7.286711353231745 ], [ 112.796094143923639, -7.286709041874244 ], [ 112.79609990526211, -7.286711889682893 ], [ 112.796102503010005, -7.286714462986391 ], [ 112.796109118829904, -7.286715297919186 ], [ 112.796110268810679, -7.286715293352172 ], [ 112.796112309863787, -7.286722461968743 ], [ 112.796113773639618, -7.286729058740101 ], [ 112.796114654420791, -7.286733648344494 ], [ 112.796116391970259, -7.286736799201837 ], [ 112.796119849917091, -7.286738794951168 ], [ 112.796121289680073, -7.286739363371049 ], [ 112.796121580605714, -7.28674022342235 ], [ 112.796124174923477, -7.286741935532552 ], [ 112.796125913616507, -7.286745373454178 ], [ 112.796126493180878, -7.286746519428045 ], [ 112.796127362527386, -7.286748238388844 ], [ 112.796126833276332, -7.286759723246463 ], [ 112.796126577798731, -7.286767762190093 ], [ 112.796125484992174, -7.286782119974789 ], [ 112.796126418374257, -7.286799914539241 ], [ 112.796129365366866, -7.286817988175552 ], [ 112.796139268278111, -7.286850100561946 ], [ 112.796143060605218, -7.286863864807317 ], [ 112.796153765398401, -7.286880759357081 ], [ 112.796166439205393, -7.28688673746861 ], [ 112.796177672105529, -7.286891860095776 ], [ 112.796190336764639, -7.286895541691762 ], [ 112.79620040367422, -7.286896649984833 ], [ 112.796208746755582, -7.286898052193099 ], [ 112.796219973938449, -7.286901739497377 ], [ 112.796229749922048, -7.286901987738618 ], [ 112.79623751458216, -7.286902531037004 ], [ 112.796248158769515, -7.286904211173907 ], [ 112.796257659837266, -7.286907618264022 ], [ 112.796262272341508, -7.286910757701552 ], [ 112.796268057698995, -7.286919633858047 ], [ 112.796266932876989, -7.286925953840796 ], [ 112.796263509236113, -7.286932570022974 ], [ 112.796256371028008, -7.286944942336206 ], [ 112.796252979407598, -7.286959596319587 ], [ 112.796249580925462, -7.286972527917014 ], [ 112.796248758465367, -7.286982578594184 ], [ 112.796251389380274, -7.286993476761737 ], [ 112.796258018927418, -7.286997756463207 ], [ 112.796262637150775, -7.287002331222137 ], [ 112.79626610310558, -7.287006336419973 ], [ 112.796267858955318, -7.287014080305397 ], [ 112.796267876109567, -7.287018386270287 ], [ 112.796268759180734, -7.287023550002453 ], [ 112.796272219417716, -7.287026119878521 ], [ 112.796278844391026, -7.287029251322235 ], [ 112.796284610309158, -7.287033247384531 ], [ 112.796294105661801, -7.287035219151481 ], [ 112.796301581685029, -7.287035476525825 ], [ 112.796305305401091, -7.287032016908929 ], [ 112.796310767813026, -7.287031995212279 ], [ 112.796313356414956, -7.28703227199922 ], [ 112.796315946160533, -7.287032835850439 ], [ 112.796321129082671, -7.287034824745821 ], [ 112.796324306399185, -7.287038544020632 ], [ 112.796324596181876, -7.287039117007306 ], [ 112.796330063168469, -7.287040243567678 ], [ 112.796337242546983, -7.287038205568805 ], [ 112.796340403852312, -7.287037905943055 ], [ 112.796349021851199, -7.287036149298585 ], [ 112.796355633100802, -7.287035835969232 ], [ 112.796359945531222, -7.287035818839817 ], [ 112.796367135202544, -7.287036364419313 ], [ 112.796372646792875, -7.287048686487212 ], [ 112.796375559488297, -7.287058148189649 ], [ 112.796372560290749, -7.287066663720338 ] ] ] ] } },
{ "type": "Feature", "properties": { "Id": 0 }, "geometry": { "type": "MultiPolygon", "coordinates": [ [ [ [ 112.794632835952243, -7.285709984502815 ], [ 112.794617081598417, -7.285674817246839 ], [ 112.794626193088732, -7.285652581083549 ], [ 112.794649904487756, -7.285638707688781 ], [ 112.794792465314302, -7.285628955833315 ], [ 112.794856794055278, -7.28561109367454 ], [ 112.794957182875123, -7.28559997807238 ], [ 112.794997009192272, -7.28558986830221 ], [ 112.795046108462429, -7.285598094150589 ], [ 112.795095956103211, -7.285601723918259 ], [ 112.795158891986503, -7.28560711984127 ], [ 112.795228242646118, -7.285635073060701 ], [ 112.795252989739438, -7.285652677433117 ], [ 112.795272206521744, -7.285665280045236 ], [ 112.7952928741108, -7.285681226036721 ], [ 112.795307284080096, -7.285690020138072 ], [ 112.795317866501648, -7.285700264775871 ], [ 112.79532868755021, -7.285710269241989 ], [ 112.795342883655621, -7.285725523243702 ], [ 112.795367428321129, -7.285752458154191 ], [ 112.795381630143481, -7.285769147476448 ], [ 112.795399680468051, -7.285789649108954 ], [ 112.795405458934198, -7.285796802897693 ], [ 112.7954141418722, -7.285811361106957 ], [ 112.79541872911102, -7.285820194193075 ], [ 112.795421874114325, -7.285827836882993 ], [ 112.795424999117159, -7.285830455944573 ], [ 112.795429325824415, -7.285834027132744 ], [ 112.795435077624049, -7.285834482749816 ], [ 112.795442643234765, -7.285830768666406 ], [ 112.795444457269554, -7.285833073966034 ], [ 112.795459398547592, -7.285927173291029 ], [ 112.795316034470517, -7.285927742355542 ], [ 112.79517422197172, -7.285932898321358 ], [ 112.794885546084345, -7.285829933562929 ], [ 112.79482642545878, -7.285807968151125 ], [ 112.794632835952243, -7.285709984502815 ] ] ] ] } },
{ "type": "Feature", "properties": { "Id": 0 }, "geometry": { "type": "MultiPolygon", "coordinates": [ [ [ [ 112.79997372619782, -7.285445190205792 ], [ 112.799986688653632, -7.285398797505477 ], [ 112.799985781489184, -7.285387605450948 ], [ 112.79998431766893, -7.285381008704539 ], [ 112.799982854994425, -7.28537469902188 ], [ 112.799981096806277, -7.285366381036888 ], [ 112.799977925209618, -7.285364097110844 ], [ 112.799971305979767, -7.285362401040237 ], [ 112.799962391383033, -7.285361862376513 ], [ 112.799953184709722, -7.285360176601541 ], [ 112.79994629288025, -7.285362213503476 ], [ 112.799939406779146, -7.285365685724117 ], [ 112.799930801443935, -7.285370600127407 ], [ 112.799923339209386, -7.28537378757205 ], [ 112.799911275929205, -7.285376706256228 ], [ 112.799898925155048, -7.285379626084106 ], [ 112.799889741394523, -7.285383681583329 ], [ 112.799882001976457, -7.285389453745336 ], [ 112.799868801322475, -7.285395534705879 ], [ 112.799853888307553, -7.285404780231246 ], [ 112.799847876142493, -7.285411119656861 ], [ 112.799833829044758, -7.28542122294138 ], [ 112.799818620514927, -7.2854284601634 ], [ 112.799804839142965, -7.285433108091425 ], [ 112.799792499822018, -7.285438898554813 ], [ 112.799781026418913, -7.285445546777616 ], [ 112.799764376981244, -7.285451928526292 ], [ 112.799736223208001, -7.285457207773862 ], [ 112.799717253198153, -7.285458431523574 ], [ 112.799662071566445, -7.285462957096549 ], [ 112.799639356116899, -7.285462186265967 ], [ 112.799605418097997, -7.285458876467419 ], [ 112.799571198312421, -7.285457003129043 ], [ 112.799563419942103, -7.285453015116867 ], [ 112.799557367680407, -7.285449307305863 ], [ 112.799551868642808, -7.285440142994588 ], [ 112.799551269600599, -7.285434116941706 ], [ 112.799551250127891, -7.285429236856674 ], [ 112.799551229509746, -7.285424069707794 ], [ 112.799554355287313, -7.285414871084188 ], [ 112.799558335528062, -7.285403659582619 ], [ 112.799561764835602, -7.285398478708877 ], [ 112.799562889610812, -7.285392158729754 ], [ 112.799563718874069, -7.285383830447583 ], [ 112.799562812865446, -7.285372925453436 ], [ 112.799560764899979, -7.285364034480996 ], [ 112.799560167003449, -7.285358295491947 ], [ 112.799562164569082, -7.28535455565605 ], [ 112.799564149534774, -7.285347658118086 ], [ 112.79957100356728, -7.28533614811542 ], [ 112.799574713495417, -7.285329243715033 ], [ 112.799576407530736, -7.285321486129327 ], [ 112.799576381185346, -7.285314883661385 ], [ 112.799579211450251, -7.285303676734877 ], [ 112.799585209873456, -7.285293892546369 ], [ 112.799592662946935, -7.285288408596434 ], [ 112.799600682989421, -7.285280912912191 ], [ 112.799602945139014, -7.285271430656112 ], [ 112.799600300422611, -7.285257087758816 ], [ 112.799635505218589, -7.285217619334148 ], [ 112.799635186797175, -7.285209869754873 ], [ 112.799633436634764, -7.285203561213446 ], [ 112.799631118357894, -7.285198977342441 ], [ 112.799626797934579, -7.285196985052013 ], [ 112.799613290313886, -7.285198187063433 ], [ 112.799572776614241, -7.28520408960591 ], [ 112.799562684554274, -7.285196665976449 ], [ 112.79954800748618, -7.285192992475674 ], [ 112.79953677919697, -7.285189018186206 ], [ 112.799531035050379, -7.285190476379222 ], [ 112.799521278591556, -7.285195108285921 ], [ 112.799512365141908, -7.285194856676207 ], [ 112.799500559574611, -7.285190310545487 ], [ 112.799491804189145, -7.285191244855898 ], [ 112.799484521015728, -7.285191273828683 ], [ 112.799481081018016, -7.285193775439219 ], [ 112.799476311600287, -7.285199344401112 ], [ 112.799470764842496, -7.285202237150182 ], [ 112.799460034798713, -7.285203045350024 ], [ 112.799444894990927, -7.285203488333645 ], [ 112.799437803479563, -7.285203516543305 ], [ 112.799432821018939, -7.285203727742136 ], [ 112.799430734875017, -7.285209286029811 ], [ 112.799429041982336, -7.285217330679356 ], [ 112.799424862058714, -7.285226533495729 ], [ 112.79941951841603, -7.285232296120442 ], [ 112.799412263493195, -7.285239406000546 ], [ 112.799401932044134, -7.285244040192466 ], [ 112.799396751048491, -7.285242529770307 ], [ 112.799394613746244, -7.285235265872475 ], [ 112.799394194534514, -7.285226272729885 ], [ 112.799391331841178, -7.285133273952098 ], [ 112.799551306214184, -7.285120660446809 ], [ 112.799678210016907, -7.285101974590463 ], [ 112.799803670604902, -7.285081859101362 ], [ 112.799814666371077, -7.285075595538341 ], [ 112.799818931042566, -7.285063617389335 ], [ 112.799808761849505, -7.285036864803641 ], [ 112.799785558079051, -7.284985763267036 ], [ 112.799770522873843, -7.284940370596156 ], [ 112.799774665358129, -7.284897772309092 ], [ 112.799793214970236, -7.284863250306381 ], [ 112.799810852089564, -7.284840214667951 ], [ 112.799835182112616, -7.284813324822851 ], [ 112.799871512025092, -7.284791650153224 ], [ 112.799903073289173, -7.284775735821435 ], [ 112.799953327345804, -7.284761182454332 ], [ 112.799984461001117, -7.284758187894053 ], [ 112.800043897292767, -7.28476321431755 ], [ 112.800097633364274, -7.284780703041721 ], [ 112.800137498751496, -7.284804466767072 ], [ 112.80016880999662, -7.284845967072848 ], [ 112.800182944552333, -7.284875389549996 ], [ 112.800184383183932, -7.284890081721669 ], [ 112.80018427324066, -7.284900952478529 ], [ 112.800183556088996, -7.284913356682627 ], [ 112.800183458978509, -7.284927442553291 ], [ 112.800181666684935, -7.284939391726605 ], [ 112.800180930589875, -7.284947049810309 ], [ 112.800178038099929, -7.284952266825852 ], [ 112.80017498250281, -7.284955034841016 ], [ 112.800168129713555, -7.284966851049186 ], [ 112.800161573195311, -7.284976063325773 ], [ 112.800153176107656, -7.284985129823617 ], [ 112.800147072856603, -7.284992656162381 ], [ 112.800143753985552, -7.285006295544662 ], [ 112.800144089976811, -7.285013643156035 ], [ 112.800144882291207, -7.28502007033295 ], [ 112.800148886588588, -7.285024494387856 ], [ 112.800168873856038, -7.285038041024714 ], [ 112.800185751750973, -7.285040882818049 ], [ 112.800210583854408, -7.28503894676077 ], [ 112.800242272411808, -7.285026113097156 ], [ 112.80030029764275, -7.285004141537589 ], [ 112.800314841365108, -7.284998418843199 ], [ 112.800327710070462, -7.284995611773158 ], [ 112.800333218943848, -7.284992833993537 ], [ 112.800340870767883, -7.284989129066859 ], [ 112.800346521970383, -7.284983594865294 ], [ 112.800379972489736, -7.285008674622978 ], [ 112.800376646092559, -7.285015625344774 ], [ 112.800372839584682, -7.285022338753795 ], [ 112.800369734621682, -7.285024743346775 ], [ 112.800362547285616, -7.285024771951636 ], [ 112.800357519970007, -7.28502574885399 ], [ 112.800348184072377, -7.28502769979807 ], [ 112.800342926727907, -7.285031069851301 ], [ 112.800339819854827, -7.28503299600465 ], [ 112.800337439354578, -7.285036833055557 ], [ 112.800335314665659, -7.285044735888846 ], [ 112.800332454054683, -7.285048335626941 ], [ 112.800334150198054, -7.285053113347692 ], [ 112.800336816111994, -7.285060757891586 ], [ 112.800337331554474, -7.285069846335338 ], [ 112.800331611287191, -7.285077285031399 ], [ 112.800328518737402, -7.285082799481097 ], [ 112.800323759646204, -7.28509095202245 ], [ 112.80031828659564, -7.285100303523055 ], [ 112.800313522729581, -7.285107259965623 ], [ 112.800312349667536, -7.285113484446716 ], [ 112.800310231662436, -7.285123061818372 ], [ 112.800304752881928, -7.28513097800041 ], [ 112.800298778711991, -7.285134829353441 ], [ 112.800294961698313, -7.285138911344932 ], [ 112.800289698622834, -7.285140846079393 ], [ 112.800286594613453, -7.285143489891842 ], [ 112.800282048361922, -7.285144943326305 ], [ 112.800279184885312, -7.285147825405068 ], [ 112.800276807248821, -7.2851523801152 ], [ 112.800274923091521, -7.285160521214842 ], [ 112.800270399757153, -7.28516771592354 ], [ 112.800261549696017, -7.285171339498071 ], [ 112.80025628280039, -7.285172317353206 ], [ 112.800248639222744, -7.28517808913812 ], [ 112.800240756066913, -7.285183861876434 ], [ 112.800235970236756, -7.285185316264014 ], [ 112.800232383251299, -7.28518700510409 ], [ 112.800226400486068, -7.285188703478565 ], [ 112.800221374122941, -7.28518991959967 ], [ 112.800216838374126, -7.285194004451117 ], [ 112.8002087242333, -7.285201931120388 ], [ 112.800201093067614, -7.285210812761825 ], [ 112.800189383346577, -7.285218275292852 ], [ 112.800186051216272, -7.285223790695621 ], [ 112.800183196332171, -7.285228825751964 ], [ 112.80018154506719, -7.285235291359844 ], [ 112.800181333179921, -7.285242229686731 ], [ 112.800178707370364, -7.285244632372144 ], [ 112.800174870302783, -7.285243690747836 ], [ 112.800171276632625, -7.285243705049161 ], [ 112.800167200941885, -7.285243003597951 ], [ 112.800165285272655, -7.285243250445088 ], [ 112.800160991010472, -7.285247812782338 ], [ 112.800158612417505, -7.285252128272479 ], [ 112.800152652567107, -7.285259567920938 ], [ 112.800145968253418, -7.285265575110921 ], [ 112.800140963850296, -7.285272293286317 ], [ 112.800134280491079, -7.285278539696006 ], [ 112.800125438064867, -7.285284077026882 ], [ 112.800118996192992, -7.285290800922568 ], [ 112.800111844180165, -7.285299680656463 ], [ 112.800106839776163, -7.285306398831688 ], [ 112.800102587524961, -7.285321486839172 ], [ 112.800102160884094, -7.285334645834078 ], [ 112.800099337507746, -7.285347575143133 ], [ 112.800096501718585, -7.285357394595047 ], [ 112.800095806854927, -7.285363377949846 ], [ 112.800092483316092, -7.285371046330498 ], [ 112.80008963797853, -7.285378473584577 ], [ 112.800093028355192, -7.285387550588821 ], [ 112.800100457185863, -7.285387999473022 ], [ 112.800101810281177, -7.285390864771358 ], [ 112.800098185499081, -7.285395089531248 ], [ 112.800096284915412, -7.285399116050831 ], [ 112.800094201835577, -7.285405439843058 ], [ 112.800093458865405, -7.285411375544598 ], [ 112.800091363563695, -7.285414637323568 ], [ 112.800088686399732, -7.285416179008275 ], [ 112.800083893309733, -7.285415815324593 ], [ 112.800080635811256, -7.285416019666618 ], [ 112.800077954064079, -7.285416413096282 ], [ 112.800075467798678, -7.285417762642368 ], [ 112.800072597444426, -7.285418922338062 ], [ 112.800068570240484, -7.285418364227529 ], [ 112.800063787080518, -7.285420488429416 ], [ 112.800062264474477, -7.285423173792716 ], [ 112.800060747979231, -7.285427390162644 ], [ 112.800061915522818, -7.285431787230515 ], [ 112.800060777769446, -7.285434853820067 ], [ 112.800057339302171, -7.28543773818628 ], [ 112.800053701533884, -7.285438709556889 ], [ 112.800051214504393, -7.285439867727042 ], [ 112.800050650974626, -7.285442740652662 ], [ 112.800047785203176, -7.285445048603219 ], [ 112.800044912557112, -7.285445634171285 ], [ 112.800042046785649, -7.285447942121818 ], [ 112.800039763640129, -7.285452161542551 ], [ 112.800035583576644, -7.285461326086832 ], [ 112.80001961953424, -7.285456949623966 ], [ 112.800021576771258, -7.285447908752537 ], [ 112.800022023317766, -7.285444538707389 ], [ 112.800019869364831, -7.285442710041554 ], [ 112.800017110646834, -7.285443027225652 ], [ 112.800015277408491, -7.285444718654856 ], [ 112.800014370260854, -7.28544793742979 ], [ 112.800012099030823, -7.285455142313519 ], [ 112.799998287108423, -7.285452135213679 ], [ 112.800000701280624, -7.285442327008457 ], [ 112.800001607206269, -7.285438802032147 ], [ 112.800000522897108, -7.285436050491136 ], [ 112.799997607793784, -7.285435602781935 ], [ 112.799994697578953, -7.285436379878067 ], [ 112.799993175277947, -7.28543914179156 ], [ 112.799991967580695, -7.285443892793495 ], [ 112.799990453834468, -7.28544879811639 ], [ 112.79997372619782, -7.285445190205792 ] ] ] ] } },
{ "type": "Feature", "properties": { "Id": 0 }, "geometry": { "type": "MultiPolygon", "coordinates": [ [ [ [ 112.794220840194527, -7.2863861071481 ], [ 112.795459755914635, -7.286189428544915 ], [ 112.795493727124153, -7.286345459222908 ], [ 112.794255997563226, -7.286551319525672 ], [ 112.794220840194527, -7.2863861071481 ] ] ] ] } },
{ "type": "Feature", "properties": { "Id": 0 }, "geometry": { "type": "MultiPolygon", "coordinates": [ [ [ [ 112.797141960640687, -7.278593074385313 ], [ 112.797145068915199, -7.278374376839191 ], [ 112.797147309172615, -7.278365158778988 ], [ 112.797152835070037, -7.278366667879195 ], [ 112.797183859102816, -7.27837955852315 ], [ 112.797193083154127, -7.278385646044851 ], [ 112.797203695689547, -7.278393871502137 ], [ 112.79721586100851, -7.278406990103336 ], [ 112.797222647053189, -7.278416914885864 ], [ 112.797226045256593, -7.27842317863517 ], [ 112.797228220494389, -7.278430365859106 ], [ 112.797230420723011, -7.27844383022199 ], [ 112.797233402219931, -7.2784609659645 ], [ 112.7972328227074, -7.278507970999336 ], [ 112.797232701075416, -7.278515932857381 ], [ 112.797232433429983, -7.278525732535431 ], [ 112.797229391863112, -7.278532021847076 ], [ 112.797226668533128, -7.278541218859495 ], [ 112.79722165381807, -7.278552568414754 ], [ 112.797217402085138, -7.27856299632114 ], [ 112.797212832115079, -7.278570516526726 ], [ 112.797207488190907, -7.278576202564012 ], [ 112.79720274965436, -7.278579895854371 ], [ 112.797198017213049, -7.278585120154254 ], [ 112.797192058757787, -7.278590502424079 ], [ 112.797181040481007, -7.27859590477844 ], [ 112.797174758302859, -7.278597001438612 ], [ 112.797165558627498, -7.278597037955798 ], [ 112.797159732166421, -7.278597061083252 ], [ 112.797155747468949, -7.278597536210126 ], [ 112.797151148850233, -7.278597860670453 ], [ 112.797145166013621, -7.278597118901557 ], [ 112.797143013327542, -7.278595596412539 ], [ 112.797141960640687, -7.278593074385313 ] ] ] ] } },
{ "type": "Feature", "properties": { "Id": 0 }, "geometry": { "type": "MultiPolygon", "coordinates": [ [ [ [ 112.796987035511123, -7.279166931356218 ], [ 112.797378513805185, -7.278807498201162 ], [ 112.797435080166991, -7.278813971902389 ], [ 112.797479181010388, -7.278818581295055 ], [ 112.797520395523108, -7.278820331455111 ], [ 112.797568321944212, -7.278823011858284 ], [ 112.797594176985612, -7.278818124723382 ], [ 112.797625728476291, -7.278799818427438 ], [ 112.797650583298392, -7.278784409406949 ], [ 112.797795976329212, -7.278957030223932 ], [ 112.797732094159144, -7.279038620035717 ], [ 112.797684285854189, -7.279065602956718 ], [ 112.797612485738085, -7.279084069074916 ], [ 112.797481335765568, -7.279119038057593 ], [ 112.797386528791691, -7.279135681697288 ], [ 112.796987035511123, -7.279166931356218 ] ] ] ] } },
{ "type": "Feature", "properties": { "Id": 0 }, "geometry": { "type": "MultiPolygon", "coordinates": [ [ [ [ 112.79784807825817, -7.278524306452618 ], [ 112.7975470695133, -7.278210874242431 ], [ 112.797551623624713, -7.278199373411565 ], [ 112.797591403492476, -7.278177781014621 ], [ 112.797622793005118, -7.278166939160064 ], [ 112.797676421133374, -7.278157540043969 ], [ 112.797724716319564, -7.278156582779154 ], [ 112.797773799482016, -7.27816098099703 ], [ 112.797831416271023, -7.27819060737378 ], [ 112.797868355162521, -7.278225674464539 ], [ 112.797893858501311, -7.278276862807808 ], [ 112.79791631968169, -7.278334187360871 ], [ 112.797911142233133, -7.278381669947658 ], [ 112.797904416262739, -7.278425331100761 ], [ 112.797890763101265, -7.278462130112188 ], [ 112.79784807825817, -7.278524306452618 ] ] ] ] } },
{ "type": "Feature", "properties": { "Id": 0 }, "geometry": { "type": "MultiPolygon", "coordinates": [ [ [ [ 112.790392215023218, -7.277770054831396 ], [ 112.790379175177705, -7.277752244264962 ], [ 112.790361002774389, -7.277712891854051 ], [ 112.790355957376505, -7.277697218649563 ], [ 112.790355537627889, -7.277688034073051 ], [ 112.790362393378956, -7.277676906931102 ], [ 112.790368874916368, -7.277668077827711 ], [ 112.790373459583307, -7.277664232102133 ], [ 112.79037997299524, -7.277663440829166 ], [ 112.790389171168059, -7.277663021700604 ], [ 112.790394145226642, -7.277660705474586 ], [ 112.79040371154106, -7.277656457291891 ], [ 112.7904071477641, -7.277652998866781 ], [ 112.790414408084104, -7.277647228762359 ], [ 112.790418220038035, -7.277641855052455 ], [ 112.790419733587257, -7.277636873190213 ], [ 112.79042123954703, -7.27762997755883 ], [ 112.790425428749643, -7.277623071317952 ], [ 112.790430378521378, -7.277614631030539 ], [ 112.790436091897945, -7.277605422204176 ], [ 112.790446023316349, -7.277596579459458 ], [ 112.790448282255426, -7.27758623601244 ], [ 112.790448251897544, -7.277578580936032 ], [ 112.79044553677933, -7.277570553715371 ], [ 112.790442059574247, -7.277563677787376 ], [ 112.790437429372446, -7.2775560408986 ], [ 112.790433564293636, -7.277548018224678 ], [ 112.790431621888132, -7.277541518987836 ], [ 112.790436583802204, -7.277536140731126 ], [ 112.790442710855913, -7.277534585465706 ], [ 112.790453422574515, -7.277529184474322 ], [ 112.790461813120487, -7.277518434023193 ], [ 112.790467537120833, -7.277511904473577 ], [ 112.790470571807404, -7.277503854518209 ], [ 112.790471302018489, -7.277494665395332 ], [ 112.790475442646823, -7.277475511032397 ], [ 112.790480354469167, -7.277457501899597 ], [ 112.790489893456254, -7.277446364147663 ], [ 112.790499814245223, -7.277434842126125 ], [ 112.790508972946995, -7.277424471397298 ], [ 112.790529036943312, -7.277360853934678 ], [ 112.790538852993365, -7.277322921900464 ], [ 112.790539905807222, -7.277298421109947 ], [ 112.790539404090325, -7.277268567828795 ], [ 112.790537349361102, -7.277233744810771 ], [ 112.79052537688446, -7.277211209321128 ], [ 112.790510369724217, -7.277196723785913 ], [ 112.790493439893481, -7.277180714812725 ], [ 112.790459234860876, -7.277158267224653 ], [ 112.790442686835462, -7.277141873979327 ], [ 112.790431493148688, -7.277122397484913 ], [ 112.790416454121285, -7.277099874114554 ], [ 112.790404884705779, -7.277082312903643 ], [ 112.790391336464467, -7.277049066362173 ], [ 112.790385884992887, -7.277027653363926 ], [ 112.790380368260401, -7.276989781950141 ], [ 112.790377957548628, -7.276961850012331 ], [ 112.790374036323655, -7.276939665443916 ], [ 112.790374317958083, -7.27691401942079 ], [ 112.790373399549949, -7.276875747067028 ], [ 112.790374837215239, -7.276851627512915 ], [ 112.790377044555512, -7.276828270435613 ], [ 112.790381182153482, -7.276808350565837 ], [ 112.790389172678132, -7.276793391341728 ], [ 112.790402399157358, -7.276745494070944 ], [ 112.79041188501715, -7.276720959939031 ], [ 112.790428635736632, -7.276691803967645 ], [ 112.790446568284665, -7.276670681280272 ], [ 112.790463397921428, -7.276661428507744 ], [ 112.790485224371324, -7.276655600817914 ], [ 112.790528875750923, -7.276643562681664 ], [ 112.79055569597692, -7.276640394563697 ], [ 112.79057754670842, -7.276640690930846 ], [ 112.79061511505833, -7.276641307911603 ], [ 112.790641173196846, -7.27663929108132 ], [ 112.790673032735612, -7.276650265143719 ], [ 112.790697606168607, -7.276660502493765 ], [ 112.790722928026284, -7.276666143765507 ], [ 112.790741738006147, -7.276672959064081 ], [ 112.79075863290673, -7.276680164694144 ], [ 112.790788609247684, -7.276699566908442 ], [ 112.790802460363452, -7.276712525968872 ], [ 112.790814396400236, -7.276725875361339 ], [ 112.790824421912049, -7.276740763347321 ], [ 112.790831742934898, -7.276750303390972 ], [ 112.790840633669717, -7.276769023461221 ], [ 112.790846441149881, -7.276783545366453 ], [ 112.790850703207511, -7.276795011304841 ], [ 112.790853444131542, -7.276809545336422 ], [ 112.790856953213193, -7.276824459090024 ], [ 112.790857392701852, -7.276838619462785 ], [ 112.790857832190653, -7.276852779835534 ], [ 112.790856356599335, -7.276867330541234 ], [ 112.790859874790556, -7.276884540817107 ], [ 112.790863377801188, -7.276897923555444 ], [ 112.790868035325587, -7.276912450007309 ], [ 112.790877282060137, -7.276924278992373 ], [ 112.79088347438244, -7.276939182134121 ], [ 112.790881197235962, -7.276944932535512 ], [ 112.790874338470047, -7.27695529417236 ], [ 112.790866329744631, -7.276965660356819 ], [ 112.790858710411044, -7.276977556040327 ], [ 112.790852986422465, -7.276984085592034 ], [ 112.790849153224769, -7.276984100750703 ], [ 112.790841488347397, -7.276984513821682 ], [ 112.790836637011878, -7.27698555369918 ], [ 112.790818490045794, -7.277000935852003 ], [ 112.790799418935535, -7.277024933753442 ], [ 112.790786105211296, -7.27705082268598 ], [ 112.790774723265756, -7.277080531576967 ], [ 112.790761462671185, -7.277119816891116 ], [ 112.790750985891066, -7.277136125610968 ], [ 112.790739577376343, -7.277159136311127 ], [ 112.790732009650526, -7.277184045622078 ], [ 112.790723472238881, -7.277206088069324 ], [ 112.790719726326685, -7.277228111569059 ], [ 112.790715976619254, -7.277249178184388 ], [ 112.790715113197436, -7.277273104084417 ], [ 112.790715268798451, -7.277312336345664 ], [ 112.790712522933305, -7.277344881784567 ], [ 112.790709769477957, -7.277375513454698 ], [ 112.790704122145655, -7.277401372071493 ], [ 112.790699471065338, -7.277436795742962 ], [ 112.790694782033015, -7.277462650570326 ], [ 112.79069106268669, -7.277491372261388 ], [ 112.790687331954729, -7.277517223299249 ], [ 112.790681768115931, -7.27756413337371 ], [ 112.790682840273547, -7.277592836116875 ], [ 112.79068779497365, -7.277633963198812 ], [ 112.790690764758352, -7.277657873940271 ], [ 112.790690886207813, -7.277688494241621 ], [ 112.790689075874397, -7.277715294584668 ], [ 112.790685379301451, -7.277749757582478 ], [ 112.790673978365746, -7.277774682053892 ], [ 112.790660619078253, -7.277789088375923 ], [ 112.790644369705049, -7.277799678529032 ], [ 112.790615677594928, -7.277814145484432 ], [ 112.790570675383876, -7.277823892438133 ], [ 112.790534259931974, -7.277824036438021 ], [ 112.790510306192402, -7.277825088057684 ], [ 112.790478682246231, -7.27782521310619 ], [ 112.790450868736002, -7.277819581688258 ], [ 112.790425903566657, -7.277807240709004 ], [ 112.790392215023218, -7.277770054831396 ] ] ] ] } },
{ "type": "Feature", "properties": { "Id": 0 }, "geometry": { "type": "MultiPolygon", "coordinates": [ [ [ [ 112.798748141661548, -7.27446284610449 ], [ 112.799446717597093, -7.274436652694621 ], [ 112.799445875671523, -7.274513973161557 ], [ 112.799463853872794, -7.274514715746041 ], [ 112.799463569560928, -7.274558810600279 ], [ 112.799467096067161, -7.274558796591884 ], [ 112.799466861006493, -7.274538281695336 ], [ 112.799480967030675, -7.274538225661655 ], [ 112.799481509354692, -7.274558892440686 ], [ 112.79948472920816, -7.274558879650287 ], [ 112.799484954735718, -7.274538516027532 ], [ 112.799499981937842, -7.274538762540453 ], [ 112.799499448538327, -7.2745588211796 ], [ 112.799503127760858, -7.274558653461074 ], [ 112.79950304358502, -7.27453752555274 ], [ 112.799518834978784, -7.274537156616516 ], [ 112.799519264560104, -7.274564802797445 ], [ 112.799514043527154, -7.274577263173193 ], [ 112.79950305750593, -7.27458591886972 ], [ 112.799502624109053, -7.274597403331935 ], [ 112.799500293194257, -7.274613679807132 ], [ 112.79949844142439, -7.27462995437898 ], [ 112.79950378445352, -7.274648114160042 ], [ 112.799508615933007, -7.274658142365167 ], [ 112.799518697039233, -7.274662886793432 ], [ 112.799533243153022, -7.274669862187399 ], [ 112.79953826841728, -7.274776631709202 ], [ 112.799545212465631, -7.274896262798723 ], [ 112.799703718060485, -7.275555620364314 ], [ 112.799926020243149, -7.276318721813163 ], [ 112.800499644811069, -7.278380654382333 ], [ 112.800694021994516, -7.279061190101151 ], [ 112.800931977885782, -7.279898370986096 ], [ 112.800882943213097, -7.279890447973129 ], [ 112.799616704347173, -7.275413612159186 ], [ 112.799459297126887, -7.274871103897149 ], [ 112.799444238000859, -7.274843605140861 ], [ 112.799416634663757, -7.274842566517953 ], [ 112.799391344947296, -7.274844963525321 ], [ 112.799351096750783, -7.27484512340162 ], [ 112.799287877029471, -7.27485226416464 ], [ 112.799243019887058, -7.274850145790177 ], [ 112.799185527031966, -7.274851522421197 ], [ 112.799118866603465, -7.274860973375972 ], [ 112.798841744746085, -7.274577301873634 ], [ 112.798785182358273, -7.274523557574873 ], [ 112.798748141661548, -7.27446284610449 ] ] ] ] } },
{ "type": "Feature", "properties": { "Id": 0 }, "geometry": { "type": "MultiPolygon", "coordinates": [ [ [ [ 112.795006540037377, -7.28066456956188 ], [ 112.794964578613389, -7.280716025653523 ], [ 112.794649210333944, -7.280454703566212 ], [ 112.794645294923797, -7.280434050108254 ], [ 112.794644433912907, -7.280410322468781 ], [ 112.794648960717083, -7.280391932092689 ], [ 112.794653505785661, -7.280378134751259 ], [ 112.794661120472853, -7.280365090757313 ], [ 112.794671798690104, -7.280351269099144 ], [ 112.794690937383862, -7.280344303556957 ], [ 112.794715469979806, -7.280344206288219 ], [ 112.794739229843316, -7.280342581046379 ], [ 112.794778377375451, -7.280354674111156 ], [ 112.794899811513446, -7.28043074437678 ], [ 112.794968182854575, -7.280465687069555 ], [ 112.795017375931579, -7.280497643733431 ], [ 112.795057357109982, -7.280526574851804 ], [ 112.79507505994907, -7.280544111552617 ], [ 112.79508051780256, -7.280567055437719 ], [ 112.795079057592517, -7.280585433652584 ], [ 112.795006540037377, -7.28066456956188 ] ] ] ] } },
{ "type": "Feature", "properties": { "Id": 0 }, "geometry": { "type": "MultiPolygon", "coordinates": [ [ [ [ 112.796418710279113, -7.286030067377858 ], [ 112.797547316314706, -7.285856787096874 ], [ 112.797563740972748, -7.285938249329177 ], [ 112.796435194223335, -7.286126457043069 ], [ 112.796418710279113, -7.286030067377858 ] ] ] ] } },
{ "type": "Feature", "properties": { "Id": 0 }, "geometry": { "type": "MultiPolygon", "coordinates": [ [ [ [ 112.79168611953132, -7.282851523559303 ], [ 112.791688978951569, -7.282815537927653 ], [ 112.791693290719266, -7.282761274596519 ], [ 112.791706934163059, -7.282589572742798 ], [ 112.791727191498026, -7.282334635627303 ], [ 112.791958963975134, -7.282370958440845 ], [ 112.79201468762065, -7.282405625501644 ], [ 112.791940233574365, -7.28289118550316 ], [ 112.79168611953132, -7.282851523559303 ] ] ] ] } },
{ "type": "Feature", "properties": { "Id": 0 }, "geometry": { "type": "MultiPolygon", "coordinates": [ [ [ [ 112.79007381712924, -7.278801159296451 ], [ 112.790036745683636, -7.27895711146977 ], [ 112.790007154190135, -7.278744796728589 ], [ 112.789961406687482, -7.278228251722165 ], [ 112.789913995054192, -7.277581957637683 ], [ 112.789823137043484, -7.276419109264688 ], [ 112.789815827674872, -7.276315792959895 ], [ 112.789820277315982, -7.276277882138327 ], [ 112.789860412067483, -7.276249016530055 ], [ 112.789979857498452, -7.276210651232691 ], [ 112.790574925474758, -7.276054429544129 ], [ 112.791137907942371, -7.275927041035775 ], [ 112.791857170003041, -7.275770326693583 ], [ 112.792668413999721, -7.275609802449264 ], [ 112.793314214198247, -7.275487825110464 ], [ 112.794031187771537, -7.275334561549865 ], [ 112.794479222303394, -7.275220255630859 ], [ 112.795147855578307, -7.275056847506118 ], [ 112.795643028162559, -7.274940057204647 ], [ 112.796408146412617, -7.274748706317903 ], [ 112.797003235700288, -7.274599366728416 ], [ 112.797021899864021, -7.274665892672689 ], [ 112.796864489251107, -7.274699817083722 ], [ 112.796370494911315, -7.27482349356751 ], [ 112.795663996633763, -7.275007722390786 ], [ 112.794863237955482, -7.275201509978196 ], [ 112.794160114803788, -7.275367350928662 ], [ 112.793431641735424, -7.275520660227864 ], [ 112.792790432266756, -7.275640323010873 ], [ 112.792160726353941, -7.275761087726936 ], [ 112.79157821365088, -7.275893147760162 ], [ 112.790804980634732, -7.276069595879606 ], [ 112.790001952489988, -7.276272571016452 ], [ 112.789939963992566, -7.276300374726656 ], [ 112.789897538430566, -7.276331545955076 ], [ 112.789881561904323, -7.276362612652334 ], [ 112.789915290479456, -7.276748397066904 ], [ 112.78991448580355, -7.276787154691422 ], [ 112.789915970067824, -7.276831191735583 ], [ 112.790014811999839, -7.278228018265688 ], [ 112.79007381712924, -7.278801159296451 ] ] ] ] } },
{ "type": "Feature", "properties": { "Id": 0 }, "geometry": { "type": "MultiPolygon", "coordinates": [ [ [ [ 112.796109894214936, -7.281176464325931 ], [ 112.796096581531287, -7.281202544742054 ], [ 112.79609578595111, -7.281207316433665 ], [ 112.796093453029201, -7.281223114484524 ], [ 112.796087766989473, -7.281239165066148 ], [ 112.796080605404796, -7.281245652537895 ], [ 112.796071511974077, -7.281248320089718 ], [ 112.796056171465324, -7.281246467173377 ], [ 112.796025709077526, -7.281237497540314 ], [ 112.796006473458903, -7.281220110509564 ], [ 112.795984089072917, -7.281194123903116 ], [ 112.79588617019084, -7.281091167612692 ], [ 112.795893818546148, -7.281086592005727 ], [ 112.795904588058278, -7.281083678583264 ], [ 112.795930694265564, -7.281081661201711 ], [ 112.795950337622983, -7.281081104808457 ], [ 112.795963276650426, -7.281081531914147 ], [ 112.795973336001168, -7.28108077432551 ], [ 112.795984364130121, -7.281082644358118 ], [ 112.796000909179838, -7.281086167067556 ], [ 112.796016507349421, -7.281092564223453 ], [ 112.796022526273418, -7.281099956287717 ], [ 112.796023772712431, -7.281112151772987 ], [ 112.796019807501864, -7.281139199836092 ], [ 112.796017919453945, -7.281146384052631 ], [ 112.796017479337479, -7.281156193989041 ], [ 112.796019450218708, -7.281169821944383 ], [ 112.796021857408007, -7.281172683081841 ], [ 112.79602952099637, -7.28117193499841 ], [ 112.796042713884177, -7.281175949455965 ], [ 112.796046305625879, -7.28117545675462 ], [ 112.796050611336113, -7.281173765099305 ], [ 112.796052508904779, -7.281168973086369 ], [ 112.796054405521232, -7.281163941853097 ], [ 112.796057027531717, -7.281160582310195 ], [ 112.796060835046418, -7.281154108149016 ], [ 112.796064175785958, -7.281150745753989 ], [ 112.796068008055897, -7.281150491322173 ], [ 112.796086976484077, -7.281160941910875 ], [ 112.796109894214936, -7.281176464325931 ] ] ] ] } },
{ "type": "Feature", "properties": { "Id": 0 }, "geometry": { "type": "MultiPolygon", "coordinates": [ [ [ [ 112.791444073930919, -7.287980641290451 ], [ 112.791786829339046, -7.287994210871328 ], [ 112.791769794107978, -7.288337613546799 ], [ 112.79142477039845, -7.288332090950997 ], [ 112.791444073930919, -7.287980641290451 ] ] ] ] } },
{ "type": "Feature", "properties": { "Id": 0 }, "geometry": { "type": "MultiPolygon", "coordinates": [ [ [ [ 112.793510478113362, -7.285942280053536 ], [ 112.793507264601914, -7.285905356545435 ], [ 112.79352399328674, -7.285894764338253 ], [ 112.79352653673844, -7.285931881882444 ], [ 112.793510478113362, -7.285942280053536 ] ] ] ] } },
{ "type": "Feature", "properties": { "Id": 0 }, "geometry": { "type": "MultiPolygon", "coordinates": [ [ [ [ 112.793629752082737, -7.285884441078083 ], [ 112.793624950833177, -7.285833840233084 ], [ 112.79409144601027, -7.285539562302773 ], [ 112.794187934611315, -7.28551162094696 ], [ 112.794398733610578, -7.285503129587734 ], [ 112.794479244306686, -7.285505872269528 ], [ 112.794542973936444, -7.285530116008642 ], [ 112.794676140708091, -7.285636913006779 ], [ 112.794649904487756, -7.285638707688767 ], [ 112.794626193088746, -7.285652581083549 ], [ 112.794479405743431, -7.285546444070257 ], [ 112.794239452614548, -7.285549692491134 ], [ 112.794184290167962, -7.28555909751103 ], [ 112.794113091962757, -7.285584642004565 ], [ 112.793629752082737, -7.285884441078083 ] ] ] ] } },
{ "type": "Feature", "properties": { "Id": 0 }, "geometry": { "type": "MultiPolygon", "coordinates": [ [ [ [ 112.793585248576491, -7.285899258086404 ], [ 112.793581935422807, -7.285861378077635 ], [ 112.793599125755634, -7.285846382308785 ], [ 112.793603892369987, -7.285888275523622 ], [ 112.793585248576491, -7.285899258086404 ] ] ] ] } }
]
}
